gender,occupation_type,chronotype,bedtime_phone_minutes,primary_bedtime_app,screen_brightness_pct,blue_light_filter_active,caffeine_post_5pm_mg,physical_activity_min,sleep_latency_min,total_sleep_hours,deep_sleep_pct,rem_sleep_pct,morning_alarm_snoozes,next_day_fatigue_score,sleep_debt_category,kelompok_umur
Female,Healthcare / Shift Worker,Intermediate,179,Instagram / Reddit,54,1,0,21,84.4,3.2,23.5,22.2,7,10.0,Severe Sleep Debt,25-34
Female,Student,Intermediate,163,YouTube,76,1,92,72,86.7,4.06,18.0,21.5,7,10.0,Severe Sleep Debt,55+
Female,Healthcare / Shift Worker,Night Owl,100,TikTok / Reels,59,0,45,23,70.5,3.2,18.1,20.5,7,10.0,Severe Sleep Debt,35-44
Non-Binary,Remote Tech,Intermediate,34,YouTube,52,0,97,49,38.1,6.99,21.6,22.4,1,1.7,Mild Deficit,35-44
Female,Healthcare / Shift Worker,Intermediate,27,TikTok / Reels,82,1,0,38,32.3,4.58,24.1,22.8,4,5.3,Moderate Debt,<25
Male,Healthcare / Shift Worker,Intermediate,76,TikTok / Reels,39,0,136,42,50.6,5.87,21.4,17.5,4,5.0,Moderate Debt,<25
Female,Remote Tech,Night Owl,53,TikTok / Reels,32,0,0,64,36.2,4.43,22.7,19.0,6,6.4,Moderate Debt,<25
Male,Remote Tech,Morning Lark,113,YouTube,34,1,39,58,60.2,5.94,19.3,19.9,3,4.5,Moderate Debt,45-54
Male,Freelance / Creative,Morning Lark,65,News / Reading,35,1,0,25,28.2,8.0,22.2,18.5,1,1.0,Optimal Recovery,35-44
Female,Student,Night Owl,70,Streaming (Netflix/Hulu),63,1,115,59,53.7,4.7,23.5,16.6,4,7.3,Moderate Debt,35-44
Female,Freelance / Creative,Intermediate,23,YouTube,49,0,0,34,19.7,7.54,25.4,22.1,2,1.0,Mild Deficit,<25
Male,Healthcare / Shift Worker,Intermediate,29,TikTok / Reels,75,1,91,70,44.3,5.54,15.9,15.9,4,5.0,Moderate Debt,55+
Male,Student,Intermediate,58,TikTok / Reels,64,1,0,52,42.3,7.64,21.9,20.0,2,1.0,Mild Deficit,45-54
Male,Corporate 9-to-5,Night Owl,47,Instagram / Reddit,62,1,0,46,33.2,5.76,23.0,23.9,1,3.3,Moderate Debt,<25
Female,Corporate 9-to-5,Morning Lark,42,YouTube,20,1,128,68,26.5,8.01,24.3,16.7,0,1.0,Optimal Recovery,<25
Female,Freelance / Creative,Morning Lark,23,TikTok / Reels,66,0,0,87,27.6,8.76,27.5,19.1,0,1.0,Optimal Recovery,<25
Male,Corporate 9-to-5,Night Owl,28,Streaming (Netflix/Hulu),80,1,0,52,36.7,6.67,21.9,15.7,2,1.7,Moderate Debt,25-34
Male,Corporate 9-to-5,Intermediate,15,YouTube,57,1,21,32,20.8,7.36,26.2,16.7,1,1.0,Mild Deficit,25-34
Female,Student,Intermediate,36,YouTube,36,1,0,25,36.8,7.3,22.4,21.2,2,2.0,Mild Deficit,25-34
Male,Student,Night Owl,48,News / Reading,24,1,0,62,26.1,5.71,25.2,19.2,4,3.3,Moderate Debt,25-34
Female,Corporate 9-to-5,Intermediate,50,TikTok / Reels,75,0,62,9,49.1,7.21,20.7,14.5,3,2.4,Mild Deficit,35-44
Female,Corporate 9-to-5,Morning Lark,111,Instagram / Reddit,57,0,0,17,65.8,6.68,19.0,21.3,3,4.0,Moderate Debt,<25
Female,Remote Tech,Morning Lark,8,Messaging / Chat,28,0,0,55,18.2,8.97,27.5,21.5,0,1.0,Optimal Recovery,25-34
Female,Corporate 9-to-5,Intermediate,151,TikTok / Reels,63,1,0,9,81.4,4.37,18.4,19.8,4,7.8,Moderate Debt,25-34
Male,Healthcare / Shift Worker,Night Owl,81,Messaging / Chat,55,1,0,11,50.5,3.2,22.3,20.9,5,8.0,Moderate Debt,25-34
Female,Corporate 9-to-5,Morning Lark,56,Instagram / Reddit,87,0,0,45,39.8,6.91,21.9,21.2,2,2.8,Mild Deficit,35-44
Female,Healthcare / Shift Worker,Morning Lark,26,Streaming (Netflix/Hulu),39,1,0,48,28.6,7.38,23.5,23.8,1,1.3,Mild Deficit,<25
Male,Healthcare / Shift Worker,Night Owl,38,YouTube,62,0,0,35,17.7,4.2,20.0,19.8,4,6.2,Moderate Debt,25-34
Male,Student,Morning Lark,79,News / Reading,79,1,0,19,33.2,7.24,26.2,21.6,2,1.9,Mild Deficit,35-44
Male,Corporate 9-to-5,Intermediate,30,Instagram / Reddit,64,1,0,49,31.7,6.94,22.4,21.4,1,1.3,Mild Deficit,<25
Male,Remote Tech,Morning Lark,84,Streaming (Netflix/Hulu),52,0,32,38,46.3,6.65,17.0,22.7,1,2.5,Moderate Debt,35-44
Female,Remote Tech,Intermediate,52,Streaming (Netflix/Hulu),48,1,130,29,45.0,7.12,19.4,15.0,2,2.7,Mild Deficit,<25
Male,Corporate 9-to-5,Intermediate,52,YouTube,49,0,0,17,33.5,7.22,20.3,20.4,3,2.6,Mild Deficit,<25
Male,Healthcare / Shift Worker,Morning Lark,79,YouTube,45,0,0,45,47.0,6.02,24.6,20.5,3,4.3,Moderate Debt,55+
Male,Remote Tech,Intermediate,22,YouTube,41,0,93,32,18.6,7.13,23.1,21.0,1,1.7,Mild Deficit,55+
Female,Healthcare / Shift Worker,Intermediate,42,YouTube,78,1,0,47,33.9,5.04,19.5,17.3,3,4.7,Moderate Debt,45-54
Female,Corporate 9-to-5,Intermediate,48,Instagram / Reddit,76,1,62,61,36.5,6.23,22.9,17.1,3,2.7,Moderate Debt,25-34
Male,Corporate 9-to-5,Intermediate,77,Streaming (Netflix/Hulu),70,1,0,65,43.6,6.9,21.4,23.0,3,2.4,Mild Deficit,<25
Female,Freelance / Creative,Intermediate,105,Instagram / Reddit,59,0,0,61,68.6,5.19,18.5,20.9,5,7.3,Moderate Debt,35-44
Male,Remote Tech,Intermediate,20,Instagram / Reddit,59,1,117,25,25.4,6.38,15.7,15.9,2,2.8,Moderate Debt,25-34
Male,Remote Tech,Intermediate,52,Instagram / Reddit,24,1,125,12,58.5,6.32,19.1,18.0,3,5.3,Moderate Debt,<25
Male,Remote Tech,Intermediate,19,YouTube,69,1,66,29,16.1,7.62,21.3,21.1,1,1.0,Mild Deficit,25-34
Male,Corporate 9-to-5,Intermediate,52,Instagram / Reddit,55,0,0,37,35.9,8.35,18.0,22.4,0,1.0,Optimal Recovery,<25
Male,Student,Intermediate,70,TikTok / Reels,31,1,0,63,48.0,6.91,27.9,23.2,3,2.5,Mild Deficit,45-54
Female,Corporate 9-to-5,Morning Lark,38,TikTok / Reels,76,0,135,34,47.0,7.55,17.3,14.6,3,2.8,Mild Deficit,25-34
Male,Remote Tech,Morning Lark,108,Streaming (Netflix/Hulu),52,1,204,59,59.4,5.64,15.4,13.3,5,6.4,Moderate Debt,35-44
Male,Remote Tech,Intermediate,71,TikTok / Reels,70,0,163,38,60.5,6.15,18.9,15.9,4,6.9,Moderate Debt,25-34
Female,Freelance / Creative,Night Owl,67,TikTok / Reels,64,0,0,41,47.1,5.27,14.0,22.1,4,5.7,Moderate Debt,25-34
Female,Remote Tech,Night Owl,57,Streaming (Netflix/Hulu),37,0,0,71,23.4,6.05,21.3,20.8,3,2.7,Moderate Debt,25-34
Female,Corporate 9-to-5,Intermediate,79,YouTube,70,0,0,68,35.5,5.86,25.5,20.5,2,3.0,Moderate Debt,<25
Male,Remote Tech,Intermediate,114,Instagram / Reddit,42,1,0,9,59.5,5.42,22.9,17.5,5,7.2,Moderate Debt,55+
Female,Corporate 9-to-5,Morning Lark,59,News / Reading,22,0,0,40,24.2,7.5,20.8,20.1,1,1.0,Mild Deficit,35-44
Male,Corporate 9-to-5,Night Owl,40,Streaming (Netflix/Hulu),70,1,0,35,27.1,6.06,26.2,22.4,2,1.8,Moderate Debt,55+
Female,Corporate 9-to-5,Night Owl,180,Streaming (Netflix/Hulu),59,0,0,4,84.7,3.27,16.8,23.4,6,10.0,Severe Sleep Debt,45-54
Female,Remote Tech,Morning Lark,58,YouTube,57,0,0,49,39.3,8.66,22.4,18.2,1,1.0,Optimal Recovery,35-44
Male,Corporate 9-to-5,Night Owl,48,Streaming (Netflix/Hulu),70,0,0,35,34.4,4.43,21.4,18.2,4,6.5,Moderate Debt,45-54
Female,Remote Tech,Intermediate,76,TikTok / Reels,32,0,97,57,53.1,4.96,24.8,15.4,4,6.2,Moderate Debt,<25
Male,Freelance / Creative,Intermediate,11,YouTube,36,0,23,14,19.3,7.57,24.3,20.5,0,1.0,Mild Deficit,<25
Male,Student,Night Owl,19,TikTok / Reels,33,1,0,49,26.5,6.15,28.0,16.6,4,3.1,Moderate Debt,<25
Male,Corporate 9-to-5,Intermediate,9,TikTok / Reels,46,1,0,5,8.7,8.36,25.0,18.5,0,1.0,Optimal Recovery,25-34
Female,Corporate 9-to-5,Night Owl,11,YouTube,62,0,0,41,26.4,5.38,25.7,16.1,3,3.7,Moderate Debt,25-34
Male,Student,Morning Lark,25,Instagram / Reddit,96,1,0,21,28.4,7.81,21.5,20.0,1,1.0,Optimal Recovery,25-34
Male,Healthcare / Shift Worker,Intermediate,38,YouTube,50,0,0,24,22.3,5.59,23.3,20.5,2,4.1,Moderate Debt,45-54
Male,Corporate 9-to-5,Intermediate,37,YouTube,58,0,220,53,39.3,6.37,19.0,15.8,1,3.5,Moderate Debt,25-34
Female,Healthcare / Shift Worker,Intermediate,48,YouTube,26,0,0,0,27.9,4.27,19.8,20.6,3,5.7,Moderate Debt,25-34
Male,Remote Tech,Intermediate,65,Streaming (Netflix/Hulu),44,0,188,50,43.5,5.93,22.1,18.1,3,5.3,Moderate Debt,25-34
Male,Remote Tech,Intermediate,39,TikTok / Reels,14,1,56,3,31.6,7.82,20.0,18.4,1,1.0,Optimal Recovery,<25
Male,Freelance / Creative,Intermediate,66,Instagram / Reddit,100,0,0,39,44.8,6.3,19.7,21.4,3,5.0,Moderate Debt,45-54
Female,Student,Intermediate,113,TikTok / Reels,17,1,0,0,63.2,5.55,19.3,21.4,2,4.2,Moderate Debt,<25
Female,Healthcare / Shift Worker,Night Owl,165,YouTube,45,1,0,26,61.9,3.2,17.6,20.0,6,8.9,Severe Sleep Debt,55+
Female,Remote Tech,Intermediate,125,Instagram / Reddit,52,0,0,39,69.0,4.61,20.2,15.9,6,8.0,Moderate Debt,35-44
Female,Remote Tech,Intermediate,151,TikTok / Reels,90,0,0,27,102.2,3.54,18.3,17.3,6,10.0,Severe Sleep Debt,<25
Female,Student,Morning Lark,49,YouTube,59,1,0,56,27.6,7.86,19.4,21.8,1,1.0,Optimal Recovery,<25
Female,Corporate 9-to-5,Intermediate,12,News / Reading,27,0,0,0,17.5,6.7,23.3,21.3,2,1.0,Moderate Debt,45-54
Male,Remote Tech,Morning Lark,46,Streaming (Netflix/Hulu),49,1,71,54,30.7,7.8,20.6,16.3,2,1.0,Optimal Recovery,35-44
Female,Corporate 9-to-5,Morning Lark,23,Messaging / Chat,56,1,0,59,21.7,8.58,25.3,20.9,0,1.0,Optimal Recovery,35-44
Male,Corporate 9-to-5,Intermediate,50,Streaming (Netflix/Hulu),42,0,20,44,32.4,6.79,21.3,21.0,2,1.0,Mild Deficit,35-44
Female,Remote Tech,Morning Lark,19,Streaming (Netflix/Hulu),40,0,68,0,19.0,8.75,22.9,18.2,0,1.0,Optimal Recovery,<25
Female,Student,Intermediate,56,TikTok / Reels,39,1,48,17,53.7,6.06,25.5,16.5,4,5.8,Moderate Debt,25-34
Female,Freelance / Creative,Night Owl,29,YouTube,39,0,0,42,26.4,3.77,20.7,19.1,4,6.4,Moderate Debt,<25
Female,Remote Tech,Morning Lark,29,Streaming (Netflix/Hulu),36,1,177,22,44.3,8.83,21.2,18.2,1,1.0,Optimal Recovery,45-54
Male,Student,Night Owl,105,Messaging / Chat,37,0,58,20,54.0,4.15,18.8,17.1,6,8.3,Moderate Debt,35-44
Male,Corporate 9-to-5,Morning Lark,57,TikTok / Reels,48,0,0,58,36.1,6.83,23.8,23.5,2,1.0,Mild Deficit,25-34
Female,Freelance / Creative,Intermediate,52,TikTok / Reels,70,0,0,29,39.8,7.18,23.5,20.9,2,2.0,Mild Deficit,<25
Female,Remote Tech,Intermediate,89,News / Reading,29,1,20,39,29.7,6.45,19.3,22.2,3,1.7,Moderate Debt,25-34
Female,Healthcare / Shift Worker,Night Owl,66,TikTok / Reels,38,1,0,0,47.7,3.2,20.3,18.0,5,8.3,Moderate Debt,25-34
Male,Healthcare / Shift Worker,Morning Lark,88,TikTok / Reels,56,0,0,24,55.1,5.54,20.6,18.4,3,4.8,Moderate Debt,35-44
Male,Corporate 9-to-5,Intermediate,47,Instagram / Reddit,65,1,0,42,32.2,7.18,26.1,20.3,1,1.0,Mild Deficit,35-44
Male,Remote Tech,Morning Lark,84,Instagram / Reddit,84,1,58,32,52.1,6.5,21.1,18.7,2,3.5,Moderate Debt,45-54
Male,Freelance / Creative,Intermediate,13,Messaging / Chat,69,0,0,51,27.9,6.7,23.3,19.1,1,1.0,Moderate Debt,25-34
Male,Corporate 9-to-5,Night Owl,46,YouTube,58,0,0,51,23.4,6.32,22.7,22.6,3,2.3,Moderate Debt,<25
Female,Student,Night Owl,62,Instagram / Reddit,54,0,0,87,45.1,5.86,28.0,24.3,3,4.3,Moderate Debt,35-44
Female,Freelance / Creative,Night Owl,38,YouTube,52,1,0,32,35.1,5.21,24.5,24.7,3,4.1,Moderate Debt,35-44
Male,Corporate 9-to-5,Intermediate,48,Instagram / Reddit,31,0,0,20,37.1,7.27,23.3,19.5,2,1.4,Mild Deficit,25-34
Male,Healthcare / Shift Worker,Night Owl,91,YouTube,62,1,77,54,47.5,3.2,24.7,16.4,6,10.0,Severe Sleep Debt,35-44
Male,Freelance / Creative,Intermediate,93,TikTok / Reels,46,1,0,49,67.6,5.43,27.5,17.9,3,4.3,Moderate Debt,25-34
Male,Student,Morning Lark,62,News / Reading,58,0,0,27,34.1,7.04,20.4,19.5,1,1.0,Mild Deficit,25-34
Female,Corporate 9-to-5,Night Owl,117,TikTok / Reels,36,0,109,51,75.5,3.37,22.7,14.6,7,10.0,Severe Sleep Debt,25-34
Male,Corporate 9-to-5,Intermediate,22,Instagram / Reddit,53,0,129,11,39.9,6.91,22.0,15.5,2,3.1,Mild Deficit,<25
Male,Corporate 9-to-5,Morning Lark,43,Messaging / Chat,36,0,0,40,26.2,8.19,22.4,22.5,2,1.0,Optimal Recovery,<25
Female,Healthcare / Shift Worker,Morning Lark,44,TikTok / Reels,65,0,0,33,53.4,7.26,23.7,19.2,1,2.1,Mild Deficit,<25
Male,Healthcare / Shift Worker,Intermediate,110,YouTube,49,0,0,26,52.0,4.92,19.6,21.4,5,7.3,Moderate Debt,35-44
Male,Student,Intermediate,71,YouTube,58,1,0,23,49.0,7.12,20.7,21.2,2,2.1,Mild Deficit,25-34
Female,Remote Tech,Intermediate,129,YouTube,46,1,55,67,69.3,4.9,19.5,19.9,3,6.4,Moderate Debt,25-34
Female,Corporate 9-to-5,Night Owl,14,Streaming (Netflix/Hulu),68,0,0,23,14.3,6.64,21.8,19.1,2,2.4,Moderate Debt,45-54
Female,Student,Night Owl,63,TikTok / Reels,62,0,0,33,51.8,5.3,21.1,17.9,6,6.2,Moderate Debt,25-34
Male,Student,Night Owl,52,News / Reading,38,1,0,31,39.0,5.63,25.3,19.3,4,4.3,Moderate Debt,25-34
Female,Freelance / Creative,Intermediate,5,Messaging / Chat,36,1,0,17,33.5,8.05,20.0,17.9,0,1.0,Optimal Recovery,35-44
Male,Student,Night Owl,28,Streaming (Netflix/Hulu),72,0,0,34,17.1,4.9,28.0,18.4,4,3.6,Moderate Debt,25-34
Male,Healthcare / Shift Worker,Night Owl,23,TikTok / Reels,10,0,0,62,31.8,3.63,26.7,14.9,4,8.1,Moderate Debt,<25
Female,Student,Intermediate,70,TikTok / Reels,82,1,0,1,43.1,7.73,19.3,18.0,2,1.5,Mild Deficit,25-34
Male,Student,Intermediate,107,TikTok / Reels,40,0,0,35,56.3,5.97,21.4,16.6,2,4.0,Moderate Debt,<25
Non-Binary,Remote Tech,Intermediate,40,Streaming (Netflix/Hulu),67,0,0,69,28.0,7.94,18.2,19.0,1,1.0,Optimal Recovery,55+
Female,Freelance / Creative,Morning Lark,22,TikTok / Reels,62,1,20,0,29.8,7.72,17.3,16.2,0,1.0,Mild Deficit,45-54
Female,Student,Intermediate,18,Messaging / Chat,47,0,0,22,29.5,7.28,19.6,20.6,3,1.6,Mild Deficit,35-44
Male,Remote Tech,Intermediate,134,Instagram / Reddit,61,1,0,49,82.4,5.4,22.3,19.3,5,6.3,Moderate Debt,45-54
Male,Corporate 9-to-5,Morning Lark,31,Instagram / Reddit,56,0,0,0,29.9,7.0,16.6,19.3,3,2.7,Mild Deficit,45-54
Female,Corporate 9-to-5,Morning Lark,2,YouTube,70,0,70,0,23.3,8.29,16.0,19.1,2,1.0,Optimal Recovery,<25
Female,Remote Tech,Intermediate,34,Instagram / Reddit,39,1,0,15,31.7,8.56,23.2,18.3,1,1.0,Optimal Recovery,45-54
Female,Corporate 9-to-5,Night Owl,14,YouTube,68,1,63,20,23.7,5.85,24.4,20.6,4,4.7,Moderate Debt,25-34
Non-Binary,Corporate 9-to-5,Night Owl,54,YouTube,16,1,0,27,29.8,5.72,25.4,20.8,4,3.2,Moderate Debt,45-54
Female,Remote Tech,Intermediate,51,Instagram / Reddit,66,1,0,42,49.1,5.67,24.1,20.2,3,4.7,Moderate Debt,45-54
Female,Corporate 9-to-5,Intermediate,40,Instagram / Reddit,55,1,0,12,26.6,7.35,19.9,19.1,3,1.5,Mild Deficit,25-34
Male,Healthcare / Shift Worker,Intermediate,16,TikTok / Reels,64,0,0,14,28.4,4.7,19.3,20.2,3,4.8,Moderate Debt,<25
Female,Remote Tech,Morning Lark,49,Streaming (Netflix/Hulu),67,1,0,38,30.5,7.81,26.2,19.0,0,1.0,Optimal Recovery,25-34
Male,Remote Tech,Morning Lark,44,Messaging / Chat,84,1,0,59,24.5,7.37,20.9,19.6,1,1.0,Mild Deficit,25-34
Female,Corporate 9-to-5,Night Owl,48,YouTube,57,0,20,29,41.1,5.88,22.1,22.9,3,4.1,Moderate Debt,45-54
Male,Corporate 9-to-5,Intermediate,37,Instagram / Reddit,37,0,0,68,32.3,6.73,19.7,19.7,1,2.0,Moderate Debt,45-54
Female,Remote Tech,Night Owl,81,TikTok / Reels,91,0,51,32,63.7,3.47,17.5,16.6,5,9.8,Severe Sleep Debt,<25
Male,Healthcare / Shift Worker,Night Owl,94,YouTube,62,1,0,35,47.8,3.58,18.7,22.1,5,8.0,Moderate Debt,25-34
Male,Student,Morning Lark,18,Messaging / Chat,72,0,89,21,32.4,8.98,20.7,15.6,1,1.0,Optimal Recovery,25-34
Female,Corporate 9-to-5,Intermediate,77,News / Reading,47,1,119,43,31.6,6.31,21.9,14.6,2,2.8,Moderate Debt,25-34
Female,Student,Intermediate,98,YouTube,47,0,113,61,51.7,5.68,16.0,17.8,4,6.9,Moderate Debt,<25
Female,Corporate 9-to-5,Intermediate,175,Messaging / Chat,57,0,0,48,75.5,4.06,19.4,18.8,5,9.5,Severe Sleep Debt,25-34
Female,Freelance / Creative,Intermediate,57,Streaming (Netflix/Hulu),66,1,0,16,27.6,6.48,22.4,14.6,2,1.7,Moderate Debt,55+
Male,Freelance / Creative,Night Owl,37,YouTube,60,0,20,37,19.6,5.7,19.7,19.6,4,4.4,Moderate Debt,25-34
Male,Remote Tech,Night Owl,85,Instagram / Reddit,35,0,0,18,38.5,4.8,20.2,16.1,4,5.8,Moderate Debt,25-34
Female,Student,Night Owl,38,YouTube,85,0,60,32,36.0,4.21,23.2,14.9,5,6.9,Moderate Debt,35-44
Male,Healthcare / Shift Worker,Morning Lark,101,TikTok / Reels,31,0,0,55,51.6,5.7,27.4,20.1,2,2.4,Moderate Debt,25-34
Male,Student,Morning Lark,47,Instagram / Reddit,62,1,0,26,36.1,7.85,21.2,20.6,3,1.1,Optimal Recovery,55+
Male,Student,Morning Lark,29,Instagram / Reddit,55,0,221,48,40.5,7.94,19.1,18.9,2,2.2,Optimal Recovery,55+
Female,Freelance / Creative,Intermediate,55,YouTube,100,0,0,63,34.7,7.27,23.5,18.8,3,2.7,Mild Deficit,25-34
Female,Remote Tech,Intermediate,43,Streaming (Netflix/Hulu),46,1,0,37,35.6,5.98,27.5,21.4,3,1.9,Moderate Debt,25-34
Female,Student,Intermediate,40,TikTok / Reels,30,0,0,23,34.3,6.17,22.7,18.7,1,4.0,Moderate Debt,25-34
Male,Healthcare / Shift Worker,Intermediate,9,TikTok / Reels,68,1,0,77,17.4,6.49,24.0,20.1,3,1.0,Moderate Debt,25-34
Female,Student,Night Owl,97,YouTube,45,0,20,0,57.3,3.42,17.5,20.6,5,8.1,Moderate Debt,<25
Female,Student,Night Owl,96,YouTube,76,0,0,42,61.0,4.08,21.4,17.9,5,8.6,Severe Sleep Debt,35-44
Female,Corporate 9-to-5,Morning Lark,69,News / Reading,73,0,23,11,38.9,7.24,17.0,21.4,1,1.0,Mild Deficit,25-34
Male,Remote Tech,Night Owl,73,Instagram / Reddit,69,0,0,39,43.7,4.37,22.8,20.1,5,7.7,Moderate Debt,<25
Female,Corporate 9-to-5,Intermediate,25,TikTok / Reels,39,0,0,55,41.3,7.16,22.5,22.5,1,1.3,Mild Deficit,25-34
Female,Remote Tech,Intermediate,5,Streaming (Netflix/Hulu),72,1,0,39,25.5,7.39,26.4,19.9,1,1.0,Mild Deficit,45-54
Female,Remote Tech,Night Owl,58,YouTube,100,1,0,78,40.0,5.28,25.7,18.6,4,3.9,Moderate Debt,25-34
Female,Freelance / Creative,Morning Lark,47,YouTube,47,0,0,68,29.8,8.45,24.0,21.4,1,1.0,Optimal Recovery,<25
Male,Student,Night Owl,58,News / Reading,51,0,0,40,39.4,4.52,23.1,21.9,3,6.4,Moderate Debt,25-34
Female,Healthcare / Shift Worker,Intermediate,3,Streaming (Netflix/Hulu),52,0,0,85,10.2,6.36,22.5,19.7,1,1.0,Moderate Debt,55+
Female,Corporate 9-to-5,Night Owl,79,Streaming (Netflix/Hulu),49,0,57,44,44.5,4.05,19.2,19.1,6,9.2,Severe Sleep Debt,25-34
Male,Healthcare / Shift Worker,Night Owl,25,News / Reading,58,0,203,27,42.4,3.53,15.3,19.3,4,8.9,Severe Sleep Debt,35-44
Female,Student,Intermediate,21,TikTok / Reels,55,0,0,17,24.8,6.77,21.2,17.1,3,2.8,Mild Deficit,35-44
Female,Student,Morning Lark,142,TikTok / Reels,54,1,0,46,82.7,5.6,20.2,19.0,4,6.3,Moderate Debt,25-34
Male,Corporate 9-to-5,Morning Lark,122,Instagram / Reddit,37,1,125,41,69.6,6.34,22.9,21.1,4,4.0,Moderate Debt,35-44
Female,Remote Tech,Intermediate,9,Instagram / Reddit,79,0,0,42,18.5,9.03,27.1,18.0,0,1.0,Optimal Recovery,25-34
Female,Student,Morning Lark,30,Messaging / Chat,62,0,0,28,25.9,9.23,15.4,19.4,0,1.0,Optimal Recovery,35-44
Female,Remote Tech,Night Owl,41,Messaging / Chat,74,0,0,43,34.6,6.1,23.4,21.8,2,2.3,Moderate Debt,35-44
Female,Freelance / Creative,Intermediate,113,Instagram / Reddit,67,0,0,86,61.0,6.2,28.0,17.8,5,4.6,Moderate Debt,25-34
Male,Healthcare / Shift Worker,Night Owl,83,Instagram / Reddit,10,1,24,42,42.5,4.98,19.0,19.2,5,7.0,Moderate Debt,<25
Male,Freelance / Creative,Night Owl,16,Streaming (Netflix/Hulu),73,0,0,61,16.8,6.92,27.3,20.2,2,1.0,Mild Deficit,45-54
Male,Student,Morning Lark,54,TikTok / Reels,71,0,77,60,39.0,8.56,23.9,17.0,0,1.0,Optimal Recovery,25-34
Female,Freelance / Creative,Intermediate,41,TikTok / Reels,60,0,0,6,30.8,7.31,20.3,21.3,1,1.0,Mild Deficit,<25
Female,Healthcare / Shift Worker,Intermediate,42,Instagram / Reddit,98,0,196,42,47.2,5.64,20.0,19.2,4,5.7,Moderate Debt,<25
Male,Corporate 9-to-5,Intermediate,32,Streaming (Netflix/Hulu),76,0,0,27,29.4,7.74,20.8,21.9,1,1.0,Mild Deficit,35-44
Male,Remote Tech,Intermediate,41,Instagram / Reddit,75,1,48,10,33.6,6.18,17.6,14.1,3,4.5,Moderate Debt,35-44
Female,Corporate 9-to-5,Morning Lark,77,TikTok / Reels,21,0,35,0,57.3,6.25,28.0,19.6,5,4.7,Moderate Debt,<25
Female,Corporate 9-to-5,Intermediate,45,YouTube,82,0,0,69,28.1,7.6,23.2,22.9,2,1.0,Mild Deficit,25-34
Female,Corporate 9-to-5,Intermediate,48,Instagram / Reddit,69,1,0,59,34.6,6.74,23.3,20.7,3,2.9,Moderate Debt,25-34
Female,Corporate 9-to-5,Night Owl,83,News / Reading,28,1,0,15,47.0,4.79,22.7,21.7,4,5.8,Moderate Debt,35-44
Female,Student,Night Owl,66,Messaging / Chat,61,1,0,28,24.4,5.73,23.2,19.8,2,3.8,Moderate Debt,<25
Female,Remote Tech,Morning Lark,84,Instagram / Reddit,21,0,29,42,41.1,7.83,27.0,19.3,0,1.0,Optimal Recovery,35-44
Male,Corporate 9-to-5,Morning Lark,26,Streaming (Netflix/Hulu),69,0,0,43,13.9,8.88,25.8,19.1,0,1.0,Optimal Recovery,25-34
Male,Student,Night Owl,51,TikTok / Reels,59,1,63,34,51.3,5.79,21.2,16.2,4,4.4,Moderate Debt,55+
Female,Healthcare / Shift Worker,Night Owl,50,Streaming (Netflix/Hulu),43,1,66,22,37.6,3.57,24.3,22.8,4,8.1,Moderate Debt,<25
Female,Freelance / Creative,Intermediate,45,YouTube,69,0,29,61,32.8,6.24,23.4,19.6,3,3.2,Moderate Debt,25-34
Male,Student,Intermediate,39,Instagram / Reddit,40,1,0,6,26.4,8.27,20.1,19.0,1,1.0,Optimal Recovery,<25
Female,Remote Tech,Morning Lark,119,TikTok / Reels,57,1,69,10,81.7,5.22,21.8,17.4,6,8.5,Moderate Debt,55+
Male,Corporate 9-to-5,Intermediate,36,Messaging / Chat,77,1,144,39,38.6,6.81,16.8,18.1,2,2.8,Mild Deficit,45-54
Female,Corporate 9-to-5,Intermediate,101,YouTube,48,0,0,34,57.3,4.21,25.1,17.8,5,7.2,Moderate Debt,25-34
Male,Corporate 9-to-5,Intermediate,155,YouTube,36,1,0,20,65.0,5.23,23.6,22.1,4,6.3,Moderate Debt,35-44
Female,Remote Tech,Intermediate,22,YouTube,77,1,0,0,20.2,6.95,20.9,22.5,2,1.9,Mild Deficit,45-54
Female,Freelance / Creative,Intermediate,16,YouTube,57,0,0,48,18.3,8.09,25.5,21.0,1,1.0,Optimal Recovery,25-34
Female,Corporate 9-to-5,Morning Lark,8,Instagram / Reddit,95,1,0,8,15.5,9.14,21.6,20.0,0,1.0,Optimal Recovery,25-34
Female,Corporate 9-to-5,Intermediate,100,TikTok / Reels,65,0,0,23,75.2,5.43,21.4,22.6,5,7.2,Moderate Debt,25-34
Female,Corporate 9-to-5,Night Owl,102,YouTube,70,1,0,53,75.7,5.2,19.2,22.2,4,7.2,Moderate Debt,<25
Male,Student,Intermediate,23,Messaging / Chat,62,0,0,30,33.0,6.59,22.6,19.7,2,1.2,Moderate Debt,45-54
Female,Remote Tech,Night Owl,84,News / Reading,66,1,0,3,34.7,3.62,18.4,23.9,4,7.1,Moderate Debt,45-54
Female,Remote Tech,Intermediate,28,YouTube,67,0,0,16,32.5,7.26,27.8,16.1,2,1.4,Mild Deficit,35-44
Male,Corporate 9-to-5,Intermediate,53,TikTok / Reels,69,0,64,72,47.6,6.96,22.9,14.6,1,2.2,Mild Deficit,25-34
Male,Remote Tech,Morning Lark,96,YouTube,33,0,88,28,61.7,5.72,20.0,16.9,4,6.0,Moderate Debt,25-34
Male,Corporate 9-to-5,Intermediate,67,TikTok / Reels,38,0,72,28,55.8,7.09,20.6,17.4,3,3.8,Mild Deficit,35-44
Male,Remote Tech,Intermediate,26,Messaging / Chat,68,0,110,53,25.9,7.7,19.7,17.6,2,1.7,Mild Deficit,45-54
Female,Corporate 9-to-5,Intermediate,55,Instagram / Reddit,57,1,0,24,31.3,6.0,23.9,20.2,3,2.7,Moderate Debt,45-54
Male,Healthcare / Shift Worker,Night Owl,39,Streaming (Netflix/Hulu),40,0,0,93,18.2,3.54,26.9,20.5,4,5.5,Moderate Debt,35-44
Male,Remote Tech,Night Owl,84,TikTok / Reels,61,0,0,41,62.2,4.83,18.8,19.4,4,6.7,Moderate Debt,35-44
Male,Student,Morning Lark,66,Instagram / Reddit,87,1,0,48,41.9,8.63,22.0,17.6,0,1.0,Optimal Recovery,<25
Female,Remote Tech,Night Owl,65,News / Reading,59,1,0,10,21.5,5.23,18.5,20.6,3,2.8,Moderate Debt,<25
Female,Remote Tech,Intermediate,25,Instagram / Reddit,63,0,42,26,36.5,7.43,22.1,17.2,2,1.0,Mild Deficit,45-54
Female,Corporate 9-to-5,Intermediate,24,News / Reading,64,0,42,45,23.6,7.8,23.0,23.7,0,1.0,Optimal Recovery,35-44
Female,Remote Tech,Intermediate,57,TikTok / Reels,43,1,64,39,47.8,5.77,22.7,14.7,3,3.6,Moderate Debt,<25
Male,Remote Tech,Intermediate,91,TikTok / Reels,54,1,0,25,54.9,5.99,19.8,19.3,6,5.6,Moderate Debt,<25
Female,Remote Tech,Morning Lark,134,News / Reading,13,0,0,47,47.3,5.79,24.3,21.4,4,4.8,Moderate Debt,35-44
Female,Student,Intermediate,11,Instagram / Reddit,36,1,0,56,9.3,8.04,20.0,15.9,0,1.0,Optimal Recovery,<25
Male,Healthcare / Shift Worker,Intermediate,53,TikTok / Reels,53,0,146,76,55.0,5.04,21.4,13.9,5,9.1,Severe Sleep Debt,<25
Male,Student,Intermediate,96,YouTube,31,1,0,16,45.5,6.41,20.2,22.7,4,4.2,Moderate Debt,25-34
Female,Corporate 9-to-5,Morning Lark,79,Instagram / Reddit,55,0,0,90,49.9,8.1,25.3,20.9,3,2.2,Optimal Recovery,35-44
Male,Student,Morning Lark,64,Streaming (Netflix/Hulu),49,1,0,74,27.3,7.51,26.6,18.1,1,1.0,Mild Deficit,35-44
Female,Corporate 9-to-5,Morning Lark,95,Streaming (Netflix/Hulu),81,1,0,78,41.9,7.18,21.9,16.2,2,3.4,Mild Deficit,25-34
Male,Student,Intermediate,23,TikTok / Reels,95,0,0,28,29.9,7.16,25.8,21.5,2,1.6,Mild Deficit,35-44
Male,Remote Tech,Night Owl,80,Instagram / Reddit,54,1,0,46,46.0,3.68,17.0,22.4,6,9.7,Severe Sleep Debt,25-34
Male,Corporate 9-to-5,Morning Lark,99,YouTube,63,0,0,52,41.9,5.53,19.2,18.2,3,4.6,Moderate Debt,25-34
Male,Healthcare / Shift Worker,Intermediate,20,Streaming (Netflix/Hulu),79,0,65,21,21.4,5.22,18.9,22.3,3,4.9,Moderate Debt,35-44
Male,Student,Intermediate,66,Instagram / Reddit,55,1,0,7,40.6,6.4,22.6,18.1,2,1.0,Moderate Debt,35-44
Female,Remote Tech,Night Owl,84,Instagram / Reddit,63,0,161,21,62.0,4.61,17.6,18.0,5,10.0,Severe Sleep Debt,45-54
Female,Corporate 9-to-5,Morning Lark,89,YouTube,27,0,0,48,43.1,7.18,21.6,15.6,2,1.4,Mild Deficit,35-44
Male,Remote Tech,Morning Lark,10,Instagram / Reddit,65,0,0,28,29.2,9.34,22.0,18.2,0,1.0,Optimal Recovery,35-44
Female,Freelance / Creative,Morning Lark,32,TikTok / Reels,81,0,0,84,32.5,8.12,26.1,17.7,2,1.0,Optimal Recovery,<25
Female,Remote Tech,Night Owl,4,TikTok / Reels,33,0,0,46,17.7,6.02,21.9,16.0,3,1.7,Moderate Debt,25-34
Male,Freelance / Creative,Intermediate,118,TikTok / Reels,22,0,0,48,60.6,4.87,26.0,18.9,5,6.8,Moderate Debt,25-34
Male,Corporate 9-to-5,Morning Lark,40,TikTok / Reels,81,0,0,21,21.3,8.43,19.1,19.9,0,1.0,Optimal Recovery,25-34
Female,Remote Tech,Intermediate,23,Instagram / Reddit,49,1,0,43,27.6,7.61,22.5,20.8,1,1.0,Mild Deficit,55+
Female,Healthcare / Shift Worker,Morning Lark,21,TikTok / Reels,39,0,74,31,25.5,8.03,23.1,18.2,0,1.0,Optimal Recovery,25-34
Female,Remote Tech,Morning Lark,34,Instagram / Reddit,57,1,0,14,27.5,8.11,26.9,22.6,1,1.0,Optimal Recovery,45-54
Female,Corporate 9-to-5,Night Owl,100,News / Reading,44,1,137,36,41.5,4.39,17.0,18.4,2,7.0,Moderate Debt,35-44
Female,Remote Tech,Intermediate,26,TikTok / Reels,34,0,0,75,31.8,8.44,25.6,18.2,0,1.0,Optimal Recovery,35-44
Male,Student,Intermediate,128,YouTube,25,0,31,14,51.4,5.62,19.0,21.3,3,5.1,Moderate Debt,25-34
Female,Student,Intermediate,16,Streaming (Netflix/Hulu),91,1,0,10,22.6,7.1,18.2,21.9,1,1.0,Mild Deficit,35-44
Female,Student,Intermediate,180,TikTok / Reels,88,1,75,0,106.8,3.2,18.4,16.1,7,10.0,Severe Sleep Debt,25-34
Female,Student,Intermediate,34,YouTube,50,0,20,0,33.5,8.0,25.6,17.7,1,1.0,Optimal Recovery,<25
Non-Binary,Student,Intermediate,130,YouTube,100,1,0,64,74.9,5.39,26.1,22.4,6,8.2,Moderate Debt,35-44
Female,Corporate 9-to-5,Intermediate,118,TikTok / Reels,82,1,0,56,73.3,6.16,22.2,19.0,3,5.1,Moderate Debt,25-34
Female,Remote Tech,Morning Lark,118,Streaming (Netflix/Hulu),54,1,0,76,48.5,6.21,28.0,20.0,4,3.9,Moderate Debt,<25
Female,Student,Intermediate,49,YouTube,100,1,0,37,30.6,6.32,24.7,20.7,3,2.7,Moderate Debt,35-44
Male,Freelance / Creative,Night Owl,18,TikTok / Reels,14,0,94,22,26.2,6.2,18.4,17.1,2,3.6,Moderate Debt,<25
Male,Corporate 9-to-5,Morning Lark,61,TikTok / Reels,51,1,0,26,43.4,8.08,19.3,15.8,2,1.1,Optimal Recovery,55+
Female,Remote Tech,Night Owl,28,YouTube,90,0,0,31,23.4,4.9,20.3,20.8,4,5.6,Moderate Debt,55+
Female,Corporate 9-to-5,Morning Lark,119,YouTube,48,0,0,49,63.2,6.7,17.5,22.5,4,5.4,Moderate Debt,45-54
Female,Corporate 9-to-5,Intermediate,59,TikTok / Reels,78,0,0,66,38.3,6.84,22.7,16.0,3,1.8,Mild Deficit,25-34
Male,Remote Tech,Intermediate,53,Instagram / Reddit,35,1,50,73,39.4,6.03,21.8,16.8,2,2.6,Moderate Debt,<25
Female,Student,Intermediate,29,Streaming (Netflix/Hulu),42,1,0,43,18.1,7.23,24.0,18.6,1,1.0,Mild Deficit,55+
Female,Corporate 9-to-5,Morning Lark,38,Instagram / Reddit,63,1,0,23,27.7,8.58,22.2,22.7,0,1.0,Optimal Recovery,25-34
Female,Healthcare / Shift Worker,Night Owl,75,Streaming (Netflix/Hulu),68,1,51,46,43.4,3.2,25.8,19.9,5,8.4,Moderate Debt,55+
Female,Healthcare / Shift Worker,Night Owl,67,Messaging / Chat,59,1,0,17,49.0,3.2,22.4,21.2,5,8.2,Moderate Debt,55+
Female,Freelance / Creative,Morning Lark,84,News / Reading,47,0,136,20,39.7,7.09,16.6,18.2,1,2.3,Mild Deficit,45-54
Male,Corporate 9-to-5,Night Owl,89,YouTube,36,0,102,52,68.3,4.01,17.9,18.0,4,8.6,Severe Sleep Debt,25-34
Female,Remote Tech,Intermediate,94,Messaging / Chat,100,0,79,15,57.0,5.97,13.3,14.5,3,5.1,Moderate Debt,25-34
Female,Remote Tech,Night Owl,21,Instagram / Reddit,62,1,0,24,16.0,5.95,27.0,19.9,3,2.2,Moderate Debt,45-54
Female,Corporate 9-to-5,Morning Lark,69,Instagram / Reddit,77,1,0,2,48.1,7.87,21.1,19.0,2,1.7,Optimal Recovery,25-34
Male,Remote Tech,Night Owl,66,YouTube,75,0,43,29,45.7,5.51,14.9,20.6,4,6.1,Moderate Debt,<25
Male,Healthcare / Shift Worker,Morning Lark,16,Messaging / Chat,46,0,0,69,12.8,7.63,26.5,17.3,1,1.0,Mild Deficit,25-34
Female,Corporate 9-to-5,Night Owl,72,Instagram / Reddit,56,1,20,50,37.5,5.61,27.7,18.7,3,2.3,Moderate Debt,55+
Female,Freelance / Creative,Intermediate,118,Streaming (Netflix/Hulu),40,1,59,46,51.9,5.32,20.4,14.9,4,5.2,Moderate Debt,35-44
Female,Healthcare / Shift Worker,Intermediate,73,Instagram / Reddit,70,1,0,19,47.8,5.36,22.9,19.0,3,4.6,Moderate Debt,35-44
Female,Student,Morning Lark,17,Streaming (Netflix/Hulu),52,1,0,26,28.7,8.45,23.4,19.9,1,1.0,Optimal Recovery,<25
Female,Student,Night Owl,28,News / Reading,88,0,0,0,24.4,6.15,22.4,20.0,2,3.2,Moderate Debt,35-44
Male,Remote Tech,Intermediate,63,YouTube,23,0,64,51,37.2,6.87,26.7,21.8,2,1.3,Mild Deficit,55+
Male,Student,Intermediate,25,YouTube,65,0,0,51,21.2,7.05,20.2,20.6,3,2.1,Mild Deficit,<25
Male,Remote Tech,Intermediate,77,TikTok / Reels,100,0,122,51,62.4,5.63,18.2,16.8,4,8.2,Moderate Debt,25-34
Female,Healthcare / Shift Worker,Night Owl,54,TikTok / Reels,40,1,0,65,31.9,3.48,21.6,16.1,5,6.9,Moderate Debt,45-54
Male,Corporate 9-to-5,Intermediate,93,News / Reading,58,0,0,43,32.5,4.63,19.5,20.8,3,5.3,Moderate Debt,35-44
Male,Corporate 9-to-5,Morning Lark,43,Instagram / Reddit,48,0,62,6,33.6,7.9,19.9,16.5,1,1.0,Optimal Recovery,35-44
Female,Remote Tech,Night Owl,64,YouTube,73,1,0,38,45.4,5.46,21.5,19.4,4,4.6,Moderate Debt,35-44
Female,Corporate 9-to-5,Intermediate,31,Instagram / Reddit,15,1,0,62,39.6,7.44,28.0,24.3,2,1.0,Mild Deficit,25-34
Female,Remote Tech,Intermediate,161,YouTube,31,1,0,44,60.8,4.29,25.0,19.3,5,6.0,Moderate Debt,25-34
Female,Remote Tech,Morning Lark,52,YouTube,35,1,20,39,20.0,8.84,20.3,16.6,0,1.0,Optimal Recovery,45-54
Female,Healthcare / Shift Worker,Night Owl,20,YouTube,73,1,53,31,37.8,4.33,24.8,19.3,4,5.9,Moderate Debt,45-54
Male,Remote Tech,Morning Lark,101,Streaming (Netflix/Hulu),51,1,0,61,49.3,6.56,25.6,19.6,2,3.2,Moderate Debt,45-54
Female,Remote Tech,Intermediate,42,YouTube,42,1,0,13,29.7,7.41,23.7,18.1,3,1.0,Mild Deficit,45-54
Male,Corporate 9-to-5,Night Owl,98,TikTok / Reels,63,1,0,10,61.6,4.63,21.6,21.4,4,7.5,Moderate Debt,25-34
Female,Remote Tech,Morning Lark,42,YouTube,60,1,97,53,37.9,8.34,22.0,17.4,1,1.0,Optimal Recovery,25-34
Non-Binary,Remote Tech,Night Owl,24,Messaging / Chat,51,1,41,49,22.1,6.89,20.8,17.0,2,1.0,Mild Deficit,45-54
Female,Student,Intermediate,51,TikTok / Reels,45,1,0,65,36.3,7.13,22.6,15.4,2,1.0,Mild Deficit,35-44
Male,Corporate 9-to-5,Intermediate,19,Messaging / Chat,37,0,97,2,24.2,6.9,21.1,13.7,1,1.7,Mild Deficit,35-44
Female,Corporate 9-to-5,Intermediate,41,Streaming (Netflix/Hulu),84,0,126,50,34.6,7.13,22.1,22.5,2,1.1,Mild Deficit,35-44
Female,Remote Tech,Intermediate,90,TikTok / Reels,85,0,0,45,61.7,3.76,20.5,15.9,5,8.8,Severe Sleep Debt,45-54
Male,Remote Tech,Intermediate,71,Instagram / Reddit,29,0,31,55,61.9,7.05,22.4,18.6,2,4.2,Mild Deficit,25-34
Female,Remote Tech,Morning Lark,57,YouTube,47,0,0,43,32.9,7.59,21.0,19.5,1,1.0,Mild Deficit,25-34
Male,Healthcare / Shift Worker,Night Owl,42,Streaming (Netflix/Hulu),64,0,0,56,21.2,4.46,27.7,18.7,3,4.0,Moderate Debt,<25
Male,Corporate 9-to-5,Morning Lark,123,News / Reading,37,0,106,11,46.5,5.86,18.0,21.4,3,5.2,Moderate Debt,35-44
Female,Remote Tech,Night Owl,58,TikTok / Reels,70,0,0,50,52.9,4.8,21.5,18.2,4,5.8,Moderate Debt,<25
Female,Student,Morning Lark,32,Messaging / Chat,59,0,117,31,34.7,7.58,26.0,17.9,3,1.6,Mild Deficit,25-34
Male,Corporate 9-to-5,Intermediate,88,YouTube,72,1,0,50,41.7,5.03,20.1,21.6,3,5.0,Moderate Debt,25-34
Female,Student,Night Owl,75,TikTok / Reels,100,1,63,21,78.8,4.1,18.3,16.1,7,10.0,Severe Sleep Debt,25-34
Male,Remote Tech,Morning Lark,28,YouTube,22,1,55,39,16.5,8.33,15.8,18.6,1,1.0,Optimal Recovery,35-44
Male,Remote Tech,Night Owl,109,Instagram / Reddit,84,0,67,45,68.8,3.55,17.1,20.9,6,10.0,Severe Sleep Debt,<25
Female,Healthcare / Shift Worker,Intermediate,60,TikTok / Reels,45,1,144,42,46.3,3.41,26.3,15.4,5,8.5,Moderate Debt,<25
Female,Corporate 9-to-5,Intermediate,65,Instagram / Reddit,69,0,0,40,39.7,6.36,27.5,20.1,3,2.7,Moderate Debt,45-54
Male,Healthcare / Shift Worker,Intermediate,113,Streaming (Netflix/Hulu),66,1,0,19,64.0,3.57,21.6,21.7,6,9.4,Severe Sleep Debt,25-34
Female,Remote Tech,Intermediate,17,Instagram / Reddit,83,1,0,27,20.9,7.9,23.2,25.3,1,1.0,Optimal Recovery,<25
Female,Student,Intermediate,29,Messaging / Chat,57,1,0,0,21.5,6.62,19.9,17.6,1,1.1,Moderate Debt,25-34
Female,Healthcare / Shift Worker,Night Owl,114,TikTok / Reels,40,0,65,31,73.7,3.2,17.3,15.2,6,10.0,Severe Sleep Debt,35-44
Female,Healthcare / Shift Worker,Intermediate,28,YouTube,61,1,0,40,29.0,4.91,26.5,20.7,5,5.4,Moderate Debt,<25
Female,Student,Morning Lark,53,News / Reading,90,1,145,36,42.9,6.91,17.8,16.1,3,4.2,Mild Deficit,35-44
Female,Student,Night Owl,124,TikTok / Reels,63,0,0,12,71.7,3.84,17.4,18.9,6,10.0,Severe Sleep Debt,<25
Male,Remote Tech,Night Owl,22,Instagram / Reddit,45,0,0,56,34.7,6.19,21.6,19.1,3,2.8,Moderate Debt,<25
Female,Remote Tech,Intermediate,9,YouTube,53,0,0,44,16.9,8.55,25.5,19.0,0,1.0,Optimal Recovery,25-34
Female,Corporate 9-to-5,Intermediate,20,Streaming (Netflix/Hulu),61,0,0,37,26.4,7.93,23.9,23.3,1,1.0,Optimal Recovery,25-34
Non-Binary,Corporate 9-to-5,Intermediate,53,Streaming (Netflix/Hulu),58,0,0,21,27.6,6.2,20.7,20.9,3,2.7,Moderate Debt,35-44
Male,Healthcare / Shift Worker,Intermediate,45,News / Reading,56,0,0,17,26.5,5.48,23.6,23.9,2,3.1,Moderate Debt,35-44
Male,Corporate 9-to-5,Intermediate,41,Instagram / Reddit,76,1,0,50,31.1,6.81,23.8,18.1,2,1.5,Mild Deficit,55+
Female,Corporate 9-to-5,Night Owl,39,Messaging / Chat,96,1,0,54,25.2,5.82,21.8,20.4,1,2.3,Moderate Debt,25-34
Male,Healthcare / Shift Worker,Morning Lark,27,TikTok / Reels,75,0,112,22,30.9,6.82,21.2,13.6,3,2.8,Mild Deficit,25-34
Female,Corporate 9-to-5,Intermediate,40,Instagram / Reddit,68,0,0,0,34.4,7.28,23.1,21.4,2,1.8,Mild Deficit,35-44
Female,Corporate 9-to-5,Night Owl,69,YouTube,77,0,121,43,61.9,4.03,14.1,14.9,6,9.3,Severe Sleep Debt,25-34
Female,Remote Tech,Intermediate,83,Instagram / Reddit,69,1,208,82,61.3,5.38,18.9,14.8,5,7.5,Moderate Debt,25-34
Female,Remote Tech,Night Owl,73,YouTube,59,1,0,15,49.2,5.77,17.8,19.0,3,3.3,Moderate Debt,<25
Male,Student,Intermediate,39,Messaging / Chat,44,0,39,33,34.7,6.3,26.7,17.4,2,2.3,Moderate Debt,<25
Female,Remote Tech,Intermediate,45,TikTok / Reels,44,1,20,39,35.9,6.6,19.9,22.4,3,4.2,Moderate Debt,55+
Male,Remote Tech,Night Owl,90,YouTube,56,1,0,35,49.6,4.7,23.4,22.1,5,6.7,Moderate Debt,45-54
Male,Student,Intermediate,90,News / Reading,62,1,20,63,36.1,6.97,23.2,19.0,1,2.2,Mild Deficit,35-44
Male,Remote Tech,Night Owl,153,YouTube,79,0,0,12,79.2,3.2,20.0,20.3,6,10.0,Severe Sleep Debt,25-34
Female,Student,Morning Lark,42,YouTube,54,1,0,67,34.4,8.37,27.9,21.1,1,1.0,Optimal Recovery,<25
Male,Healthcare / Shift Worker,Night Owl,19,TikTok / Reels,49,1,0,36,31.4,6.15,24.6,18.9,1,2.5,Moderate Debt,<25
Female,Remote Tech,Intermediate,55,TikTok / Reels,61,0,0,45,31.1,6.58,20.8,18.5,1,2.1,Moderate Debt,25-34
Female,Remote Tech,Intermediate,76,TikTok / Reels,65,0,0,38,49.3,6.49,18.2,20.8,1,3.5,Moderate Debt,25-34
Non-Binary,Corporate 9-to-5,Intermediate,94,TikTok / Reels,44,0,0,33,71.3,5.94,21.2,18.3,4,6.0,Moderate Debt,35-44
Female,Student,Intermediate,36,Streaming (Netflix/Hulu),42,1,53,24,22.2,6.89,19.0,22.6,2,1.8,Mild Deficit,35-44
Female,Corporate 9-to-5,Morning Lark,62,Instagram / Reddit,69,0,24,30,50.6,7.88,18.8,20.3,2,2.9,Optimal Recovery,25-34
Male,Remote Tech,Intermediate,81,Messaging / Chat,54,0,0,80,40.6,6.1,28.0,18.8,3,3.4,Moderate Debt,55+
Female,Healthcare / Shift Worker,Intermediate,52,YouTube,80,0,64,61,40.8,6.0,24.1,17.1,3,4.3,Moderate Debt,35-44
Male,Remote Tech,Morning Lark,45,YouTube,62,1,90,34,32.8,7.16,23.1,17.3,1,1.6,Mild Deficit,25-34
Female,Corporate 9-to-5,Night Owl,69,Instagram / Reddit,55,1,22,52,51.5,5.8,16.3,17.0,3,5.1,Moderate Debt,35-44
Female,Healthcare / Shift Worker,Intermediate,8,TikTok / Reels,32,0,41,50,24.1,6.35,20.4,14.9,2,1.6,Moderate Debt,25-34
Female,Corporate 9-to-5,Intermediate,42,Streaming (Netflix/Hulu),56,1,104,0,35.7,7.34,19.5,19.1,1,1.8,Mild Deficit,25-34
Female,Student,Intermediate,168,YouTube,36,0,0,25,73.1,5.26,19.9,19.5,6,7.9,Moderate Debt,25-34
Female,Student,Intermediate,67,News / Reading,30,0,0,3,31.4,6.1,20.3,23.6,3,2.3,Moderate Debt,35-44
Male,Corporate 9-to-5,Night Owl,170,TikTok / Reels,86,0,20,36,104.5,3.2,14.5,16.8,7,10.0,Severe Sleep Debt,<25
Male,Freelance / Creative,Morning Lark,58,TikTok / Reels,46,0,42,61,50.9,6.62,25.7,17.8,2,2.4,Moderate Debt,<25
Male,Corporate 9-to-5,Intermediate,108,TikTok / Reels,74,1,89,48,78.0,4.59,18.1,17.1,4,7.3,Moderate Debt,<25
Female,Freelance / Creative,Morning Lark,38,TikTok / Reels,34,1,0,39,28.2,8.19,24.4,15.7,0,1.0,Optimal Recovery,<25
Female,Corporate 9-to-5,Night Owl,43,Streaming (Netflix/Hulu),42,0,125,20,41.6,6.85,15.7,17.5,2,4.1,Mild Deficit,45-54
Male,Corporate 9-to-5,Intermediate,33,News / Reading,40,0,0,0,33.6,6.06,23.6,19.8,4,3.8,Moderate Debt,35-44
Male,Corporate 9-to-5,Night Owl,103,TikTok / Reels,70,1,0,46,64.0,3.2,20.2,21.7,5,8.6,Severe Sleep Debt,25-34
Female,Corporate 9-to-5,Intermediate,27,TikTok / Reels,65,1,29,35,26.0,6.48,19.1,17.6,2,2.7,Moderate Debt,<25
Male,Student,Night Owl,12,YouTube,30,1,0,39,12.7,7.06,20.5,20.3,2,1.0,Mild Deficit,25-34
Male,Student,Intermediate,96,Instagram / Reddit,28,0,0,33,46.6,4.97,23.7,16.8,5,6.4,Moderate Debt,25-34
Female,Healthcare / Shift Worker,Night Owl,25,YouTube,66,0,0,38,19.8,4.65,27.2,21.2,3,3.9,Moderate Debt,<25
Male,Corporate 9-to-5,Morning Lark,87,Streaming (Netflix/Hulu),82,1,0,29,51.2,7.61,18.1,21.7,2,2.3,Mild Deficit,25-34
Female,Remote Tech,Intermediate,44,Instagram / Reddit,81,1,0,38,41.3,7.82,23.1,14.2,0,1.0,Optimal Recovery,25-34
Male,Student,Night Owl,180,Instagram / Reddit,40,0,0,28,92.9,3.2,20.2,20.2,7,10.0,Severe Sleep Debt,35-44
Male,Remote Tech,Intermediate,152,Streaming (Netflix/Hulu),47,1,77,64,68.5,4.19,15.1,19.5,5,8.7,Severe Sleep Debt,35-44
Male,Student,Morning Lark,180,Streaming (Netflix/Hulu),65,1,0,26,69.3,5.19,19.8,21.0,4,6.6,Moderate Debt,<25
Female,Student,Night Owl,22,YouTube,67,1,0,83,17.1,6.9,23.0,20.7,1,1.0,Mild Deficit,25-34
Female,Corporate 9-to-5,Intermediate,52,TikTok / Reels,60,0,0,49,43.1,6.28,22.3,15.4,2,3.7,Moderate Debt,35-44
Male,Healthcare / Shift Worker,Morning Lark,12,YouTube,48,0,0,4,10.2,8.52,20.3,20.8,0,1.0,Optimal Recovery,25-34
Female,Student,Intermediate,72,TikTok / Reels,65,1,238,88,66.9,5.89,23.0,14.0,3,6.2,Moderate Debt,45-54
Female,Student,Intermediate,25,YouTube,58,1,0,77,35.7,7.56,27.0,19.3,1,1.0,Mild Deficit,35-44
Male,Corporate 9-to-5,Night Owl,54,TikTok / Reels,59,0,0,0,48.5,5.26,21.1,19.4,3,5.0,Moderate Debt,<25
Female,Corporate 9-to-5,Intermediate,6,TikTok / Reels,73,0,20,35,8.1,7.41,18.6,19.4,2,1.0,Mild Deficit,<25
Female,Remote Tech,Intermediate,7,Streaming (Netflix/Hulu),77,1,0,0,10.6,8.06,23.3,24.3,0,1.0,Optimal Recovery,35-44
Female,Corporate 9-to-5,Intermediate,28,YouTube,62,0,157,6,26.4,7.15,19.4,15.1,3,3.1,Mild Deficit,<25
Female,Corporate 9-to-5,Intermediate,31,YouTube,61,0,69,16,52.2,6.74,21.0,19.9,4,4.4,Moderate Debt,35-44
Male,Healthcare / Shift Worker,Night Owl,123,Streaming (Netflix/Hulu),52,0,160,47,58.5,3.2,19.7,19.2,6,10.0,Severe Sleep Debt,55+
Male,Student,Night Owl,40,Streaming (Netflix/Hulu),58,1,0,34,20.9,4.98,25.1,25.2,3,4.2,Moderate Debt,35-44
Female,Remote Tech,Intermediate,76,TikTok / Reels,70,1,0,50,47.5,5.35,24.6,14.2,5,6.8,Moderate Debt,25-34
Male,Corporate 9-to-5,Morning Lark,11,News / Reading,65,0,0,63,24.6,9.3,28.0,23.4,0,1.0,Optimal Recovery,35-44
Male,Freelance / Creative,Night Owl,65,TikTok / Reels,44,1,0,2,40.3,5.67,17.0,15.6,3,5.2,Moderate Debt,25-34
Male,Corporate 9-to-5,Morning Lark,62,Streaming (Netflix/Hulu),43,1,0,49,32.0,6.76,24.4,21.3,2,1.0,Mild Deficit,25-34
Female,Healthcare / Shift Worker,Morning Lark,85,News / Reading,42,0,28,53,36.3,5.17,28.0,19.9,4,4.7,Moderate Debt,55+
Male,Freelance / Creative,Morning Lark,60,Instagram / Reddit,78,0,29,0,48.3,6.96,21.4,20.5,4,3.8,Mild Deficit,25-34
Female,Student,Morning Lark,161,Streaming (Netflix/Hulu),22,1,32,77,61.5,5.79,23.5,23.3,4,4.3,Moderate Debt,55+
Male,Freelance / Creative,Night Owl,41,News / Reading,28,0,48,47,26.3,5.49,25.7,18.2,2,2.6,Moderate Debt,45-54
Male,Student,Intermediate,26,TikTok / Reels,43,1,0,36,29.7,7.3,22.1,17.5,1,1.0,Mild Deficit,<25
Female,Corporate 9-to-5,Night Owl,87,TikTok / Reels,70,0,0,28,61.7,4.59,22.4,19.6,6,9.0,Severe Sleep Debt,<25
Male,Corporate 9-to-5,Morning Lark,65,Instagram / Reddit,50,0,75,83,38.5,8.59,21.1,16.2,0,1.0,Optimal Recovery,<25
Female,Corporate 9-to-5,Intermediate,27,Streaming (Netflix/Hulu),38,1,0,13,31.1,6.23,22.3,19.1,3,2.3,Moderate Debt,<25
Male,Corporate 9-to-5,Night Owl,77,Instagram / Reddit,62,0,147,93,48.8,5.08,22.9,17.0,4,5.7,Moderate Debt,<25
Female,Student,Night Owl,104,News / Reading,63,0,116,0,53.5,4.46,12.4,14.8,5,7.9,Moderate Debt,35-44
Male,Corporate 9-to-5,Night Owl,67,TikTok / Reels,71,0,62,17,44.3,5.0,20.9,16.1,4,7.5,Moderate Debt,<25
Female,Healthcare / Shift Worker,Morning Lark,60,Streaming (Netflix/Hulu),82,0,0,33,34.3,6.5,24.7,20.3,2,1.6,Moderate Debt,25-34
Female,Remote Tech,Night Owl,16,News / Reading,80,1,149,56,32.8,5.8,21.3,18.2,2,3.7,Moderate Debt,45-54
Female,Remote Tech,Intermediate,40,YouTube,66,0,0,20,35.9,6.42,20.2,21.4,4,3.9,Moderate Debt,<25
Female,Freelance / Creative,Intermediate,26,News / Reading,53,1,0,19,18.5,6.97,25.0,21.3,1,1.0,Mild Deficit,45-54
Female,Corporate 9-to-5,Intermediate,79,TikTok / Reels,64,0,0,38,50.7,5.65,23.6,19.4,4,3.9,Moderate Debt,25-34
Male,Student,Intermediate,17,Messaging / Chat,47,1,0,11,22.3,7.32,23.6,18.5,1,1.0,Mild Deficit,<25
Female,Student,Night Owl,18,News / Reading,73,1,37,52,23.7,6.37,25.2,19.5,2,1.5,Moderate Debt,35-44
Female,Corporate 9-to-5,Intermediate,24,TikTok / Reels,45,1,0,0,12.6,8.32,19.5,21.0,1,1.0,Optimal Recovery,35-44
Female,Remote Tech,Morning Lark,30,Instagram / Reddit,40,1,30,13,26.8,6.83,22.5,16.9,2,2.1,Mild Deficit,45-54
Male,Remote Tech,Intermediate,21,Instagram / Reddit,74,0,0,19,17.4,8.28,21.7,16.7,1,1.0,Optimal Recovery,35-44
Male,Student,Intermediate,39,TikTok / Reels,26,0,0,34,35.1,5.97,23.9,20.4,3,3.8,Moderate Debt,45-54
Male,Student,Intermediate,42,TikTok / Reels,43,1,0,34,42.3,7.27,20.5,18.1,1,1.6,Mild Deficit,25-34
Male,Remote Tech,Intermediate,96,TikTok / Reels,67,0,0,90,62.9,6.03,25.2,17.4,3,4.9,Moderate Debt,<25
Female,Student,Morning Lark,26,Instagram / Reddit,53,0,47,38,31.0,9.28,24.5,18.9,0,1.0,Optimal Recovery,35-44
Female,Corporate 9-to-5,Intermediate,30,Instagram / Reddit,52,1,0,30,29.9,8.11,21.2,21.6,1,1.0,Optimal Recovery,45-54
Female,Student,Night Owl,75,News / Reading,34,0,67,27,35.6,4.71,22.4,17.2,4,5.5,Moderate Debt,55+
Male,Healthcare / Shift Worker,Intermediate,86,TikTok / Reels,36,1,0,46,54.7,5.0,24.9,15.2,4,4.9,Moderate Debt,25-34
Non-Binary,Healthcare / Shift Worker,Intermediate,57,Instagram / Reddit,51,0,0,0,35.5,4.27,20.8,18.7,5,6.9,Moderate Debt,25-34
Female,Healthcare / Shift Worker,Night Owl,75,TikTok / Reels,25,0,20,1,53.2,3.2,16.5,17.0,6,8.9,Severe Sleep Debt,35-44
Female,Remote Tech,Morning Lark,11,Instagram / Reddit,55,1,72,0,19.6,7.65,22.4,19.8,1,1.0,Mild Deficit,25-34
Female,Freelance / Creative,Night Owl,90,News / Reading,78,0,0,14,43.5,4.97,19.9,22.7,5,6.1,Moderate Debt,55+
Female,Remote Tech,Intermediate,50,YouTube,76,0,90,73,48.0,7.54,22.1,16.1,2,2.2,Mild Deficit,45-54
Male,Student,Night Owl,77,YouTube,66,0,88,23,42.0,4.62,23.3,17.0,5,7.1,Moderate Debt,25-34
Female,Corporate 9-to-5,Morning Lark,61,Streaming (Netflix/Hulu),59,1,0,2,48.4,7.75,22.7,22.0,2,2.1,Optimal Recovery,35-44
Male,Freelance / Creative,Morning Lark,38,YouTube,53,0,0,40,34.7,6.99,24.8,20.3,3,2.4,Mild Deficit,35-44
Female,Student,Intermediate,67,YouTube,56,0,0,63,35.1,5.62,21.3,17.4,4,3.7,Moderate Debt,<25
Male,Student,Intermediate,34,YouTube,38,1,0,46,27.2,8.17,19.5,22.0,0,1.0,Optimal Recovery,45-54
Male,Corporate 9-to-5,Night Owl,180,YouTube,44,0,0,48,95.4,3.2,19.3,19.5,6,10.0,Severe Sleep Debt,25-34
Male,Student,Morning Lark,15,Streaming (Netflix/Hulu),25,0,0,65,25.4,8.84,27.9,22.7,2,1.0,Optimal Recovery,45-54
Male,Student,Intermediate,89,Messaging / Chat,72,1,0,29,40.7,7.05,22.4,17.8,1,1.6,Mild Deficit,25-34
Male,Student,Morning Lark,64,Streaming (Netflix/Hulu),53,0,0,7,35.5,6.35,24.8,20.6,3,3.3,Moderate Debt,45-54
Male,Corporate 9-to-5,Night Owl,52,TikTok / Reels,91,1,40,48,47.8,5.27,19.6,19.0,5,6.0,Moderate Debt,25-34
Male,Remote Tech,Night Owl,29,TikTok / Reels,44,0,0,35,32.3,4.76,26.2,18.6,3,3.9,Moderate Debt,<25
Male,Corporate 9-to-5,Intermediate,66,News / Reading,55,1,0,15,37.0,5.48,17.8,17.8,3,4.7,Moderate Debt,45-54
Non-Binary,Remote Tech,Morning Lark,51,Messaging / Chat,68,0,0,0,32.3,7.89,20.7,21.3,1,1.0,Optimal Recovery,<25
Male,Corporate 9-to-5,Intermediate,13,TikTok / Reels,63,0,173,57,36.2,7.0,15.6,17.8,2,2.6,Mild Deficit,25-34
Male,Corporate 9-to-5,Morning Lark,79,News / Reading,54,1,0,13,38.8,7.0,17.1,20.6,2,2.0,Mild Deficit,55+
Male,Corporate 9-to-5,Morning Lark,68,News / Reading,87,0,0,43,27.3,8.13,21.6,21.3,2,1.0,Optimal Recovery,55+
Female,Corporate 9-to-5,Intermediate,26,YouTube,38,1,42,26,30.8,7.85,18.6,21.0,1,1.0,Optimal Recovery,35-44
Female,Corporate 9-to-5,Night Owl,99,Streaming (Netflix/Hulu),66,0,0,63,41.9,3.81,19.8,21.7,5,7.6,Moderate Debt,35-44
Female,Freelance / Creative,Night Owl,96,Instagram / Reddit,47,1,0,51,74.9,3.97,24.6,20.5,6,8.7,Severe Sleep Debt,25-34
Male,Remote Tech,Intermediate,20,TikTok / Reels,53,1,28,45,24.5,6.34,23.3,15.4,4,1.5,Moderate Debt,25-34
Male,Remote Tech,Intermediate,68,TikTok / Reels,60,0,20,41,63.0,6.49,20.2,19.9,2,3.1,Moderate Debt,25-34
Female,Remote Tech,Night Owl,85,YouTube,53,1,93,0,47.3,4.89,21.8,21.2,3,5.2,Moderate Debt,35-44
Male,Student,Intermediate,16,News / Reading,52,1,0,38,22.5,7.61,20.8,19.6,1,1.0,Mild Deficit,35-44
Male,Freelance / Creative,Intermediate,9,Messaging / Chat,27,0,0,24,26.4,7.21,25.2,21.7,1,1.0,Mild Deficit,35-44
Female,Corporate 9-to-5,Night Owl,44,YouTube,71,0,0,37,30.4,4.98,19.6,23.3,3,3.9,Moderate Debt,35-44
Male,Corporate 9-to-5,Morning Lark,35,YouTube,27,1,63,30,31.2,8.65,24.0,15.9,1,1.0,Optimal Recovery,<25
Male,Freelance / Creative,Morning Lark,50,Instagram / Reddit,81,1,30,3,41.2,7.65,18.4,17.0,2,1.0,Mild Deficit,25-34
Female,Remote Tech,Intermediate,138,YouTube,53,0,0,34,63.6,5.25,22.3,21.9,3,5.7,Moderate Debt,<25
Male,Corporate 9-to-5,Morning Lark,86,Streaming (Netflix/Hulu),72,0,0,0,55.2,7.06,16.7,21.6,2,3.6,Mild Deficit,25-34
Male,Corporate 9-to-5,Intermediate,31,Instagram / Reddit,11,0,0,58,28.6,8.31,23.7,17.9,0,1.0,Optimal Recovery,25-34
Female,Corporate 9-to-5,Intermediate,59,YouTube,54,0,0,45,42.3,6.43,22.5,22.2,2,2.3,Moderate Debt,45-54
Female,Freelance / Creative,Intermediate,54,TikTok / Reels,55,1,36,20,43.1,5.72,18.1,18.1,5,6.0,Moderate Debt,25-34
Non-Binary,Corporate 9-to-5,Night Owl,94,YouTube,39,0,52,22,53.3,3.85,19.7,21.3,6,8.6,Severe Sleep Debt,<25
Female,Freelance / Creative,Morning Lark,89,Instagram / Reddit,70,0,0,0,53.8,7.1,23.4,17.1,2,2.4,Mild Deficit,<25
Female,Freelance / Creative,Intermediate,49,Instagram / Reddit,44,0,51,37,34.0,6.96,18.5,18.1,1,1.3,Mild Deficit,35-44
Female,Remote Tech,Morning Lark,77,Streaming (Netflix/Hulu),39,1,130,23,47.6,7.46,22.0,19.7,0,2.8,Mild Deficit,35-44
Male,Corporate 9-to-5,Intermediate,105,Instagram / Reddit,49,0,0,72,64.6,5.59,17.8,20.2,4,6.2,Moderate Debt,<25
Male,Corporate 9-to-5,Night Owl,80,YouTube,72,1,68,37,47.4,3.57,22.6,17.5,5,7.3,Moderate Debt,<25
Male,Remote Tech,Intermediate,30,News / Reading,60,0,0,62,27.5,6.57,28.0,20.0,2,1.0,Moderate Debt,35-44
Female,Remote Tech,Morning Lark,31,TikTok / Reels,62,0,111,33,42.0,8.8,19.8,16.3,1,1.0,Optimal Recovery,<25
Male,Student,Intermediate,14,News / Reading,69,1,138,63,29.5,7.31,21.6,18.7,2,2.0,Mild Deficit,45-54
Female,Remote Tech,Intermediate,29,YouTube,51,1,0,18,29.5,5.66,18.3,14.2,3,3.5,Moderate Debt,35-44
Female,Freelance / Creative,Morning Lark,32,YouTube,74,0,47,47,25.8,8.47,18.3,21.0,0,1.0,Optimal Recovery,<25
Female,Remote Tech,Intermediate,6,YouTube,62,1,0,26,16.4,8.31,24.6,19.9,0,1.0,Optimal Recovery,<25
Female,Student,Intermediate,22,YouTube,70,0,0,63,33.5,6.49,26.1,19.8,3,1.8,Moderate Debt,55+
Male,Healthcare / Shift Worker,Night Owl,18,Messaging / Chat,41,0,0,17,18.5,4.86,24.3,18.5,3,5.4,Moderate Debt,25-34
Male,Corporate 9-to-5,Night Owl,38,TikTok / Reels,57,0,0,25,41.6,6.05,23.3,16.5,3,3.6,Moderate Debt,25-34
Female,Corporate 9-to-5,Night Owl,56,Streaming (Netflix/Hulu),72,1,0,44,39.4,5.72,20.6,23.2,2,4.8,Moderate Debt,45-54
Male,Corporate 9-to-5,Night Owl,29,Messaging / Chat,88,0,0,21,28.5,4.98,21.5,20.9,2,4.8,Moderate Debt,55+
Male,Corporate 9-to-5,Night Owl,127,YouTube,74,0,0,55,67.8,3.65,15.7,20.2,6,10.0,Severe Sleep Debt,55+
Male,Remote Tech,Night Owl,22,News / Reading,75,0,0,47,20.7,6.2,22.7,21.3,1,2.0,Moderate Debt,35-44
Female,Corporate 9-to-5,Morning Lark,5,YouTube,27,0,0,90,13.6,9.52,28.0,20.4,0,1.0,Optimal Recovery,25-34
Male,Remote Tech,Intermediate,48,Messaging / Chat,50,0,0,65,31.5,7.46,22.3,21.7,2,1.3,Mild Deficit,<25
Female,Freelance / Creative,Night Owl,83,Streaming (Netflix/Hulu),66,0,130,44,56.1,4.51,18.7,20.5,4,7.9,Moderate Debt,35-44
Male,Corporate 9-to-5,Intermediate,37,Streaming (Netflix/Hulu),30,0,41,24,31.5,7.51,25.9,15.8,3,1.0,Mild Deficit,25-34
Female,Remote Tech,Morning Lark,40,YouTube,63,1,0,50,40.4,8.07,21.0,21.5,1,1.0,Optimal Recovery,25-34
Male,Corporate 9-to-5,Intermediate,152,Streaming (Netflix/Hulu),48,0,84,30,67.7,5.0,19.9,18.1,5,7.6,Moderate Debt,45-54
Female,Corporate 9-to-5,Intermediate,88,TikTok / Reels,49,1,0,76,59.5,4.09,20.4,16.8,5,8.7,Severe Sleep Debt,<25
Female,Remote Tech,Intermediate,59,Instagram / Reddit,56,1,0,34,32.4,7.24,25.5,17.7,2,2.4,Mild Deficit,25-34
Male,Freelance / Creative,Intermediate,50,TikTok / Reels,62,1,109,9,53.1,6.8,16.8,20.1,3,4.2,Mild Deficit,<25
Male,Remote Tech,Intermediate,8,YouTube,70,1,0,36,28.4,6.54,28.0,20.1,3,2.2,Moderate Debt,25-34
Male,Corporate 9-to-5,Night Owl,110,TikTok / Reels,33,0,0,42,71.4,3.99,19.8,18.1,5,8.8,Severe Sleep Debt,<25
Male,Remote Tech,Night Owl,50,Messaging / Chat,74,1,99,38,38.5,5.03,22.6,14.8,3,6.0,Moderate Debt,<25
Female,Corporate 9-to-5,Night Owl,16,Instagram / Reddit,68,0,33,55,29.2,5.17,28.0,17.7,3,3.0,Moderate Debt,<25
Male,Corporate 9-to-5,Night Owl,74,Streaming (Netflix/Hulu),50,0,71,10,40.8,4.93,18.6,21.9,3,5.4,Moderate Debt,35-44
Female,Student,Intermediate,90,Messaging / Chat,74,1,0,38,47.0,7.09,25.9,17.8,2,1.8,Mild Deficit,35-44
Female,Corporate 9-to-5,Intermediate,39,Streaming (Netflix/Hulu),22,1,0,12,29.3,6.56,25.0,20.2,2,1.0,Moderate Debt,35-44
Male,Remote Tech,Morning Lark,33,TikTok / Reels,58,0,67,0,48.0,7.08,22.9,16.4,3,2.4,Mild Deficit,55+
Male,Student,Night Owl,45,Instagram / Reddit,44,0,53,26,36.6,6.31,21.4,18.9,2,3.3,Moderate Debt,25-34
Male,Remote Tech,Morning Lark,28,News / Reading,34,1,20,16,34.4,7.48,26.3,20.0,2,1.0,Mild Deficit,25-34
Male,Corporate 9-to-5,Night Owl,21,YouTube,25,0,0,68,15.9,5.89,22.5,18.6,3,2.4,Moderate Debt,45-54
Male,Freelance / Creative,Intermediate,48,Instagram / Reddit,68,0,0,38,28.6,6.9,22.7,20.3,1,1.6,Mild Deficit,25-34
Female,Remote Tech,Night Owl,87,Instagram / Reddit,65,1,0,37,49.6,4.63,23.0,18.5,5,6.6,Moderate Debt,55+
Female,Student,Intermediate,143,YouTube,79,0,23,40,88.3,4.98,22.7,22.9,6,8.6,Severe Sleep Debt,<25
Male,Corporate 9-to-5,Night Owl,50,News / Reading,68,0,40,41,32.9,6.73,21.1,18.6,2,1.4,Moderate Debt,55+
Female,Remote Tech,Intermediate,128,TikTok / Reels,49,0,0,73,81.0,4.95,20.7,21.1,4,8.7,Severe Sleep Debt,<25
Female,Remote Tech,Intermediate,21,TikTok / Reels,100,1,0,13,24.1,7.41,23.6,18.5,1,1.0,Mild Deficit,45-54
Female,Corporate 9-to-5,Intermediate,85,News / Reading,75,0,0,0,47.9,6.7,18.8,21.8,2,4.4,Moderate Debt,25-34
Male,Corporate 9-to-5,Night Owl,38,Streaming (Netflix/Hulu),32,0,33,27,29.8,4.81,25.4,20.7,3,5.0,Moderate Debt,55+
Female,Remote Tech,Intermediate,177,TikTok / Reels,52,0,0,31,104.8,3.2,22.4,15.9,7,10.0,Severe Sleep Debt,<25
Male,Healthcare / Shift Worker,Night Owl,31,YouTube,60,0,0,40,33.6,4.16,21.3,22.5,4,4.7,Moderate Debt,25-34
Male,Student,Night Owl,59,News / Reading,50,1,59,72,34.4,5.59,17.6,20.3,3,4.3,Moderate Debt,55+
Female,Corporate 9-to-5,Night Owl,13,YouTube,96,0,0,46,27.6,6.02,25.3,20.8,2,2.7,Moderate Debt,25-34
Male,Remote Tech,Intermediate,36,Instagram / Reddit,49,1,82,39,34.3,7.8,22.2,20.8,0,1.0,Optimal Recovery,35-44
Male,Healthcare / Shift Worker,Intermediate,95,YouTube,47,0,156,53,60.3,3.95,23.0,17.0,7,9.9,Severe Sleep Debt,35-44
Male,Student,Morning Lark,83,News / Reading,70,1,91,21,45.4,6.79,16.5,19.4,2,3.3,Mild Deficit,25-34
Male,Corporate 9-to-5,Night Owl,60,Streaming (Netflix/Hulu),57,1,0,0,28.9,5.91,21.8,21.8,1,1.7,Moderate Debt,35-44
Female,Healthcare / Shift Worker,Night Owl,85,Instagram / Reddit,51,1,87,17,45.2,3.51,16.3,16.5,7,9.1,Severe Sleep Debt,35-44
Male,Corporate 9-to-5,Night Owl,47,Streaming (Netflix/Hulu),98,1,0,39,31.7,5.47,21.6,20.4,3,4.4,Moderate Debt,45-54
Female,Remote Tech,Intermediate,136,Messaging / Chat,86,1,78,87,77.7,4.69,19.0,14.0,5,8.4,Moderate Debt,<25
Male,Remote Tech,Morning Lark,12,Messaging / Chat,27,0,77,34,24.1,9.0,24.1,16.8,0,1.0,Optimal Recovery,25-34
Male,Healthcare / Shift Worker,Night Owl,58,Messaging / Chat,92,0,0,53,37.0,3.2,24.5,18.9,4,7.9,Moderate Debt,55+
Male,Freelance / Creative,Morning Lark,14,Messaging / Chat,51,0,0,71,17.4,8.56,22.8,20.8,0,1.0,Optimal Recovery,45-54
Female,Freelance / Creative,Night Owl,22,YouTube,78,0,84,57,33.6,5.93,16.9,17.1,2,4.0,Moderate Debt,25-34
Female,Corporate 9-to-5,Intermediate,34,YouTube,95,0,28,53,32.5,6.13,23.3,21.7,3,3.9,Moderate Debt,35-44
Female,Freelance / Creative,Intermediate,39,Streaming (Netflix/Hulu),71,0,102,47,37.8,5.75,24.8,22.4,4,3.9,Moderate Debt,25-34
Female,Corporate 9-to-5,Night Owl,48,Instagram / Reddit,100,1,0,16,40.5,4.74,21.4,18.9,4,6.9,Moderate Debt,<25
Female,Corporate 9-to-5,Morning Lark,48,News / Reading,72,0,0,54,25.0,7.92,25.1,21.1,0,1.0,Optimal Recovery,25-34
Male,Remote Tech,Intermediate,32,TikTok / Reels,68,1,0,55,25.0,6.81,26.6,17.6,2,1.0,Mild Deficit,25-34
Female,Remote Tech,Night Owl,51,Streaming (Netflix/Hulu),75,1,0,0,36.5,5.3,20.8,17.0,2,4.1,Moderate Debt,35-44
Non-Binary,Student,Intermediate,18,Instagram / Reddit,30,1,250,41,42.1,7.17,20.3,15.5,2,3.0,Mild Deficit,<25
Female,Remote Tech,Night Owl,89,Messaging / Chat,51,1,0,30,49.4,4.52,15.4,26.0,4,6.3,Moderate Debt,55+
Male,Freelance / Creative,Night Owl,76,TikTok / Reels,34,0,0,16,40.3,5.13,18.8,16.9,4,5.1,Moderate Debt,55+
Male,Corporate 9-to-5,Morning Lark,134,Messaging / Chat,51,1,0,40,59.3,5.84,24.7,19.4,4,5.0,Moderate Debt,35-44
Male,Corporate 9-to-5,Morning Lark,68,YouTube,64,0,0,28,68.7,7.35,22.8,20.9,3,2.8,Mild Deficit,25-34
Male,Freelance / Creative,Intermediate,73,Instagram / Reddit,52,0,0,72,52.3,6.48,25.4,18.1,4,4.0,Moderate Debt,25-34
Female,Corporate 9-to-5,Intermediate,72,Streaming (Netflix/Hulu),52,1,0,40,32.0,8.23,23.8,22.5,1,1.0,Optimal Recovery,45-54
Male,Student,Intermediate,26,Instagram / Reddit,28,1,0,9,23.9,7.65,24.3,18.1,2,1.0,Mild Deficit,35-44
Female,Student,Night Owl,58,Instagram / Reddit,45,1,0,69,44.1,4.38,25.3,17.5,5,5.8,Moderate Debt,<25
Female,Remote Tech,Morning Lark,37,News / Reading,88,0,0,8,35.2,7.41,17.1,22.7,2,2.9,Mild Deficit,45-54
Male,Student,Intermediate,62,YouTube,44,1,0,88,38.5,6.66,26.8,25.0,2,2.4,Moderate Debt,45-54
Female,Corporate 9-to-5,Morning Lark,69,Streaming (Netflix/Hulu),48,0,82,41,43.2,7.23,18.0,18.3,2,2.0,Mild Deficit,55+
Male,Healthcare / Shift Worker,Morning Lark,82,YouTube,60,1,130,19,67.7,5.52,17.1,20.1,5,7.0,Moderate Debt,35-44
Female,Corporate 9-to-5,Intermediate,72,Messaging / Chat,62,1,0,51,37.1,6.47,24.7,21.8,2,2.5,Moderate Debt,35-44
Female,Remote Tech,Night Owl,73,Instagram / Reddit,52,1,112,40,44.9,5.71,16.5,14.1,3,6.3,Moderate Debt,25-34
Female,Corporate 9-to-5,Morning Lark,39,Instagram / Reddit,27,0,38,12,26.1,8.35,22.7,20.8,1,1.0,Optimal Recovery,55+
Female,Remote Tech,Intermediate,180,Streaming (Netflix/Hulu),66,0,88,24,88.7,3.2,12.6,23.7,7,10.0,Severe Sleep Debt,45-54
Female,Student,Intermediate,70,YouTube,93,1,102,69,45.5,6.33,21.3,18.6,4,5.3,Moderate Debt,<25
Female,Freelance / Creative,Morning Lark,53,TikTok / Reels,92,1,0,46,48.4,7.91,24.6,17.8,1,1.0,Optimal Recovery,<25
Female,Student,Intermediate,105,News / Reading,41,1,0,10,38.2,5.96,21.1,24.4,3,3.6,Moderate Debt,25-34
Male,Remote Tech,Night Owl,42,Streaming (Netflix/Hulu),63,0,0,58,33.5,7.58,23.3,22.6,0,1.0,Mild Deficit,45-54
Female,Freelance / Creative,Intermediate,15,Streaming (Netflix/Hulu),100,1,124,49,22.1,7.02,22.7,17.4,2,2.3,Mild Deficit,55+
Male,Remote Tech,Morning Lark,30,Instagram / Reddit,55,0,55,0,23.7,8.5,23.2,18.3,0,1.0,Optimal Recovery,<25
Female,Remote Tech,Intermediate,21,Messaging / Chat,60,1,0,60,19.4,7.25,28.0,16.7,0,1.0,Mild Deficit,35-44
Male,Remote Tech,Intermediate,63,TikTok / Reels,25,0,36,66,33.2,5.94,25.1,18.9,3,2.9,Moderate Debt,25-34
Female,Remote Tech,Morning Lark,88,TikTok / Reels,76,0,0,24,59.9,6.17,25.3,17.4,4,4.1,Moderate Debt,55+
Female,Healthcare / Shift Worker,Morning Lark,19,YouTube,61,0,0,47,20.6,5.48,20.6,16.7,3,3.7,Moderate Debt,45-54
Male,Corporate 9-to-5,Morning Lark,76,Instagram / Reddit,37,0,0,80,49.4,8.37,24.0,22.4,2,1.0,Optimal Recovery,45-54
Female,Remote Tech,Morning Lark,72,YouTube,69,0,66,18,47.2,7.14,17.9,17.9,2,2.3,Mild Deficit,25-34
Male,Student,Intermediate,130,Streaming (Netflix/Hulu),75,0,0,68,62.3,5.23,20.7,21.3,4,6.2,Moderate Debt,25-34
Female,Freelance / Creative,Intermediate,98,TikTok / Reels,41,0,0,65,76.3,5.91,27.0,15.7,5,6.3,Moderate Debt,25-34
Non-Binary,Healthcare / Shift Worker,Intermediate,30,Instagram / Reddit,22,0,0,13,26.8,4.57,20.2,18.5,4,6.0,Moderate Debt,<25
Female,Remote Tech,Night Owl,39,Streaming (Netflix/Hulu),58,0,0,1,26.5,5.9,22.6,21.2,2,1.7,Moderate Debt,45-54
Female,Student,Intermediate,42,YouTube,69,1,0,22,34.2,5.99,20.8,20.8,2,1.8,Moderate Debt,45-54
Male,Remote Tech,Night Owl,119,YouTube,60,1,123,13,60.7,3.21,15.8,15.7,6,10.0,Severe Sleep Debt,55+
Female,Remote Tech,Intermediate,136,Messaging / Chat,78,1,45,19,66.5,5.33,14.6,18.8,3,8.0,Moderate Debt,55+
Male,Freelance / Creative,Morning Lark,70,Streaming (Netflix/Hulu),21,1,195,53,56.6,7.14,20.6,18.7,2,3.2,Mild Deficit,25-34
Female,Freelance / Creative,Intermediate,16,Messaging / Chat,35,0,0,50,17.8,7.72,20.1,21.8,0,1.0,Mild Deficit,35-44
Male,Healthcare / Shift Worker,Night Owl,46,YouTube,59,1,20,51,29.4,5.05,23.6,19.8,3,4.3,Moderate Debt,55+
Female,Corporate 9-to-5,Morning Lark,171,News / Reading,24,1,0,28,45.2,6.69,22.2,19.0,3,3.4,Moderate Debt,45-54
Male,Healthcare / Shift Worker,Morning Lark,54,Instagram / Reddit,40,1,0,96,46.0,7.05,25.6,19.0,0,2.0,Mild Deficit,25-34
Male,Freelance / Creative,Intermediate,3,TikTok / Reels,44,0,0,72,19.4,7.63,24.2,18.4,1,1.0,Mild Deficit,25-34
Female,Remote Tech,Intermediate,50,YouTube,75,0,27,41,36.5,7.12,25.9,18.3,2,1.6,Mild Deficit,<25
Female,Remote Tech,Intermediate,109,Streaming (Netflix/Hulu),81,0,0,50,66.2,5.63,18.3,18.0,3,5.3,Moderate Debt,55+
Female,Student,Morning Lark,13,TikTok / Reels,69,0,0,41,17.4,8.53,23.1,19.2,0,1.0,Optimal Recovery,35-44
Non-Binary,Remote Tech,Intermediate,17,Messaging / Chat,92,1,66,41,18.2,7.45,22.1,18.7,0,1.0,Mild Deficit,25-34
Female,Freelance / Creative,Intermediate,116,Streaming (Netflix/Hulu),83,0,0,55,67.3,4.5,22.5,23.6,6,9.3,Severe Sleep Debt,35-44
Female,Remote Tech,Intermediate,78,TikTok / Reels,71,1,0,34,47.5,6.96,23.8,18.1,3,2.9,Mild Deficit,35-44
Female,Student,Intermediate,76,Messaging / Chat,70,1,75,23,30.8,6.09,18.2,17.7,2,3.2,Moderate Debt,25-34
Female,Healthcare / Shift Worker,Intermediate,10,YouTube,43,0,185,42,40.3,4.83,22.2,11.4,4,6.7,Moderate Debt,<25
Male,Remote Tech,Intermediate,32,Instagram / Reddit,27,1,0,26,29.0,6.33,23.3,22.6,3,3.6,Moderate Debt,35-44
Male,Healthcare / Shift Worker,Morning Lark,72,Messaging / Chat,41,0,0,29,32.0,6.29,24.3,16.4,3,2.9,Moderate Debt,25-34
Male,Remote Tech,Intermediate,21,Streaming (Netflix/Hulu),72,1,123,4,35.3,7.14,17.0,15.1,5,2.2,Mild Deficit,35-44
Male,Remote Tech,Morning Lark,68,Instagram / Reddit,49,1,0,44,32.8,7.68,23.2,21.1,3,1.0,Mild Deficit,25-34
Male,Corporate 9-to-5,Intermediate,22,YouTube,67,0,0,42,24.8,7.73,25.1,20.5,1,1.0,Mild Deficit,45-54
Female,Remote Tech,Intermediate,15,Instagram / Reddit,18,0,0,41,29.3,6.97,24.8,19.7,1,1.0,Mild Deficit,25-34
Female,Student,Morning Lark,70,Instagram / Reddit,66,1,0,28,40.8,8.31,23.8,18.6,2,1.0,Optimal Recovery,25-34
Male,Freelance / Creative,Intermediate,54,Streaming (Netflix/Hulu),38,0,69,43,41.8,6.13,24.7,15.6,3,3.6,Moderate Debt,45-54
Male,Corporate 9-to-5,Morning Lark,46,Instagram / Reddit,40,0,128,41,40.2,8.18,21.8,17.7,1,1.0,Optimal Recovery,25-34
Male,Remote Tech,Morning Lark,49,Instagram / Reddit,88,0,119,23,50.1,8.1,18.7,18.5,1,1.9,Optimal Recovery,<25
Female,Corporate 9-to-5,Intermediate,49,YouTube,98,0,52,61,36.1,7.7,21.7,16.5,1,1.5,Mild Deficit,<25
Female,Student,Night Owl,12,Instagram / Reddit,34,1,0,2,27.4,6.85,22.3,20.0,2,1.9,Mild Deficit,35-44
Female,Freelance / Creative,Intermediate,88,YouTube,50,0,119,56,61.8,5.49,18.9,20.3,4,7.6,Moderate Debt,35-44
Male,Student,Intermediate,112,TikTok / Reels,53,1,217,43,82.5,5.54,13.7,10.6,6,9.0,Moderate Debt,35-44
Male,Student,Intermediate,144,Instagram / Reddit,70,0,0,51,77.0,4.09,18.1,19.1,7,10.0,Severe Sleep Debt,<25
Male,Remote Tech,Intermediate,62,TikTok / Reels,46,1,0,28,43.8,5.98,21.1,16.8,4,3.9,Moderate Debt,<25
Female,Corporate 9-to-5,Night Owl,15,TikTok / Reels,39,1,73,24,34.6,6.13,20.3,15.0,4,3.9,Moderate Debt,<25
Female,Student,Night Owl,86,TikTok / Reels,61,1,0,26,61.1,3.8,21.6,18.9,6,9.6,Severe Sleep Debt,25-34
Female,Student,Night Owl,56,YouTube,57,1,74,53,44.8,4.31,21.7,19.0,4,7.3,Moderate Debt,35-44
Female,Student,Night Owl,59,TikTok / Reels,72,0,98,40,45.3,5.15,23.0,17.2,3,5.3,Moderate Debt,25-34
Female,Healthcare / Shift Worker,Morning Lark,26,YouTube,41,0,0,16,23.2,7.08,21.4,21.3,2,1.0,Mild Deficit,25-34
Female,Healthcare / Shift Worker,Intermediate,68,TikTok / Reels,51,1,75,34,59.1,5.97,20.9,17.5,3,4.7,Moderate Debt,45-54
Female,Healthcare / Shift Worker,Night Owl,88,TikTok / Reels,71,0,0,35,74.7,3.2,20.7,20.6,7,10.0,Severe Sleep Debt,25-34
Male,Freelance / Creative,Intermediate,57,TikTok / Reels,54,0,0,59,40.4,6.03,20.5,17.8,4,4.8,Moderate Debt,25-34
Male,Freelance / Creative,Night Owl,36,YouTube,21,1,0,2,23.6,6.59,20.1,22.3,1,1.1,Moderate Debt,35-44
Female,Remote Tech,Morning Lark,38,Instagram / Reddit,87,1,76,36,29.0,8.83,20.9,16.3,1,1.0,Optimal Recovery,25-34
Male,Corporate 9-to-5,Intermediate,60,YouTube,53,1,90,45,36.7,5.68,21.7,14.7,2,5.0,Moderate Debt,35-44
Female,Remote Tech,Night Owl,37,Streaming (Netflix/Hulu),54,0,0,7,32.0,4.49,20.4,21.9,2,4.2,Moderate Debt,45-54
Male,Healthcare / Shift Worker,Intermediate,20,TikTok / Reels,100,0,138,10,48.2,6.1,15.8,16.1,2,5.5,Moderate Debt,55+
Male,Corporate 9-to-5,Night Owl,85,TikTok / Reels,97,0,37,30,63.0,3.47,19.3,15.1,6,10.0,Severe Sleep Debt,<25
Male,Corporate 9-to-5,Morning Lark,52,Instagram / Reddit,74,0,120,5,44.0,7.96,19.9,20.8,2,1.5,Optimal Recovery,55+
Male,Corporate 9-to-5,Intermediate,57,Instagram / Reddit,33,0,0,24,41.1,7.25,24.1,15.8,1,1.0,Mild Deficit,25-34
Female,Student,Night Owl,31,TikTok / Reels,83,0,88,21,41.9,5.26,23.5,19.4,3,4.2,Moderate Debt,25-34
Female,Remote Tech,Intermediate,20,YouTube,20,0,32,52,23.2,7.84,25.7,23.6,2,1.0,Optimal Recovery,25-34
Female,Remote Tech,Morning Lark,27,TikTok / Reels,58,1,0,38,29.0,8.27,22.5,24.1,2,1.0,Optimal Recovery,55+
Female,Corporate 9-to-5,Morning Lark,34,Messaging / Chat,46,1,0,64,32.0,7.96,28.0,22.1,1,1.0,Optimal Recovery,25-34
Male,Student,Night Owl,36,TikTok / Reels,41,0,0,45,29.7,4.85,28.0,20.7,4,3.4,Moderate Debt,25-34
Female,Corporate 9-to-5,Night Owl,47,YouTube,60,0,107,62,45.5,5.98,19.2,21.0,3,5.2,Moderate Debt,35-44
Female,Corporate 9-to-5,Morning Lark,95,Streaming (Netflix/Hulu),67,0,119,29,37.7,5.99,16.3,17.1,3,5.7,Moderate Debt,25-34
Female,Student,Morning Lark,79,TikTok / Reels,71,1,105,70,68.8,6.2,21.3,14.1,3,5.6,Moderate Debt,<25
Non-Binary,Remote Tech,Night Owl,75,TikTok / Reels,53,0,0,6,55.6,5.74,21.0,22.6,4,5.1,Moderate Debt,<25
Female,Remote Tech,Night Owl,20,TikTok / Reels,51,0,23,0,28.9,6.26,19.9,16.4,2,2.0,Moderate Debt,<25
Male,Student,Morning Lark,72,TikTok / Reels,72,1,0,27,39.6,6.48,20.4,21.4,3,3.7,Moderate Debt,<25
Female,Corporate 9-to-5,Intermediate,93,TikTok / Reels,73,0,0,71,73.1,6.17,19.4,20.7,4,5.6,Moderate Debt,<25
Female,Healthcare / Shift Worker,Night Owl,36,News / Reading,58,0,0,55,24.9,4.41,23.5,18.0,3,5.0,Moderate Debt,35-44
Female,Corporate 9-to-5,Intermediate,19,Streaming (Netflix/Hulu),38,1,0,22,17.9,7.19,20.1,24.0,2,1.0,Mild Deficit,<25
Male,Corporate 9-to-5,Night Owl,69,YouTube,21,1,0,6,30.0,4.2,24.3,18.3,3,6.4,Moderate Debt,25-34
Male,Healthcare / Shift Worker,Intermediate,79,Instagram / Reddit,68,0,0,0,48.7,3.59,20.2,18.3,6,8.4,Moderate Debt,45-54
Male,Student,Intermediate,50,Instagram / Reddit,74,1,0,30,37.3,7.35,21.6,16.6,1,1.0,Mild Deficit,25-34
Female,Corporate 9-to-5,Intermediate,87,Instagram / Reddit,51,0,24,20,49.0,6.66,20.2,16.0,3,3.1,Moderate Debt,35-44
Female,Corporate 9-to-5,Night Owl,52,Instagram / Reddit,62,1,0,46,38.4,4.1,23.8,16.7,4,5.6,Moderate Debt,<25
Male,Healthcare / Shift Worker,Intermediate,24,YouTube,81,0,0,57,15.6,4.89,22.6,22.0,3,4.6,Moderate Debt,<25
Female,Student,Morning Lark,52,TikTok / Reels,95,0,41,33,64.0,7.0,23.5,21.3,4,5.0,Mild Deficit,<25
Male,Corporate 9-to-5,Intermediate,56,TikTok / Reels,47,0,0,11,39.4,5.93,24.6,14.2,3,3.0,Moderate Debt,<25
Male,Student,Night Owl,49,Messaging / Chat,53,0,0,40,31.9,6.02,24.5,20.4,4,3.3,Moderate Debt,25-34
Female,Corporate 9-to-5,Intermediate,16,TikTok / Reels,64,1,0,63,14.7,6.91,25.0,18.9,1,1.0,Mild Deficit,<25
Male,Remote Tech,Intermediate,127,Streaming (Netflix/Hulu),31,1,0,40,48.0,6.17,27.0,18.0,3,2.9,Moderate Debt,<25
Female,Corporate 9-to-5,Intermediate,171,Instagram / Reddit,12,0,0,33,75.7,5.15,24.4,20.5,3,5.0,Moderate Debt,<25
Female,Remote Tech,Morning Lark,42,Instagram / Reddit,28,0,0,14,44.4,9.1,24.7,23.3,0,1.0,Optimal Recovery,25-34
Female,Corporate 9-to-5,Morning Lark,46,TikTok / Reels,49,1,91,60,39.3,7.75,20.3,16.9,2,1.9,Optimal Recovery,<25
Male,Remote Tech,Intermediate,52,TikTok / Reels,41,0,0,41,40.4,5.53,20.7,19.7,4,4.9,Moderate Debt,25-34
Female,Remote Tech,Intermediate,47,Instagram / Reddit,39,1,23,30,36.8,7.33,24.4,20.1,2,1.3,Mild Deficit,25-34
Male,Remote Tech,Night Owl,25,Streaming (Netflix/Hulu),56,1,91,25,23.7,5.5,20.9,14.3,4,5.3,Moderate Debt,35-44
Male,Corporate 9-to-5,Night Owl,83,Instagram / Reddit,55,1,0,37,61.9,3.64,22.9,16.5,6,8.5,Moderate Debt,<25
Male,Remote Tech,Night Owl,85,Instagram / Reddit,40,1,103,0,53.9,4.49,15.0,17.1,4,8.4,Moderate Debt,45-54
Male,Student,Intermediate,47,YouTube,23,1,0,0,27.1,5.97,19.6,21.1,3,3.3,Moderate Debt,35-44
Female,Remote Tech,Night Owl,45,Instagram / Reddit,63,0,0,19,33.8,7.14,21.1,19.7,2,2.4,Mild Deficit,<25
Female,Student,Morning Lark,44,News / Reading,76,0,45,52,25.4,8.31,23.5,22.5,0,1.0,Optimal Recovery,45-54
Female,Remote Tech,Morning Lark,81,News / Reading,43,1,0,17,28.2,8.67,22.2,21.8,1,1.0,Optimal Recovery,45-54
Male,Remote Tech,Morning Lark,51,YouTube,47,1,0,33,43.5,7.43,23.9,21.6,1,1.0,Mild Deficit,<25
Non-Binary,Remote Tech,Intermediate,42,TikTok / Reels,71,1,24,41,28.5,7.13,25.2,17.8,2,1.0,Mild Deficit,25-34
Male,Freelance / Creative,Morning Lark,20,TikTok / Reels,76,1,0,28,25.0,8.74,23.4,18.3,0,1.0,Optimal Recovery,45-54
Male,Corporate 9-to-5,Intermediate,90,Instagram / Reddit,46,0,0,0,57.4,5.86,20.8,18.4,3,5.5,Moderate Debt,35-44
Male,Corporate 9-to-5,Intermediate,29,Instagram / Reddit,53,0,0,46,29.0,8.39,25.3,12.6,0,1.0,Optimal Recovery,<25
Female,Student,Intermediate,19,YouTube,85,0,0,90,33.1,7.6,28.0,21.4,1,1.0,Mild Deficit,<25
Male,Freelance / Creative,Intermediate,73,Instagram / Reddit,73,1,47,7,60.4,6.72,22.7,18.5,2,3.2,Moderate Debt,25-34
Male,Freelance / Creative,Intermediate,51,Messaging / Chat,32,0,0,56,35.5,6.9,24.9,24.7,2,1.0,Mild Deficit,25-34
Female,Remote Tech,Morning Lark,176,TikTok / Reels,21,1,164,0,119.4,5.12,19.4,15.4,6,9.4,Severe Sleep Debt,35-44
Male,Remote Tech,Morning Lark,17,Messaging / Chat,49,1,190,59,33.1,8.45,20.8,17.0,0,1.0,Optimal Recovery,25-34
Female,Student,Morning Lark,33,YouTube,36,0,0,0,19.9,8.23,21.1,20.7,0,1.0,Optimal Recovery,25-34
Male,Remote Tech,Morning Lark,73,TikTok / Reels,64,1,0,38,30.8,7.13,21.1,19.2,2,1.7,Mild Deficit,35-44
Male,Student,Intermediate,49,Streaming (Netflix/Hulu),69,0,31,36,38.4,7.65,20.8,20.0,3,1.9,Mild Deficit,<25
Male,Healthcare / Shift Worker,Night Owl,56,Messaging / Chat,60,1,0,55,32.9,3.2,20.8,21.7,4,6.7,Moderate Debt,25-34
Female,Student,Intermediate,56,Streaming (Netflix/Hulu),39,1,20,59,48.8,5.69,27.5,19.3,3,3.3,Moderate Debt,35-44
Male,Remote Tech,Intermediate,12,Messaging / Chat,30,1,0,29,17.4,8.18,25.8,21.3,2,1.0,Optimal Recovery,45-54
Male,Remote Tech,Night Owl,59,Messaging / Chat,68,0,0,21,38.4,5.12,21.7,16.1,4,6.0,Moderate Debt,25-34
Female,Student,Morning Lark,80,Instagram / Reddit,72,1,0,23,53.0,7.18,19.0,20.6,2,3.8,Mild Deficit,25-34
Male,Remote Tech,Morning Lark,26,Instagram / Reddit,77,1,0,29,22.8,9.11,25.5,18.0,1,1.0,Optimal Recovery,<25
Male,Remote Tech,Intermediate,28,YouTube,49,0,95,40,43.7,7.6,22.0,19.5,1,1.0,Mild Deficit,25-34
Male,Corporate 9-to-5,Intermediate,37,YouTube,53,0,0,41,30.6,5.67,21.0,20.4,3,4.3,Moderate Debt,25-34
Female,Corporate 9-to-5,Intermediate,19,Instagram / Reddit,71,0,0,23,20.8,7.32,26.7,17.6,2,1.0,Mild Deficit,25-34
Female,Remote Tech,Night Owl,24,Instagram / Reddit,55,0,0,46,24.0,6.52,22.7,14.0,2,1.9,Moderate Debt,25-34
Male,Healthcare / Shift Worker,Morning Lark,53,YouTube,44,0,0,50,43.4,6.18,24.2,20.3,2,2.8,Moderate Debt,25-34
Female,Corporate 9-to-5,Intermediate,106,YouTube,38,0,0,88,52.1,4.83,27.2,19.3,5,5.9,Moderate Debt,<25
Female,Remote Tech,Morning Lark,34,Messaging / Chat,69,1,0,63,27.2,8.39,19.5,21.8,2,1.0,Optimal Recovery,25-34
Male,Corporate 9-to-5,Night Owl,134,YouTube,49,1,114,46,64.1,3.33,16.6,18.6,5,10.0,Severe Sleep Debt,<25
Male,Corporate 9-to-5,Night Owl,34,News / Reading,44,0,0,30,20.6,6.06,21.8,22.4,1,2.3,Moderate Debt,25-34
Male,Freelance / Creative,Intermediate,84,Streaming (Netflix/Hulu),64,0,0,0,49.9,5.54,22.9,16.1,4,5.0,Moderate Debt,<25
Female,Healthcare / Shift Worker,Morning Lark,29,Streaming (Netflix/Hulu),41,0,130,0,30.5,7.53,22.2,17.3,2,1.0,Mild Deficit,45-54
Female,Corporate 9-to-5,Intermediate,64,TikTok / Reels,43,0,20,51,40.2,6.34,26.0,16.4,3,3.2,Moderate Debt,35-44
Female,Student,Morning Lark,123,YouTube,56,0,0,35,67.0,6.31,18.7,20.3,4,6.4,Moderate Debt,35-44
Female,Corporate 9-to-5,Intermediate,74,Instagram / Reddit,46,1,0,13,42.5,6.27,21.2,20.1,3,4.1,Moderate Debt,35-44
Male,Freelance / Creative,Intermediate,46,Streaming (Netflix/Hulu),83,0,129,31,55.9,5.73,20.6,12.9,5,7.1,Moderate Debt,25-34
Male,Corporate 9-to-5,Night Owl,44,YouTube,66,0,0,23,21.3,6.19,19.9,17.9,4,4.4,Moderate Debt,<25
Female,Corporate 9-to-5,Intermediate,65,Messaging / Chat,58,1,107,32,45.1,5.68,21.4,15.5,3,4.5,Moderate Debt,25-34
Female,Remote Tech,Morning Lark,78,Streaming (Netflix/Hulu),83,0,86,14,64.8,5.45,18.5,20.4,4,7.9,Moderate Debt,35-44
Female,Healthcare / Shift Worker,Morning Lark,84,YouTube,57,1,111,49,48.9,4.85,19.8,18.8,5,7.4,Moderate Debt,35-44
Female,Corporate 9-to-5,Morning Lark,53,Messaging / Chat,77,0,79,28,45.3,7.2,19.5,18.0,3,3.1,Mild Deficit,25-34
Female,Student,Morning Lark,63,TikTok / Reels,35,0,0,56,48.1,7.23,22.7,14.1,1,1.0,Mild Deficit,<25
Male,Corporate 9-to-5,Night Owl,28,TikTok / Reels,42,1,76,29,41.6,5.08,23.7,14.0,2,4.6,Moderate Debt,25-34
Male,Freelance / Creative,Morning Lark,69,TikTok / Reels,36,0,0,38,58.6,7.36,26.8,16.4,2,2.6,Mild Deficit,25-34
Male,Corporate 9-to-5,Night Owl,29,TikTok / Reels,65,1,0,32,22.7,5.05,24.8,13.5,3,3.7,Moderate Debt,35-44
Female,Freelance / Creative,Intermediate,57,Messaging / Chat,24,1,88,22,42.9,6.2,24.4,16.1,3,3.9,Moderate Debt,35-44
Male,Remote Tech,Intermediate,40,Instagram / Reddit,61,1,20,0,32.7,8.2,23.0,17.7,1,1.0,Optimal Recovery,25-34
Male,Remote Tech,Intermediate,116,Instagram / Reddit,45,1,0,62,55.5,5.7,28.0,19.3,3,4.5,Moderate Debt,55+
Male,Freelance / Creative,Intermediate,53,Streaming (Netflix/Hulu),58,0,0,51,33.1,6.71,24.7,19.8,1,1.1,Moderate Debt,35-44
Female,Freelance / Creative,Intermediate,123,Instagram / Reddit,55,0,0,19,70.7,3.72,13.8,20.9,4,9.4,Severe Sleep Debt,25-34
Male,Student,Intermediate,49,YouTube,66,1,126,52,33.7,6.57,20.0,15.1,2,3.6,Moderate Debt,<25
Male,Corporate 9-to-5,Intermediate,136,Streaming (Netflix/Hulu),100,0,248,0,80.2,5.05,13.8,13.7,5,9.8,Severe Sleep Debt,<25
Male,Remote Tech,Night Owl,71,YouTube,95,1,0,38,40.0,4.55,19.5,24.3,4,6.1,Moderate Debt,25-34
Female,Remote Tech,Intermediate,13,Streaming (Netflix/Hulu),71,1,0,35,16.2,8.77,25.1,18.5,0,1.0,Optimal Recovery,<25
Female,Remote Tech,Intermediate,40,Instagram / Reddit,48,0,0,60,36.4,7.2,26.6,22.4,2,1.3,Mild Deficit,<25
Female,Remote Tech,Intermediate,31,TikTok / Reels,59,1,0,48,28.2,7.4,25.5,18.8,1,1.0,Mild Deficit,25-34
Female,Corporate 9-to-5,Morning Lark,20,YouTube,47,0,20,8,22.1,8.71,19.7,18.3,0,1.0,Optimal Recovery,<25
Male,Student,Morning Lark,30,Messaging / Chat,40,0,0,48,39.3,7.56,23.1,21.0,3,1.1,Mild Deficit,45-54
Female,Student,Morning Lark,35,Streaming (Netflix/Hulu),16,1,0,52,20.4,8.06,26.7,23.1,2,1.0,Optimal Recovery,<25
Female,Corporate 9-to-5,Intermediate,14,TikTok / Reels,50,0,0,54,23.7,7.74,27.1,19.6,2,1.0,Mild Deficit,25-34
Female,Remote Tech,Intermediate,45,TikTok / Reels,61,1,44,26,39.6,6.52,26.4,13.3,3,3.9,Moderate Debt,25-34
Female,Remote Tech,Night Owl,69,Instagram / Reddit,67,0,20,85,48.2,5.44,24.8,19.5,3,4.7,Moderate Debt,55+
Female,Student,Night Owl,179,TikTok / Reels,57,0,87,34,105.2,3.2,19.9,17.4,7,10.0,Severe Sleep Debt,<25
Male,Corporate 9-to-5,Morning Lark,109,TikTok / Reels,41,1,154,39,80.1,4.91,16.8,18.8,5,9.6,Severe Sleep Debt,25-34
Male,Student,Intermediate,44,YouTube,45,0,0,16,32.1,7.59,21.5,23.0,2,1.4,Mild Deficit,55+
Female,Corporate 9-to-5,Night Owl,52,YouTube,73,0,0,84,36.9,4.94,19.9,20.4,5,5.5,Moderate Debt,45-54
Female,Remote Tech,Intermediate,73,YouTube,21,0,0,7,35.6,6.06,19.8,20.0,2,3.5,Moderate Debt,45-54
Female,Student,Intermediate,46,Streaming (Netflix/Hulu),45,0,0,20,36.3,5.66,21.9,21.1,3,3.7,Moderate Debt,25-34
Female,Student,Night Owl,54,TikTok / Reels,55,1,62,68,43.0,5.88,25.3,21.5,4,4.8,Moderate Debt,<25
Male,Corporate 9-to-5,Morning Lark,30,Streaming (Netflix/Hulu),47,0,0,24,22.9,9.12,21.9,22.6,0,1.0,Optimal Recovery,35-44
Male,Remote Tech,Night Owl,51,Instagram / Reddit,25,1,0,29,44.7,5.1,17.4,20.2,2,4.5,Moderate Debt,55+
Male,Freelance / Creative,Intermediate,55,Messaging / Chat,74,0,148,27,42.1,5.23,21.6,13.4,5,6.9,Moderate Debt,25-34
Male,Corporate 9-to-5,Intermediate,21,YouTube,78,1,0,54,10.0,8.05,25.5,20.0,0,1.0,Optimal Recovery,35-44
Female,Healthcare / Shift Worker,Morning Lark,72,TikTok / Reels,35,0,43,46,45.7,5.79,19.8,18.8,4,5.7,Moderate Debt,25-34
Male,Student,Night Owl,74,Messaging / Chat,10,1,20,49,47.4,5.47,21.4,18.3,3,4.2,Moderate Debt,35-44
Male,Student,Intermediate,76,Streaming (Netflix/Hulu),95,1,0,73,34.9,6.45,23.2,22.0,2,2.7,Moderate Debt,<25
Male,Corporate 9-to-5,Intermediate,30,Instagram / Reddit,47,0,0,50,27.7,6.79,25.8,22.5,2,2.0,Mild Deficit,25-34
Female,Corporate 9-to-5,Night Owl,123,TikTok / Reels,36,1,0,45,64.4,3.2,26.6,17.2,7,9.6,Severe Sleep Debt,25-34
Male,Freelance / Creative,Night Owl,41,TikTok / Reels,53,1,0,46,36.5,4.72,22.8,17.9,4,5.0,Moderate Debt,25-34
Male,Remote Tech,Night Owl,22,TikTok / Reels,61,1,155,56,28.8,7.3,19.4,12.2,2,2.4,Mild Deficit,25-34
Male,Corporate 9-to-5,Morning Lark,118,TikTok / Reels,42,1,0,12,66.4,7.11,19.7,20.8,1,3.0,Mild Deficit,<25
Female,Student,Night Owl,25,TikTok / Reels,58,1,0,37,24.8,5.62,22.6,18.8,2,2.5,Moderate Debt,35-44
Male,Corporate 9-to-5,Intermediate,62,TikTok / Reels,53,0,0,65,35.4,6.26,26.7,15.2,3,3.9,Moderate Debt,25-34
Male,Healthcare / Shift Worker,Intermediate,34,YouTube,41,0,0,0,26.0,5.29,19.5,20.0,0,2.3,Moderate Debt,35-44
Male,Student,Night Owl,16,Instagram / Reddit,22,0,21,36,24.1,5.42,23.5,18.4,3,2.7,Moderate Debt,<25
Male,Healthcare / Shift Worker,Morning Lark,25,Streaming (Netflix/Hulu),82,1,0,46,17.4,7.12,18.6,15.8,3,1.3,Mild Deficit,25-34
Male,Healthcare / Shift Worker,Morning Lark,110,TikTok / Reels,66,1,0,25,74.6,5.72,20.8,17.9,4,6.5,Moderate Debt,25-34
Female,Corporate 9-to-5,Intermediate,52,News / Reading,40,0,99,10,26.2,7.93,24.8,17.5,1,2.6,Optimal Recovery,<25
Male,Remote Tech,Night Owl,36,Instagram / Reddit,63,1,168,35,44.4,5.64,19.0,14.6,2,5.3,Moderate Debt,25-34
Female,Student,Intermediate,42,TikTok / Reels,38,1,0,66,35.8,7.08,24.4,16.8,2,1.3,Mild Deficit,<25
Male,Remote Tech,Intermediate,23,TikTok / Reels,54,0,53,26,29.9,7.2,18.2,14.3,2,1.2,Mild Deficit,<25
Female,Freelance / Creative,Intermediate,28,TikTok / Reels,67,0,0,17,25.0,8.2,20.7,21.0,0,1.0,Optimal Recovery,55+
Female,Student,Intermediate,84,Instagram / Reddit,64,1,206,41,54.5,5.71,20.5,15.6,3,6.2,Moderate Debt,25-34
Male,Corporate 9-to-5,Night Owl,59,YouTube,47,0,0,0,31.3,5.51,20.5,20.7,3,4.3,Moderate Debt,45-54
Male,Healthcare / Shift Worker,Morning Lark,50,TikTok / Reels,71,0,0,20,39.3,6.23,18.3,20.7,2,2.8,Moderate Debt,25-34
Male,Corporate 9-to-5,Intermediate,45,Instagram / Reddit,55,1,0,16,24.0,6.17,20.6,18.0,2,2.3,Moderate Debt,35-44
Male,Corporate 9-to-5,Night Owl,14,Streaming (Netflix/Hulu),44,1,0,59,17.7,6.98,25.4,24.1,0,1.0,Mild Deficit,35-44
Male,Student,Intermediate,47,YouTube,89,1,111,45,44.2,6.94,23.3,17.0,4,3.8,Mild Deficit,35-44
Female,Healthcare / Shift Worker,Intermediate,84,Instagram / Reddit,33,0,0,46,43.6,5.61,20.4,22.0,4,4.9,Moderate Debt,25-34
Female,Remote Tech,Morning Lark,33,TikTok / Reels,63,1,81,25,27.7,8.2,25.3,16.2,0,1.0,Optimal Recovery,25-34
Female,Corporate 9-to-5,Night Owl,48,YouTube,83,0,0,38,37.2,5.81,21.3,18.8,4,4.0,Moderate Debt,25-34
Female,Remote Tech,Intermediate,7,YouTube,21,0,0,56,17.5,7.29,26.1,21.5,1,1.0,Mild Deficit,55+
Male,Corporate 9-to-5,Intermediate,104,Instagram / Reddit,88,1,115,52,68.3,7.03,18.6,15.8,4,4.5,Mild Deficit,45-54
Male,Corporate 9-to-5,Intermediate,124,Instagram / Reddit,89,0,0,15,89.5,5.84,19.2,20.0,5,7.4,Moderate Debt,55+
Male,Corporate 9-to-5,Intermediate,124,TikTok / Reels,46,0,204,18,95.1,4.84,14.7,14.9,5,9.2,Severe Sleep Debt,<25
Female,Student,Night Owl,15,TikTok / Reels,61,1,0,50,20.3,7.26,23.0,18.7,3,1.0,Mild Deficit,35-44
Female,Freelance / Creative,Night Owl,88,YouTube,40,0,76,32,49.5,4.85,13.8,19.0,5,6.2,Moderate Debt,55+
Male,Corporate 9-to-5,Intermediate,5,TikTok / Reels,38,1,0,45,11.0,7.5,22.6,16.6,1,1.0,Mild Deficit,<25
Male,Corporate 9-to-5,Intermediate,92,TikTok / Reels,32,0,0,40,56.7,6.93,26.9,23.2,3,2.7,Mild Deficit,<25
Female,Healthcare / Shift Worker,Night Owl,50,TikTok / Reels,89,1,0,31,54.5,3.2,19.8,18.1,4,7.8,Moderate Debt,35-44
Male,Student,Intermediate,40,YouTube,50,1,0,52,24.3,7.51,20.5,17.2,1,1.0,Mild Deficit,35-44
Male,Freelance / Creative,Morning Lark,88,YouTube,27,0,80,5,60.2,6.5,18.5,19.5,3,3.7,Moderate Debt,45-54
Female,Corporate 9-to-5,Night Owl,54,Streaming (Netflix/Hulu),76,0,0,32,35.0,6.42,23.9,18.3,2,3.1,Moderate Debt,<25
Male,Corporate 9-to-5,Intermediate,28,Messaging / Chat,68,0,0,9,28.5,6.82,21.3,19.6,2,1.3,Mild Deficit,35-44
Female,Remote Tech,Intermediate,77,TikTok / Reels,63,0,98,31,65.8,5.33,19.4,17.8,4,7.0,Moderate Debt,<25
Male,Student,Morning Lark,102,YouTube,42,0,38,32,54.6,6.84,21.6,15.6,2,3.8,Mild Deficit,<25
Female,Remote Tech,Night Owl,84,Messaging / Chat,47,0,0,36,47.6,3.77,23.9,18.5,4,7.4,Moderate Debt,<25
Female,Remote Tech,Intermediate,87,Instagram / Reddit,96,1,0,41,49.1,6.61,20.4,18.1,2,3.3,Moderate Debt,45-54
Male,Corporate 9-to-5,Night Owl,22,Messaging / Chat,63,1,113,34,28.4,5.54,21.1,16.3,4,3.9,Moderate Debt,35-44
Female,Remote Tech,Night Owl,36,Messaging / Chat,44,1,0,14,25.7,5.61,21.4,17.8,1,2.4,Moderate Debt,25-34
Male,Student,Night Owl,59,Messaging / Chat,70,0,250,21,48.9,5.05,15.4,13.0,4,8.3,Moderate Debt,25-34
Female,Remote Tech,Night Owl,116,YouTube,72,1,87,33,63.0,4.53,16.3,19.5,5,9.2,Severe Sleep Debt,45-54
Female,Student,Morning Lark,29,TikTok / Reels,91,1,0,24,24.6,8.44,21.6,21.6,0,1.0,Optimal Recovery,25-34
Female,Remote Tech,Night Owl,113,TikTok / Reels,56,0,0,17,78.7,3.2,20.6,21.8,5,10.0,Severe Sleep Debt,45-54
Female,Corporate 9-to-5,Morning Lark,12,Instagram / Reddit,70,0,34,33,19.6,8.91,21.5,18.0,0,1.0,Optimal Recovery,25-34
Male,Corporate 9-to-5,Night Owl,104,YouTube,66,0,0,43,50.9,3.96,18.7,19.3,6,8.4,Moderate Debt,25-34
Female,Remote Tech,Intermediate,99,YouTube,41,1,142,55,56.7,5.65,16.1,14.3,4,4.6,Moderate Debt,25-34
Male,Corporate 9-to-5,Intermediate,154,TikTok / Reels,28,1,62,57,92.4,3.56,23.4,15.3,7,10.0,Severe Sleep Debt,25-34
Male,Student,Morning Lark,91,Streaming (Netflix/Hulu),67,0,0,27,43.6,7.36,20.4,21.2,1,2.2,Mild Deficit,35-44
Male,Healthcare / Shift Worker,Night Owl,63,YouTube,69,0,58,60,39.5,3.48,21.0,16.5,4,7.5,Moderate Debt,25-34
Female,Remote Tech,Morning Lark,40,Instagram / Reddit,10,1,0,29,36.6,8.9,24.3,19.7,1,1.0,Optimal Recovery,25-34
Male,Corporate 9-to-5,Intermediate,37,Streaming (Netflix/Hulu),66,0,0,85,23.5,7.04,26.3,20.7,2,1.0,Mild Deficit,45-54
Female,Freelance / Creative,Night Owl,49,YouTube,53,1,0,33,40.1,5.15,25.6,22.1,3,4.6,Moderate Debt,25-34
Female,Corporate 9-to-5,Intermediate,38,YouTube,64,1,0,28,29.5,7.8,20.1,20.8,2,1.0,Optimal Recovery,25-34
Female,Corporate 9-to-5,Morning Lark,77,Messaging / Chat,45,1,0,24,39.0,7.52,21.2,18.9,4,2.5,Mild Deficit,45-54
Female,Remote Tech,Intermediate,90,TikTok / Reels,84,1,0,12,60.6,5.71,22.9,21.9,4,4.8,Moderate Debt,35-44
Female,Student,Morning Lark,27,Streaming (Netflix/Hulu),76,1,113,74,30.4,7.7,18.2,21.6,2,2.5,Mild Deficit,<25
Male,Corporate 9-to-5,Intermediate,93,Messaging / Chat,27,1,0,57,48.8,5.8,27.0,20.5,3,3.1,Moderate Debt,55+
Female,Remote Tech,Night Owl,66,Instagram / Reddit,35,1,0,60,35.7,5.14,22.5,21.6,3,5.3,Moderate Debt,35-44
Female,Remote Tech,Intermediate,42,Instagram / Reddit,56,1,0,56,29.6,7.44,20.1,23.4,1,1.0,Mild Deficit,25-34
Male,Corporate 9-to-5,Morning Lark,103,TikTok / Reels,43,0,104,56,71.4,7.36,19.9,16.9,3,3.1,Mild Deficit,<25
Female,Corporate 9-to-5,Intermediate,30,Messaging / Chat,77,1,30,67,22.8,9.16,23.3,21.1,0,1.0,Optimal Recovery,35-44
Female,Student,Night Owl,20,YouTube,35,0,52,27,19.8,6.9,23.7,18.8,1,1.0,Mild Deficit,35-44
Female,Student,Morning Lark,29,Instagram / Reddit,76,0,32,19,21.4,7.58,20.9,20.3,0,1.0,Mild Deficit,25-34
Male,Corporate 9-to-5,Intermediate,36,TikTok / Reels,10,0,46,47,33.7,7.88,21.8,13.2,1,1.0,Optimal Recovery,45-54
Female,Corporate 9-to-5,Intermediate,100,News / Reading,47,0,0,47,43.5,5.97,20.3,21.3,3,3.8,Moderate Debt,35-44
Female,Student,Night Owl,97,Messaging / Chat,83,1,36,45,76.5,3.84,21.8,17.1,5,8.8,Severe Sleep Debt,<25
Female,Healthcare / Shift Worker,Night Owl,53,Instagram / Reddit,54,1,0,36,40.1,3.97,23.4,20.7,4,6.9,Moderate Debt,25-34
Male,Corporate 9-to-5,Intermediate,10,YouTube,56,1,0,23,28.4,7.85,23.4,18.3,0,1.0,Optimal Recovery,25-34
Male,Remote Tech,Intermediate,32,TikTok / Reels,71,1,107,40,40.0,7.25,19.9,15.2,3,3.1,Mild Deficit,35-44
Male,Corporate 9-to-5,Intermediate,145,YouTube,66,1,134,21,74.3,4.42,19.3,20.0,5,8.7,Severe Sleep Debt,<25
Female,Corporate 9-to-5,Intermediate,86,Messaging / Chat,53,0,0,16,67.2,5.33,19.7,19.2,3,6.2,Moderate Debt,35-44
Female,Corporate 9-to-5,Intermediate,10,Streaming (Netflix/Hulu),81,1,0,42,20.6,7.69,25.8,19.8,1,1.0,Mild Deficit,35-44
Female,Student,Intermediate,6,Instagram / Reddit,58,0,0,18,19.3,7.41,26.4,16.0,1,1.0,Mild Deficit,45-54
Female,Remote Tech,Morning Lark,84,Streaming (Netflix/Hulu),66,1,130,55,59.2,6.59,21.4,16.3,3,4.1,Moderate Debt,25-34
Female,Healthcare / Shift Worker,Night Owl,114,YouTube,74,0,0,11,59.7,3.2,16.7,15.2,5,9.9,Severe Sleep Debt,45-54
Female,Student,Morning Lark,24,Streaming (Netflix/Hulu),10,1,49,53,33.3,8.21,24.8,17.2,0,1.0,Optimal Recovery,<25
Male,Healthcare / Shift Worker,Morning Lark,31,Instagram / Reddit,41,0,41,0,29.0,5.78,19.7,19.0,2,2.9,Moderate Debt,45-54
Male,Corporate 9-to-5,Intermediate,95,TikTok / Reels,43,1,0,13,58.8,4.46,21.3,20.2,3,7.3,Moderate Debt,<25
Female,Corporate 9-to-5,Morning Lark,42,Instagram / Reddit,68,0,0,71,45.3,7.21,21.3,18.7,2,2.4,Mild Deficit,25-34
Male,Freelance / Creative,Intermediate,46,Messaging / Chat,90,1,0,65,18.6,8.04,24.8,19.7,0,1.0,Optimal Recovery,35-44
Female,Student,Intermediate,44,YouTube,18,1,20,9,32.9,7.78,21.3,21.1,1,1.0,Optimal Recovery,<25
Female,Healthcare / Shift Worker,Night Owl,56,YouTube,47,0,55,37,39.2,4.03,22.3,18.9,4,6.8,Moderate Debt,25-34
Male,Corporate 9-to-5,Night Owl,64,Messaging / Chat,77,0,27,7,41.1,4.77,15.2,18.2,4,7.3,Moderate Debt,35-44
Female,Remote Tech,Night Owl,152,Messaging / Chat,20,1,0,50,57.9,3.2,23.1,20.6,4,7.6,Moderate Debt,35-44
Female,Student,Morning Lark,40,News / Reading,63,0,0,41,29.0,8.43,17.6,24.0,0,1.0,Optimal Recovery,35-44
Female,Corporate 9-to-5,Night Owl,46,YouTube,64,1,0,34,31.7,5.29,23.2,15.4,4,4.9,Moderate Debt,35-44
Male,Remote Tech,Intermediate,22,Streaming (Netflix/Hulu),66,1,0,24,29.3,7.65,25.0,20.8,1,1.0,Mild Deficit,25-34
Male,Remote Tech,Intermediate,56,Streaming (Netflix/Hulu),33,1,20,51,38.8,6.68,24.2,17.7,2,1.6,Moderate Debt,25-34
Female,Corporate 9-to-5,Intermediate,100,YouTube,54,0,0,43,52.1,6.48,20.1,19.2,4,4.3,Moderate Debt,25-34
Male,Corporate 9-to-5,Intermediate,30,YouTube,31,0,51,3,30.9,7.62,23.3,21.5,2,1.0,Mild Deficit,<25
Male,Corporate 9-to-5,Night Owl,27,Instagram / Reddit,77,1,0,34,18.2,6.45,23.8,21.0,2,2.9,Moderate Debt,45-54
Male,Corporate 9-to-5,Intermediate,94,YouTube,34,1,0,16,44.0,5.64,19.0,21.8,2,4.9,Moderate Debt,35-44
Male,Student,Intermediate,64,TikTok / Reels,56,0,0,39,48.4,6.07,22.5,20.1,4,4.5,Moderate Debt,25-34
Female,Corporate 9-to-5,Morning Lark,27,TikTok / Reels,97,0,20,35,35.8,7.76,20.5,20.3,2,2.0,Optimal Recovery,25-34
Female,Corporate 9-to-5,Night Owl,58,Streaming (Netflix/Hulu),78,0,79,39,44.8,5.02,14.6,18.5,3,7.0,Moderate Debt,55+
Male,Healthcare / Shift Worker,Night Owl,25,TikTok / Reels,20,0,0,47,22.8,4.74,22.6,23.5,3,4.5,Moderate Debt,<25
Male,Remote Tech,Intermediate,41,Messaging / Chat,49,1,0,10,24.6,6.04,23.1,18.8,3,3.7,Moderate Debt,35-44
Male,Remote Tech,Intermediate,44,YouTube,56,1,173,38,41.6,6.77,17.9,14.0,2,3.5,Mild Deficit,25-34
Male,Student,Night Owl,94,YouTube,51,0,0,60,44.9,4.7,19.4,21.8,4,5.9,Moderate Debt,35-44
Male,Freelance / Creative,Intermediate,74,News / Reading,63,0,20,54,23.2,6.62,20.5,18.9,2,2.7,Moderate Debt,<25
Male,Corporate 9-to-5,Intermediate,97,Instagram / Reddit,67,0,0,24,58.0,6.02,18.6,14.5,3,5.3,Moderate Debt,45-54
Male,Remote Tech,Intermediate,40,YouTube,92,1,0,40,24.8,8.3,21.0,19.5,0,1.0,Optimal Recovery,55+
Male,Student,Morning Lark,70,Messaging / Chat,46,1,47,20,38.2,8.0,21.8,20.9,1,1.0,Optimal Recovery,35-44
Male,Corporate 9-to-5,Intermediate,13,Streaming (Netflix/Hulu),70,0,0,51,21.1,8.14,21.8,23.6,1,1.0,Optimal Recovery,35-44
Female,Student,Intermediate,27,Instagram / Reddit,51,1,0,20,18.9,7.61,24.3,18.7,1,1.0,Mild Deficit,45-54
Female,Freelance / Creative,Intermediate,20,Messaging / Chat,86,0,77,3,35.2,6.29,19.3,18.6,2,4.0,Moderate Debt,35-44
Female,Freelance / Creative,Night Owl,85,TikTok / Reels,63,1,0,52,49.5,3.83,22.2,19.3,5,6.5,Moderate Debt,<25
Male,Corporate 9-to-5,Morning Lark,136,YouTube,56,0,132,77,82.2,5.72,14.2,18.9,5,8.3,Moderate Debt,35-44
Female,Corporate 9-to-5,Intermediate,45,Messaging / Chat,50,0,0,57,29.2,7.01,21.8,23.1,2,2.1,Mild Deficit,35-44
Male,Freelance / Creative,Morning Lark,73,YouTube,38,0,78,63,36.7,7.17,24.5,15.9,2,1.6,Mild Deficit,25-34
Female,Remote Tech,Morning Lark,72,News / Reading,72,1,80,12,29.3,7.46,19.4,17.7,1,1.0,Mild Deficit,35-44
Female,Corporate 9-to-5,Intermediate,128,TikTok / Reels,39,1,55,58,88.8,5.18,20.2,19.0,6,8.3,Moderate Debt,55+
Male,Student,Night Owl,41,YouTube,18,1,0,57,31.2,5.8,28.0,18.0,2,2.7,Moderate Debt,55+
Female,Corporate 9-to-5,Intermediate,55,Instagram / Reddit,36,0,0,49,27.0,6.98,24.0,20.5,2,1.3,Mild Deficit,25-34
Female,Corporate 9-to-5,Intermediate,27,Instagram / Reddit,58,0,0,5,6.3,6.83,25.2,21.0,1,1.0,Mild Deficit,<25
Female,Healthcare / Shift Worker,Morning Lark,21,YouTube,31,0,181,59,35.9,5.67,21.8,16.3,4,5.7,Moderate Debt,55+
Female,Corporate 9-to-5,Intermediate,79,TikTok / Reels,39,0,20,54,50.8,4.56,23.4,15.4,5,6.3,Moderate Debt,45-54
Male,Corporate 9-to-5,Night Owl,31,News / Reading,17,1,0,34,13.7,6.57,24.7,23.9,0,1.0,Moderate Debt,<25
Female,Corporate 9-to-5,Intermediate,33,Messaging / Chat,38,0,49,27,21.1,7.65,20.4,22.1,0,1.0,Mild Deficit,45-54
Male,Student,Night Owl,69,YouTube,89,0,0,57,46.6,3.96,23.1,21.8,5,8.8,Severe Sleep Debt,45-54
Female,Corporate 9-to-5,Night Owl,43,Instagram / Reddit,42,0,0,6,26.8,5.96,20.4,15.1,3,3.2,Moderate Debt,25-34
Male,Remote Tech,Intermediate,80,Instagram / Reddit,53,0,39,24,56.8,5.45,17.3,18.3,4,5.9,Moderate Debt,35-44
Female,Student,Intermediate,81,Streaming (Netflix/Hulu),100,1,45,75,52.4,5.94,22.6,19.5,4,5.6,Moderate Debt,25-34
Male,Healthcare / Shift Worker,Intermediate,58,YouTube,62,1,81,15,39.8,5.34,17.3,19.1,2,4.5,Moderate Debt,<25
Male,Corporate 9-to-5,Night Owl,54,Streaming (Netflix/Hulu),61,0,118,73,38.6,6.11,17.5,19.4,3,4.4,Moderate Debt,25-34
Female,Healthcare / Shift Worker,Morning Lark,135,News / Reading,36,0,167,27,58.0,4.28,19.4,16.2,4,7.8,Moderate Debt,45-54
Male,Corporate 9-to-5,Intermediate,47,YouTube,60,0,20,22,30.3,7.24,23.0,17.4,1,1.0,Mild Deficit,<25
Male,Student,Intermediate,83,TikTok / Reels,90,0,0,57,61.3,5.81,24.3,17.4,6,6.6,Moderate Debt,25-34
Female,Remote Tech,Intermediate,26,YouTube,31,1,130,47,26.8,8.47,19.6,14.2,1,1.0,Optimal Recovery,25-34
Female,Corporate 9-to-5,Night Owl,53,Messaging / Chat,51,1,0,80,45.1,4.6,23.6,21.3,3,4.1,Moderate Debt,25-34
Male,Student,Intermediate,84,Streaming (Netflix/Hulu),32,0,0,28,39.7,6.24,23.2,24.7,3,4.2,Moderate Debt,45-54
Male,Corporate 9-to-5,Intermediate,28,Streaming (Netflix/Hulu),87,1,0,22,22.2,7.08,21.0,17.9,0,1.4,Mild Deficit,25-34
Female,Corporate 9-to-5,Intermediate,49,Streaming (Netflix/Hulu),31,0,0,40,25.6,7.85,20.3,17.3,1,1.0,Optimal Recovery,25-34
Female,Remote Tech,Morning Lark,52,YouTube,41,1,78,29,33.1,7.22,19.7,20.3,2,2.8,Mild Deficit,35-44
Male,Student,Morning Lark,29,Instagram / Reddit,32,1,0,56,26.3,7.92,21.0,15.7,2,1.0,Optimal Recovery,25-34
Male,Corporate 9-to-5,Intermediate,33,Instagram / Reddit,27,1,69,49,38.5,7.54,21.8,19.0,2,1.0,Mild Deficit,25-34
Male,Corporate 9-to-5,Intermediate,25,TikTok / Reels,57,1,41,41,27.5,6.85,28.0,16.6,0,1.0,Mild Deficit,25-34
Female,Corporate 9-to-5,Intermediate,9,YouTube,48,0,0,84,27.5,7.06,21.5,24.1,2,1.4,Mild Deficit,<25
Male,Remote Tech,Morning Lark,26,TikTok / Reels,62,0,202,0,42.7,7.35,13.3,13.9,1,2.9,Mild Deficit,<25
Female,Remote Tech,Intermediate,58,Messaging / Chat,67,1,0,28,32.5,6.55,28.0,19.1,1,1.0,Moderate Debt,25-34
Female,Corporate 9-to-5,Night Owl,34,News / Reading,21,0,0,33,34.6,6.08,25.1,21.3,2,2.3,Moderate Debt,25-34
Male,Corporate 9-to-5,Night Owl,49,TikTok / Reels,61,1,0,58,32.6,3.95,26.1,21.6,4,5.6,Moderate Debt,45-54
Non-Binary,Remote Tech,Morning Lark,54,Instagram / Reddit,37,1,0,50,29.2,7.78,22.7,18.9,2,1.0,Optimal Recovery,25-34
Female,Healthcare / Shift Worker,Intermediate,44,Streaming (Netflix/Hulu),58,0,0,17,27.4,4.62,20.9,19.2,5,5.6,Moderate Debt,35-44
Female,Student,Night Owl,83,Streaming (Netflix/Hulu),62,0,0,10,42.7,4.76,20.6,24.5,4,5.5,Moderate Debt,35-44
Male,Healthcare / Shift Worker,Intermediate,163,Instagram / Reddit,50,0,0,20,76.6,3.2,18.6,20.2,6,10.0,Severe Sleep Debt,<25
Male,Corporate 9-to-5,Night Owl,26,YouTube,81,0,0,29,41.7,4.87,24.4,23.3,3,4.7,Moderate Debt,35-44
Male,Freelance / Creative,Night Owl,93,TikTok / Reels,26,1,0,66,58.3,4.06,20.3,17.2,5,7.8,Moderate Debt,<25
Male,Corporate 9-to-5,Morning Lark,30,TikTok / Reels,32,0,0,49,32.3,8.26,22.5,21.7,1,1.0,Optimal Recovery,55+
Female,Freelance / Creative,Intermediate,65,Messaging / Chat,60,0,0,12,43.2,6.87,20.8,20.7,2,3.3,Mild Deficit,<25
Non-Binary,Corporate 9-to-5,Morning Lark,19,Instagram / Reddit,97,0,0,27,27.2,8.26,21.0,19.0,0,1.0,Optimal Recovery,25-34
Male,Remote Tech,Morning Lark,62,News / Reading,36,0,51,62,30.6,7.75,26.0,24.1,3,1.0,Optimal Recovery,<25
Male,Remote Tech,Night Owl,39,Instagram / Reddit,54,0,118,32,40.8,4.76,23.0,19.0,4,6.3,Moderate Debt,55+
Male,Remote Tech,Night Owl,39,Instagram / Reddit,79,1,0,59,29.6,5.81,23.5,20.4,3,2.4,Moderate Debt,25-34
Male,Healthcare / Shift Worker,Morning Lark,58,Messaging / Chat,73,0,30,42,39.1,5.6,24.5,20.2,3,4.0,Moderate Debt,35-44
Female,Student,Intermediate,24,Instagram / Reddit,67,0,0,49,34.2,7.82,19.8,18.9,1,1.0,Optimal Recovery,<25
Female,Freelance / Creative,Intermediate,24,YouTube,41,0,0,77,17.2,7.03,19.9,18.0,2,1.0,Mild Deficit,35-44
Male,Student,Intermediate,40,TikTok / Reels,54,1,77,34,39.8,6.91,22.2,15.4,2,2.9,Mild Deficit,<25
Female,Remote Tech,Intermediate,92,TikTok / Reels,56,1,22,13,57.0,4.93,16.2,19.9,5,7.1,Moderate Debt,45-54
Female,Corporate 9-to-5,Night Owl,41,Streaming (Netflix/Hulu),76,0,0,21,30.4,5.53,21.6,20.2,3,4.0,Moderate Debt,<25
Male,Freelance / Creative,Morning Lark,165,Instagram / Reddit,52,1,100,36,103.1,5.2,19.7,16.2,5,10.0,Severe Sleep Debt,<25
Male,Remote Tech,Morning Lark,180,TikTok / Reels,82,1,0,35,99.8,5.17,17.5,16.9,6,9.8,Severe Sleep Debt,<25
Female,Student,Morning Lark,49,YouTube,54,1,40,22,36.7,8.29,23.6,20.2,2,1.0,Optimal Recovery,25-34
Male,Remote Tech,Intermediate,132,Instagram / Reddit,58,0,0,65,67.5,5.69,22.4,20.7,5,6.2,Moderate Debt,35-44
Male,Remote Tech,Intermediate,27,YouTube,52,0,0,38,23.4,7.14,23.7,22.9,2,1.0,Mild Deficit,<25
Male,Freelance / Creative,Intermediate,53,Instagram / Reddit,51,1,0,49,34.8,6.83,23.1,21.0,2,1.2,Mild Deficit,35-44
Male,Corporate 9-to-5,Intermediate,59,News / Reading,54,1,247,4,47.3,7.48,13.2,18.3,2,4.4,Mild Deficit,25-34
Female,Corporate 9-to-5,Night Owl,74,Streaming (Netflix/Hulu),56,0,0,3,53.7,4.85,21.7,17.7,4,5.6,Moderate Debt,25-34
Female,Corporate 9-to-5,Intermediate,17,TikTok / Reels,23,1,20,21,22.7,6.45,23.9,21.1,2,1.5,Moderate Debt,25-34
Female,Healthcare / Shift Worker,Intermediate,57,TikTok / Reels,49,1,86,52,47.8,5.46,23.7,17.6,5,5.3,Moderate Debt,25-34
Female,Corporate 9-to-5,Night Owl,109,YouTube,89,0,77,1,71.7,3.64,19.3,21.3,5,9.4,Severe Sleep Debt,25-34
Male,Corporate 9-to-5,Night Owl,8,TikTok / Reels,19,1,0,12,8.6,7.09,26.5,18.9,2,1.0,Mild Deficit,<25
Male,Corporate 9-to-5,Morning Lark,28,Instagram / Reddit,50,0,155,0,31.0,8.08,20.1,11.9,0,1.8,Optimal Recovery,<25
Male,Remote Tech,Intermediate,111,YouTube,44,1,0,0,58.4,6.08,26.0,21.7,3,3.0,Moderate Debt,45-54
Male,Remote Tech,Night Owl,33,Instagram / Reddit,62,1,0,45,39.5,5.65,25.7,21.6,5,4.4,Moderate Debt,55+
Male,Corporate 9-to-5,Morning Lark,56,YouTube,65,1,0,68,38.9,7.57,25.7,23.3,2,1.2,Mild Deficit,25-34
Female,Freelance / Creative,Intermediate,67,TikTok / Reels,58,0,37,50,48.7,6.23,22.8,18.8,2,2.4,Moderate Debt,25-34
Female,Freelance / Creative,Intermediate,28,YouTube,15,0,250,42,40.1,7.53,18.4,14.0,2,3.2,Mild Deficit,35-44
Male,Corporate 9-to-5,Morning Lark,21,Instagram / Reddit,14,0,71,28,22.7,8.82,22.5,16.8,1,1.0,Optimal Recovery,25-34
Female,Student,Morning Lark,44,Streaming (Netflix/Hulu),10,1,0,42,25.1,7.86,24.3,20.3,1,1.0,Optimal Recovery,<25
Female,Remote Tech,Intermediate,98,TikTok / Reels,52,0,133,32,73.6,4.85,17.6,17.7,4,6.1,Moderate Debt,<25
Male,Corporate 9-to-5,Night Owl,57,Streaming (Netflix/Hulu),22,0,160,48,44.9,5.58,20.4,19.1,4,6.4,Moderate Debt,35-44
Female,Corporate 9-to-5,Night Owl,22,Streaming (Netflix/Hulu),10,0,0,26,24.9,6.64,24.7,18.4,2,1.0,Moderate Debt,35-44
Male,Remote Tech,Night Owl,84,Instagram / Reddit,37,1,0,46,40.6,4.37,21.1,19.1,4,6.6,Moderate Debt,<25
Female,Remote Tech,Morning Lark,23,Instagram / Reddit,41,1,41,0,20.1,8.89,24.4,21.3,0,1.0,Optimal Recovery,25-34
Female,Corporate 9-to-5,Morning Lark,66,Streaming (Netflix/Hulu),53,1,0,0,39.6,6.73,21.1,21.1,1,1.9,Moderate Debt,25-34
Female,Healthcare / Shift Worker,Night Owl,46,TikTok / Reels,55,1,0,62,48.2,4.58,25.5,17.7,5,5.7,Moderate Debt,35-44
Male,Remote Tech,Intermediate,37,YouTube,56,1,98,17,38.0,7.43,19.7,15.5,2,1.3,Mild Deficit,<25
Female,Student,Intermediate,43,Instagram / Reddit,71,1,0,64,33.9,7.07,27.0,17.0,2,1.1,Mild Deficit,<25
Male,Corporate 9-to-5,Morning Lark,47,Messaging / Chat,49,1,166,47,34.7,7.77,21.1,14.1,1,1.3,Optimal Recovery,45-54
Male,Remote Tech,Intermediate,50,TikTok / Reels,70,1,0,21,51.6,6.64,24.1,17.5,3,4.1,Moderate Debt,<25
Male,Corporate 9-to-5,Intermediate,59,Streaming (Netflix/Hulu),48,1,0,36,30.5,6.28,24.0,21.1,3,2.0,Moderate Debt,35-44
Female,Remote Tech,Morning Lark,92,TikTok / Reels,47,1,0,32,47.0,6.35,28.0,16.5,4,1.7,Moderate Debt,25-34
Female,Healthcare / Shift Worker,Night Owl,143,Streaming (Netflix/Hulu),44,0,0,58,64.7,3.2,19.8,20.6,6,9.8,Severe Sleep Debt,<25
Male,Student,Morning Lark,51,Instagram / Reddit,54,0,0,15,40.9,8.08,22.0,20.0,0,1.0,Optimal Recovery,25-34
Male,Remote Tech,Night Owl,85,YouTube,68,0,20,54,53.7,4.75,19.2,21.9,4,6.7,Moderate Debt,35-44
Non-Binary,Student,Night Owl,55,Streaming (Netflix/Hulu),68,1,0,19,28.5,5.74,23.0,23.1,4,3.8,Moderate Debt,45-54
Female,Freelance / Creative,Intermediate,41,Instagram / Reddit,67,0,26,5,36.2,7.61,20.2,19.7,0,1.0,Mild Deficit,45-54
Male,Student,Night Owl,61,TikTok / Reels,61,1,0,7,39.1,6.25,24.4,20.0,3,2.7,Moderate Debt,25-34
Female,Corporate 9-to-5,Intermediate,17,Messaging / Chat,32,0,0,15,20.1,7.65,20.2,19.5,0,1.0,Mild Deficit,35-44
Female,Student,Morning Lark,25,TikTok / Reels,100,0,0,17,20.4,8.54,22.8,19.5,1,1.0,Optimal Recovery,<25
Female,Corporate 9-to-5,Intermediate,20,YouTube,28,1,250,26,43.5,7.53,16.4,14.0,2,3.2,Mild Deficit,25-34
Female,Healthcare / Shift Worker,Intermediate,59,Streaming (Netflix/Hulu),57,0,125,30,34.5,5.96,16.0,16.2,2,4.4,Moderate Debt,45-54
Female,Remote Tech,Intermediate,10,Streaming (Netflix/Hulu),100,0,48,21,31.6,7.08,17.5,19.0,2,1.9,Mild Deficit,<25
Female,Remote Tech,Intermediate,19,TikTok / Reels,73,0,100,26,19.5,7.45,14.8,20.5,1,1.8,Mild Deficit,<25
Male,Corporate 9-to-5,Intermediate,13,Instagram / Reddit,41,0,83,66,33.0,7.56,25.3,19.4,2,1.2,Mild Deficit,<25
Female,Remote Tech,Intermediate,52,TikTok / Reels,79,0,0,24,44.7,7.58,18.3,19.1,3,2.8,Mild Deficit,<25
Male,Freelance / Creative,Intermediate,37,Streaming (Netflix/Hulu),59,1,0,26,21.9,7.12,28.0,15.4,0,1.0,Mild Deficit,<25
Female,Corporate 9-to-5,Intermediate,43,YouTube,39,1,0,24,36.5,7.5,23.2,17.6,2,1.0,Mild Deficit,35-44
Female,Remote Tech,Intermediate,66,Streaming (Netflix/Hulu),59,1,0,53,38.0,5.72,22.3,17.9,3,4.0,Moderate Debt,25-34
Female,Freelance / Creative,Night Owl,48,Streaming (Netflix/Hulu),48,0,50,0,29.5,5.02,17.3,17.4,4,6.6,Moderate Debt,45-54
Female,Remote Tech,Intermediate,40,TikTok / Reels,51,1,69,26,45.9,6.99,24.3,17.2,2,2.9,Mild Deficit,45-54
Male,Remote Tech,Night Owl,10,TikTok / Reels,56,0,130,32,32.8,7.21,22.0,14.9,2,1.4,Mild Deficit,25-34
Female,Remote Tech,Intermediate,66,TikTok / Reels,69,1,0,4,48.7,6.79,18.5,21.8,3,3.3,Mild Deficit,25-34
Female,Remote Tech,Intermediate,9,Streaming (Netflix/Hulu),73,0,20,23,24.6,6.95,23.5,19.6,1,1.0,Mild Deficit,25-34
Female,Corporate 9-to-5,Intermediate,57,Instagram / Reddit,40,0,29,20,30.6,7.59,20.0,18.7,1,1.0,Mild Deficit,35-44
Male,Corporate 9-to-5,Morning Lark,180,Messaging / Chat,62,0,0,34,94.9,4.0,16.8,21.9,5,10.0,Severe Sleep Debt,25-34
Male,Student,Night Owl,73,TikTok / Reels,50,0,20,22,46.1,4.41,20.9,18.2,4,6.2,Moderate Debt,35-44
Female,Freelance / Creative,Morning Lark,32,TikTok / Reels,70,0,0,0,17.7,8.39,22.5,21.2,1,1.0,Optimal Recovery,25-34
Female,Corporate 9-to-5,Intermediate,89,News / Reading,35,0,62,54,44.2,5.19,21.3,19.0,4,6.3,Moderate Debt,25-34
Female,Corporate 9-to-5,Morning Lark,157,Streaming (Netflix/Hulu),55,1,0,37,80.3,5.94,23.6,22.2,5,7.1,Moderate Debt,25-34
Male,Remote Tech,Morning Lark,99,Instagram / Reddit,18,0,0,38,54.3,6.18,23.9,19.0,4,3.6,Moderate Debt,25-34
Female,Healthcare / Shift Worker,Night Owl,119,News / Reading,69,1,0,67,50.1,3.2,25.0,18.9,5,8.2,Moderate Debt,55+
Male,Corporate 9-to-5,Intermediate,27,News / Reading,91,0,0,23,25.4,7.33,24.6,19.2,2,1.0,Mild Deficit,35-44
Male,Healthcare / Shift Worker,Night Owl,38,TikTok / Reels,86,1,0,65,32.5,4.56,24.4,18.9,4,5.0,Moderate Debt,<25
Male,Corporate 9-to-5,Intermediate,80,TikTok / Reels,72,0,0,38,55.9,6.73,19.3,21.8,4,4.0,Moderate Debt,45-54
Male,Freelance / Creative,Intermediate,47,YouTube,66,0,0,13,27.6,7.35,22.9,18.9,1,1.0,Mild Deficit,25-34
Male,Remote Tech,Intermediate,25,Messaging / Chat,96,1,86,34,20.5,8.71,15.6,16.1,0,1.0,Optimal Recovery,45-54
Female,Student,Intermediate,74,YouTube,44,1,110,56,56.4,5.72,21.8,15.8,4,4.9,Moderate Debt,45-54
Male,Remote Tech,Night Owl,80,Streaming (Netflix/Hulu),50,0,0,2,48.9,4.12,20.0,17.6,5,7.2,Moderate Debt,25-34
Male,Healthcare / Shift Worker,Intermediate,41,Streaming (Netflix/Hulu),83,1,0,39,25.7,6.21,24.7,19.7,3,1.8,Moderate Debt,<25
Female,Corporate 9-to-5,Intermediate,22,Instagram / Reddit,52,0,0,62,24.9,7.21,22.1,18.4,1,1.0,Mild Deficit,25-34
Male,Corporate 9-to-5,Night Owl,36,TikTok / Reels,36,1,54,62,45.2,4.76,24.4,15.4,4,6.1,Moderate Debt,25-34
Female,Remote Tech,Morning Lark,38,Instagram / Reddit,25,0,0,20,38.8,8.19,25.2,19.1,1,1.0,Optimal Recovery,35-44
Male,Healthcare / Shift Worker,Intermediate,55,TikTok / Reels,38,1,0,17,42.8,4.98,22.7,17.1,4,5.2,Moderate Debt,25-34
Male,Student,Intermediate,19,YouTube,90,1,0,13,36.8,7.35,25.8,20.0,2,1.7,Mild Deficit,<25
Female,Remote Tech,Morning Lark,45,YouTube,53,1,139,43,49.3,7.13,25.5,18.3,3,3.1,Mild Deficit,45-54
Male,Remote Tech,Intermediate,34,TikTok / Reels,40,1,27,20,52.6,6.11,21.6,17.1,3,3.8,Moderate Debt,55+
Female,Corporate 9-to-5,Morning Lark,74,Messaging / Chat,53,0,47,54,42.5,6.38,23.2,21.2,3,3.2,Moderate Debt,25-34
Female,Healthcare / Shift Worker,Night Owl,180,Messaging / Chat,62,0,0,4,88.4,3.2,15.9,21.3,5,10.0,Severe Sleep Debt,<25
Female,Healthcare / Shift Worker,Intermediate,57,Messaging / Chat,18,1,0,40,31.6,5.35,22.7,20.0,2,3.2,Moderate Debt,25-34
Male,Student,Night Owl,49,TikTok / Reels,37,0,20,35,35.0,6.23,22.0,18.0,2,2.5,Moderate Debt,<25
Female,Remote Tech,Intermediate,65,Messaging / Chat,25,0,0,32,31.1,7.13,24.0,21.9,2,1.9,Mild Deficit,45-54
Female,Freelance / Creative,Intermediate,81,Instagram / Reddit,84,0,0,48,42.5,5.37,21.6,16.9,4,5.5,Moderate Debt,<25
Male,Healthcare / Shift Worker,Night Owl,4,Messaging / Chat,53,0,74,26,38.4,5.55,18.3,19.7,4,3.3,Moderate Debt,35-44
Female,Student,Night Owl,49,Streaming (Netflix/Hulu),51,1,0,63,28.6,4.31,22.8,23.7,5,5.5,Moderate Debt,25-34
Female,Remote Tech,Morning Lark,87,News / Reading,51,0,20,13,53.8,5.41,22.9,18.1,3,5.7,Moderate Debt,25-34
Female,Student,Intermediate,14,TikTok / Reels,33,1,0,56,20.9,8.81,24.4,14.3,0,1.0,Optimal Recovery,35-44
Female,Remote Tech,Night Owl,57,Streaming (Netflix/Hulu),65,0,0,7,26.2,6.15,22.6,15.7,3,3.0,Moderate Debt,45-54
Female,Remote Tech,Night Owl,92,Instagram / Reddit,92,1,138,33,64.6,4.96,23.9,14.3,5,8.5,Moderate Debt,<25
Female,Corporate 9-to-5,Night Owl,153,TikTok / Reels,43,0,0,13,88.8,3.2,19.4,19.6,7,10.0,Severe Sleep Debt,<25
Non-Binary,Remote Tech,Intermediate,61,YouTube,73,0,47,16,40.6,5.04,21.1,18.3,5,4.6,Moderate Debt,<25
Male,Remote Tech,Morning Lark,74,TikTok / Reels,53,0,0,25,48.5,7.11,19.6,18.5,0,1.0,Mild Deficit,45-54
Female,Remote Tech,Morning Lark,69,News / Reading,40,1,0,29,32.8,8.09,20.2,19.7,1,1.0,Optimal Recovery,45-54
Female,Corporate 9-to-5,Night Owl,17,Messaging / Chat,73,1,0,66,38.0,5.41,18.5,16.7,5,5.6,Moderate Debt,35-44
Female,Student,Intermediate,180,Streaming (Netflix/Hulu),23,1,0,36,63.1,4.67,21.5,19.6,6,8.1,Moderate Debt,35-44
Male,Remote Tech,Morning Lark,64,Instagram / Reddit,27,1,36,54,36.2,7.66,18.7,18.2,0,1.0,Mild Deficit,35-44
Female,Corporate 9-to-5,Night Owl,44,TikTok / Reels,90,0,25,10,49.4,6.15,17.3,21.3,4,5.1,Moderate Debt,<25
Female,Remote Tech,Morning Lark,111,Messaging / Chat,47,0,64,41,50.8,6.03,23.7,20.4,4,5.0,Moderate Debt,45-54
Male,Healthcare / Shift Worker,Night Owl,30,TikTok / Reels,79,1,0,54,39.9,3.73,25.4,16.0,5,6.8,Moderate Debt,25-34
Female,Student,Intermediate,70,YouTube,53,1,0,22,39.8,6.66,24.7,18.9,3,2.6,Moderate Debt,25-34
Female,Corporate 9-to-5,Morning Lark,41,Messaging / Chat,10,0,0,42,28.1,8.19,24.3,18.2,2,1.0,Optimal Recovery,25-34
Male,Freelance / Creative,Intermediate,29,Instagram / Reddit,69,1,0,29,18.4,8.21,19.7,16.9,0,1.0,Optimal Recovery,<25
Male,Corporate 9-to-5,Morning Lark,52,Instagram / Reddit,62,1,0,33,41.9,7.04,18.8,21.3,4,2.8,Mild Deficit,<25
Female,Freelance / Creative,Intermediate,57,TikTok / Reels,40,0,32,24,40.5,6.69,22.0,15.8,2,2.2,Moderate Debt,35-44
Male,Corporate 9-to-5,Intermediate,48,TikTok / Reels,77,1,0,16,42.7,7.19,22.9,21.9,2,2.3,Mild Deficit,<25
Female,Corporate 9-to-5,Morning Lark,180,Streaming (Netflix/Hulu),74,0,86,68,90.6,5.36,19.6,17.5,5,9.0,Severe Sleep Debt,35-44
Male,Remote Tech,Night Owl,57,TikTok / Reels,40,0,28,29,52.8,4.45,16.9,16.6,4,6.8,Moderate Debt,25-34
Female,Remote Tech,Intermediate,40,TikTok / Reels,77,1,0,93,32.9,8.57,26.0,16.8,0,1.0,Optimal Recovery,25-34
Male,Remote Tech,Intermediate,56,TikTok / Reels,59,0,90,40,46.8,6.81,18.2,15.0,1,2.8,Mild Deficit,25-34
Male,Healthcare / Shift Worker,Morning Lark,80,YouTube,56,0,46,39,43.8,5.69,22.6,15.0,2,4.3,Moderate Debt,25-34
Male,Healthcare / Shift Worker,Morning Lark,67,YouTube,40,1,0,47,31.9,6.49,26.4,20.0,4,2.0,Moderate Debt,35-44
Male,Remote Tech,Night Owl,131,YouTube,37,0,0,27,56.9,3.35,17.4,22.9,7,9.4,Severe Sleep Debt,25-34
Male,Remote Tech,Intermediate,61,Instagram / Reddit,83,1,20,65,53.0,6.87,24.1,22.6,2,2.9,Mild Deficit,35-44
Female,Corporate 9-to-5,Intermediate,7,TikTok / Reels,63,0,0,37,7.6,8.69,22.4,16.5,0,1.0,Optimal Recovery,25-34
Female,Corporate 9-to-5,Night Owl,57,YouTube,74,1,0,46,47.7,5.53,23.6,18.4,5,5.1,Moderate Debt,35-44
Male,Student,Intermediate,57,Messaging / Chat,45,0,0,32,33.6,6.07,21.4,22.8,2,3.1,Moderate Debt,55+
Male,Corporate 9-to-5,Intermediate,95,Instagram / Reddit,65,0,0,39,74.1,4.71,19.1,19.3,7,8.2,Moderate Debt,35-44
Female,Student,Night Owl,10,TikTok / Reels,48,1,34,12,30.5,5.9,19.7,16.5,3,3.6,Moderate Debt,<25
Male,Remote Tech,Night Owl,72,YouTube,68,1,0,83,50.3,5.7,22.4,20.3,4,4.8,Moderate Debt,<25
Male,Corporate 9-to-5,Morning Lark,87,TikTok / Reels,27,1,74,37,52.2,6.82,20.0,19.6,4,4.6,Mild Deficit,25-34
Non-Binary,Remote Tech,Intermediate,58,YouTube,27,1,0,27,21.6,6.16,22.5,21.9,2,2.1,Moderate Debt,35-44
Male,Corporate 9-to-5,Night Owl,82,YouTube,33,0,0,23,55.7,3.66,26.7,22.1,5,7.5,Moderate Debt,<25
Female,Remote Tech,Intermediate,26,YouTube,55,1,0,37,22.0,8.1,21.2,20.0,1,1.0,Optimal Recovery,25-34
Female,Healthcare / Shift Worker,Night Owl,90,Instagram / Reddit,11,0,0,20,49.6,3.2,21.0,20.9,4,7.9,Moderate Debt,35-44
Female,Remote Tech,Night Owl,22,TikTok / Reels,64,1,0,15,20.1,6.22,22.7,17.0,2,1.9,Moderate Debt,25-34
Female,Corporate 9-to-5,Intermediate,33,TikTok / Reels,67,1,0,47,25.9,7.37,22.3,21.9,2,1.0,Mild Deficit,35-44
Male,Student,Morning Lark,77,YouTube,20,0,166,10,48.5,6.95,12.8,13.2,2,4.3,Mild Deficit,<25
Male,Corporate 9-to-5,Morning Lark,164,TikTok / Reels,47,0,0,0,94.4,4.88,18.9,19.9,4,7.1,Moderate Debt,<25
Male,Student,Intermediate,146,Messaging / Chat,92,1,205,47,80.0,4.76,14.1,12.1,5,10.0,Severe Sleep Debt,35-44
Male,Remote Tech,Intermediate,65,TikTok / Reels,46,1,108,46,52.4,6.51,22.0,15.1,3,4.9,Moderate Debt,25-34
Female,Remote Tech,Night Owl,14,News / Reading,35,1,44,33,26.5,5.54,25.4,19.0,2,3.2,Moderate Debt,35-44
Female,Healthcare / Shift Worker,Intermediate,34,News / Reading,47,0,0,33,29.0,5.52,23.3,20.2,3,2.7,Moderate Debt,25-34
Female,Student,Intermediate,42,YouTube,78,0,0,33,28.1,6.97,22.4,14.6,0,1.0,Mild Deficit,25-34
Female,Corporate 9-to-5,Night Owl,5,Streaming (Netflix/Hulu),32,0,152,44,35.8,5.99,15.3,17.4,3,6.1,Moderate Debt,45-54
Female,Corporate 9-to-5,Intermediate,22,News / Reading,66,0,0,36,25.0,8.0,23.0,20.1,0,1.0,Optimal Recovery,45-54
Female,Healthcare / Shift Worker,Intermediate,92,YouTube,63,0,121,52,70.5,5.13,17.7,16.8,4,6.8,Moderate Debt,35-44
Female,Corporate 9-to-5,Morning Lark,140,TikTok / Reels,55,1,0,47,82.1,5.45,21.5,15.0,7,7.6,Moderate Debt,25-34
Female,Remote Tech,Intermediate,101,TikTok / Reels,47,1,20,28,66.8,6.05,19.6,15.2,4,4.6,Moderate Debt,35-44
Male,Student,Night Owl,36,YouTube,74,1,210,39,41.8,5.59,17.1,13.4,2,5.1,Moderate Debt,25-34
Female,Student,Intermediate,80,TikTok / Reels,32,0,0,43,46.9,6.4,20.2,18.2,3,4.6,Moderate Debt,<25
Female,Student,Intermediate,51,News / Reading,63,0,0,0,32.6,6.75,21.5,22.8,2,3.7,Mild Deficit,45-54
Female,Student,Morning Lark,22,YouTube,24,1,0,32,31.4,8.73,26.0,21.3,0,1.0,Optimal Recovery,<25
Male,Student,Night Owl,63,News / Reading,74,1,0,21,30.0,5.68,25.0,20.1,3,3.6,Moderate Debt,55+
Female,Healthcare / Shift Worker,Night Owl,75,YouTube,70,0,0,48,55.4,3.55,20.9,21.8,6,8.7,Severe Sleep Debt,25-34
Male,Student,Intermediate,26,Instagram / Reddit,47,1,0,10,29.4,7.59,22.1,20.7,1,1.0,Mild Deficit,<25
Male,Remote Tech,Night Owl,17,Streaming (Netflix/Hulu),50,0,20,38,25.8,6.53,20.8,21.6,1,1.9,Moderate Debt,25-34
Male,Remote Tech,Intermediate,36,YouTube,65,1,27,31,39.2,7.53,21.6,19.1,1,1.0,Mild Deficit,45-54
Male,Student,Intermediate,111,Messaging / Chat,28,1,0,0,54.9,4.63,22.1,20.4,4,7.1,Moderate Debt,35-44
Female,Healthcare / Shift Worker,Night Owl,84,Instagram / Reddit,49,1,56,59,58.5,3.2,23.4,18.4,5,8.5,Moderate Debt,45-54
Female,Corporate 9-to-5,Morning Lark,38,YouTube,55,0,62,44,42.3,8.2,21.8,16.3,1,1.0,Optimal Recovery,35-44
Female,Corporate 9-to-5,Intermediate,27,News / Reading,21,0,31,16,22.7,7.34,20.4,21.6,2,1.1,Mild Deficit,35-44
Male,Freelance / Creative,Morning Lark,50,Instagram / Reddit,73,0,0,40,38.4,7.46,20.1,21.9,1,1.0,Mild Deficit,45-54
Female,Remote Tech,Intermediate,21,TikTok / Reels,97,1,0,40,15.9,8.24,26.1,19.7,0,1.0,Optimal Recovery,25-34
Female,Corporate 9-to-5,Intermediate,58,YouTube,100,0,93,10,47.3,6.78,20.9,18.3,3,3.2,Mild Deficit,25-34
Male,Student,Morning Lark,45,Instagram / Reddit,16,1,67,18,33.9,7.04,21.6,17.5,2,1.0,Mild Deficit,25-34
Male,Freelance / Creative,Intermediate,5,Instagram / Reddit,78,0,0,11,15.8,7.82,19.7,18.5,1,1.0,Optimal Recovery,55+
Female,Healthcare / Shift Worker,Intermediate,40,Streaming (Netflix/Hulu),42,1,201,0,42.5,5.06,16.6,14.9,4,7.7,Moderate Debt,55+
Male,Student,Intermediate,5,Instagram / Reddit,53,0,126,63,34.0,7.15,21.9,17.9,1,2.6,Mild Deficit,<25
Male,Corporate 9-to-5,Morning Lark,61,TikTok / Reels,35,1,0,83,43.4,8.38,27.3,21.0,0,1.0,Optimal Recovery,35-44
Female,Healthcare / Shift Worker,Night Owl,20,YouTube,67,1,23,23,27.3,3.2,25.3,18.2,5,7.1,Moderate Debt,55+
Female,Remote Tech,Intermediate,12,Instagram / Reddit,10,1,201,18,34.1,8.74,14.6,16.2,0,1.0,Optimal Recovery,<25
Male,Healthcare / Shift Worker,Night Owl,43,Streaming (Netflix/Hulu),31,0,0,17,37.4,4.01,18.7,19.2,3,5.5,Moderate Debt,35-44
Male,Corporate 9-to-5,Night Owl,40,TikTok / Reels,10,1,0,50,31.4,5.15,27.5,18.0,2,2.6,Moderate Debt,45-54
Female,Corporate 9-to-5,Intermediate,62,TikTok / Reels,43,0,185,58,49.6,7.48,24.3,12.3,3,3.0,Mild Deficit,<25
Female,Remote Tech,Morning Lark,20,News / Reading,49,1,156,53,29.2,8.2,19.5,18.6,2,1.0,Optimal Recovery,35-44
Male,Corporate 9-to-5,Intermediate,119,Streaming (Netflix/Hulu),24,0,0,53,54.6,5.75,20.4,20.5,3,5.2,Moderate Debt,25-34
Male,Student,Intermediate,81,Streaming (Netflix/Hulu),65,0,58,54,56.1,5.11,24.4,18.3,4,6.0,Moderate Debt,55+
Male,Freelance / Creative,Morning Lark,122,TikTok / Reels,64,1,0,24,70.0,6.9,22.6,16.3,4,4.4,Mild Deficit,55+
Female,Student,Morning Lark,44,Streaming (Netflix/Hulu),72,0,0,0,36.3,7.8,20.2,23.2,2,1.0,Optimal Recovery,55+
Female,Healthcare / Shift Worker,Intermediate,25,TikTok / Reels,83,0,137,49,44.5,5.65,18.3,15.9,3,4.4,Moderate Debt,25-34
Male,Remote Tech,Night Owl,140,Streaming (Netflix/Hulu),50,1,0,34,56.1,3.99,24.7,24.5,5,7.6,Moderate Debt,45-54
Female,Student,Night Owl,80,Streaming (Netflix/Hulu),59,0,0,45,40.7,4.38,15.9,21.0,4,5.2,Moderate Debt,45-54
Non-Binary,Healthcare / Shift Worker,Morning Lark,42,YouTube,35,0,0,31,31.3,6.64,28.0,20.4,2,1.0,Moderate Debt,25-34
Male,Student,Intermediate,49,TikTok / Reels,56,0,0,43,44.9,7.08,20.9,19.9,1,1.0,Mild Deficit,45-54
Female,Remote Tech,Morning Lark,37,Instagram / Reddit,57,1,36,46,31.1,7.69,24.3,20.8,2,1.0,Mild Deficit,<25
Male,Student,Intermediate,94,Messaging / Chat,86,1,0,34,56.2,4.48,24.1,22.2,3,6.8,Moderate Debt,35-44
Female,Student,Night Owl,66,YouTube,66,1,0,79,40.4,5.02,21.5,23.1,5,4.8,Moderate Debt,25-34
Male,Corporate 9-to-5,Night Owl,71,Instagram / Reddit,66,0,0,34,47.6,3.4,22.9,19.8,5,7.9,Moderate Debt,<25
Female,Healthcare / Shift Worker,Intermediate,23,TikTok / Reels,49,0,0,12,13.6,7.6,24.1,18.8,1,1.0,Mild Deficit,<25
Female,Freelance / Creative,Morning Lark,46,Streaming (Netflix/Hulu),10,1,0,35,25.2,8.29,24.0,17.3,1,1.0,Optimal Recovery,35-44
Male,Remote Tech,Intermediate,57,Instagram / Reddit,55,0,0,25,32.0,6.48,17.2,17.9,3,1.8,Moderate Debt,25-34
Male,Student,Night Owl,13,YouTube,45,1,0,7,18.9,6.38,21.2,19.2,2,1.1,Moderate Debt,35-44
Female,Student,Morning Lark,65,Instagram / Reddit,33,1,87,72,41.2,7.42,18.3,16.8,2,2.2,Mild Deficit,<25
Male,Student,Intermediate,54,Instagram / Reddit,70,1,29,43,38.0,7.76,20.9,14.5,0,1.0,Optimal Recovery,25-34
Female,Remote Tech,Night Owl,89,Streaming (Netflix/Hulu),75,0,0,19,52.6,4.42,20.0,21.4,5,6.0,Moderate Debt,25-34
Female,Healthcare / Shift Worker,Night Owl,98,YouTube,35,0,66,44,55.8,3.2,21.2,17.2,6,8.6,Severe Sleep Debt,35-44
Female,Remote Tech,Night Owl,160,TikTok / Reels,56,1,33,57,92.4,3.2,22.9,20.1,6,10.0,Severe Sleep Debt,25-34
Female,Corporate 9-to-5,Intermediate,56,News / Reading,53,0,127,0,30.3,6.97,15.2,18.6,1,2.3,Mild Deficit,35-44
Female,Healthcare / Shift Worker,Intermediate,40,Instagram / Reddit,78,0,0,74,36.4,5.71,17.4,20.2,2,5.1,Moderate Debt,45-54
Female,Student,Intermediate,21,TikTok / Reels,64,1,0,8,15.6,6.85,21.5,18.5,1,1.0,Mild Deficit,35-44
Female,Healthcare / Shift Worker,Night Owl,18,Streaming (Netflix/Hulu),69,0,52,60,32.7,4.12,24.0,16.2,4,7.3,Moderate Debt,25-34
Female,Corporate 9-to-5,Night Owl,49,TikTok / Reels,48,0,0,0,27.8,5.77,22.2,19.1,1,2.0,Moderate Debt,<25
Female,Corporate 9-to-5,Night Owl,16,Instagram / Reddit,63,0,0,54,22.3,6.46,28.0,21.4,2,1.5,Moderate Debt,45-54
Male,Freelance / Creative,Morning Lark,19,TikTok / Reels,72,0,35,21,32.4,8.85,20.2,14.8,0,1.0,Optimal Recovery,<25
Female,Corporate 9-to-5,Night Owl,50,News / Reading,100,1,0,85,18.9,5.58,25.9,20.4,2,2.1,Moderate Debt,45-54
Male,Healthcare / Shift Worker,Intermediate,37,YouTube,44,0,0,18,31.7,5.2,23.4,15.6,3,3.6,Moderate Debt,25-34
Male,Healthcare / Shift Worker,Morning Lark,25,Streaming (Netflix/Hulu),48,0,0,15,17.7,7.44,24.8,18.7,2,1.1,Mild Deficit,55+
Male,Student,Morning Lark,39,Streaming (Netflix/Hulu),40,1,71,18,31.3,8.13,20.8,15.6,0,1.0,Optimal Recovery,45-54
Male,Corporate 9-to-5,Intermediate,83,TikTok / Reels,46,0,201,47,72.9,5.23,22.0,13.5,5,7.6,Moderate Debt,55+
Male,Student,Intermediate,66,YouTube,83,0,0,57,44.1,4.58,23.4,22.2,3,6.7,Moderate Debt,25-34
Female,Healthcare / Shift Worker,Night Owl,96,YouTube,38,1,111,14,48.5,4.32,20.7,19.0,4,7.4,Moderate Debt,35-44
Female,Remote Tech,Night Owl,44,News / Reading,63,1,0,47,20.7,7.06,24.2,21.4,1,1.5,Mild Deficit,25-34
Male,Remote Tech,Morning Lark,37,Messaging / Chat,75,1,0,32,30.6,6.88,21.8,19.0,2,1.1,Mild Deficit,25-34
Male,Remote Tech,Intermediate,55,Messaging / Chat,79,1,0,15,29.3,6.04,21.9,17.6,3,4.4,Moderate Debt,35-44
Male,Corporate 9-to-5,Morning Lark,19,YouTube,84,1,0,38,22.5,7.73,23.6,19.8,0,1.0,Mild Deficit,45-54
Female,Healthcare / Shift Worker,Intermediate,42,YouTube,64,0,62,87,39.3,6.2,27.7,17.1,4,3.8,Moderate Debt,55+
Male,Healthcare / Shift Worker,Intermediate,39,Instagram / Reddit,62,0,0,41,29.4,5.12,25.2,17.0,2,2.6,Moderate Debt,35-44
Male,Freelance / Creative,Night Owl,180,Streaming (Netflix/Hulu),44,0,0,11,70.4,3.2,18.2,17.7,6,10.0,Severe Sleep Debt,25-34
Female,Remote Tech,Intermediate,108,Streaming (Netflix/Hulu),16,1,0,52,41.2,5.75,23.1,20.7,2,3.8,Moderate Debt,25-34
Female,Student,Night Owl,77,Messaging / Chat,43,1,0,50,35.7,4.59,19.9,19.7,5,6.4,Moderate Debt,35-44
Male,Corporate 9-to-5,Night Owl,67,Streaming (Netflix/Hulu),58,0,94,25,41.1,4.55,21.7,20.6,4,7.3,Moderate Debt,25-34
Male,Student,Intermediate,133,TikTok / Reels,75,0,20,44,89.6,3.35,21.6,18.0,7,10.0,Severe Sleep Debt,<25
Female,Student,Intermediate,67,Instagram / Reddit,85,1,0,0,47.7,5.65,19.7,22.4,3,4.7,Moderate Debt,25-34
Male,Freelance / Creative,Night Owl,28,Instagram / Reddit,55,1,91,6,35.3,5.56,11.9,17.1,4,5.4,Moderate Debt,25-34
Female,Healthcare / Shift Worker,Morning Lark,27,YouTube,77,0,100,30,29.1,6.09,21.3,19.0,3,4.9,Moderate Debt,25-34
Female,Freelance / Creative,Night Owl,85,Instagram / Reddit,58,0,0,24,42.2,3.83,19.3,20.7,3,6.9,Moderate Debt,25-34
Female,Healthcare / Shift Worker,Night Owl,75,Streaming (Netflix/Hulu),59,0,114,33,56.1,3.2,19.4,20.3,5,9.6,Severe Sleep Debt,<25
Female,Healthcare / Shift Worker,Morning Lark,67,YouTube,49,0,34,41,49.4,5.13,21.1,25.0,3,5.2,Moderate Debt,<25
Female,Corporate 9-to-5,Night Owl,99,TikTok / Reels,45,1,89,29,63.9,4.84,21.7,21.1,5,6.8,Moderate Debt,55+
Female,Healthcare / Shift Worker,Morning Lark,95,Instagram / Reddit,43,1,0,45,50.2,4.4,25.3,14.4,4,6.6,Moderate Debt,25-34
Male,Student,Night Owl,11,Messaging / Chat,44,0,0,31,27.4,5.72,23.4,19.3,4,4.1,Moderate Debt,25-34
Male,Remote Tech,Intermediate,45,Messaging / Chat,42,1,235,42,70.1,6.75,16.8,15.1,3,6.1,Mild Deficit,35-44
Female,Corporate 9-to-5,Night Owl,71,TikTok / Reels,72,0,143,24,56.6,5.09,18.6,16.2,4,7.3,Moderate Debt,<25
Female,Student,Intermediate,114,Streaming (Netflix/Hulu),80,1,90,52,56.4,4.89,22.0,18.4,4,6.9,Moderate Debt,55+
Female,Corporate 9-to-5,Night Owl,78,YouTube,40,0,0,43,54.3,4.58,26.7,21.0,3,5.7,Moderate Debt,35-44
Male,Remote Tech,Morning Lark,85,TikTok / Reels,37,1,125,0,45.5,8.29,23.2,20.1,2,1.6,Optimal Recovery,<25
Female,Student,Intermediate,22,Instagram / Reddit,51,1,0,42,18.7,8.53,23.0,16.4,0,1.0,Optimal Recovery,25-34
Female,Freelance / Creative,Morning Lark,15,Instagram / Reddit,38,1,0,41,24.5,7.83,21.5,20.5,2,1.0,Optimal Recovery,45-54
Male,Healthcare / Shift Worker,Night Owl,65,TikTok / Reels,35,1,75,14,53.1,4.14,22.7,15.4,5,7.2,Moderate Debt,55+
Male,Remote Tech,Intermediate,36,Streaming (Netflix/Hulu),48,0,0,64,32.4,6.6,23.2,20.7,3,2.2,Moderate Debt,25-34
Female,Remote Tech,Intermediate,72,Messaging / Chat,60,1,0,26,42.0,6.5,22.4,23.1,2,2.8,Moderate Debt,35-44
Female,Corporate 9-to-5,Night Owl,31,YouTube,60,0,0,10,28.3,6.05,22.9,18.4,3,3.7,Moderate Debt,<25
Female,Remote Tech,Night Owl,35,TikTok / Reels,49,0,0,5,26.4,5.9,20.9,17.3,3,1.8,Moderate Debt,55+
Male,Corporate 9-to-5,Morning Lark,84,TikTok / Reels,45,1,0,48,49.6,7.19,26.1,21.3,3,1.8,Mild Deficit,25-34
Male,Freelance / Creative,Night Owl,52,TikTok / Reels,67,1,0,39,38.5,5.3,22.6,26.1,3,4.2,Moderate Debt,55+
Female,Remote Tech,Morning Lark,30,TikTok / Reels,63,1,35,4,32.7,8.47,20.5,17.1,1,1.0,Optimal Recovery,35-44
Male,Corporate 9-to-5,Night Owl,47,Messaging / Chat,58,0,49,46,36.3,4.93,19.0,18.9,5,4.7,Moderate Debt,35-44
Female,Remote Tech,Night Owl,76,Instagram / Reddit,44,1,0,51,35.2,5.2,19.6,17.0,4,4.3,Moderate Debt,25-34
Female,Remote Tech,Morning Lark,49,TikTok / Reels,82,1,163,31,56.6,7.42,21.2,18.9,3,2.4,Mild Deficit,25-34
Female,Remote Tech,Morning Lark,71,TikTok / Reels,29,0,99,49,53.9,7.07,21.3,17.5,4,4.1,Mild Deficit,<25
Female,Corporate 9-to-5,Intermediate,43,Messaging / Chat,44,1,0,3,29.0,7.56,22.6,20.1,2,1.2,Mild Deficit,25-34
Female,Freelance / Creative,Intermediate,109,YouTube,35,1,0,23,46.8,5.18,24.3,22.3,7,6.8,Moderate Debt,<25
Female,Corporate 9-to-5,Night Owl,46,Instagram / Reddit,55,0,0,43,35.1,4.51,19.8,20.1,3,5.2,Moderate Debt,35-44
Female,Corporate 9-to-5,Intermediate,34,YouTube,42,1,0,96,23.3,7.55,25.2,21.5,1,1.0,Mild Deficit,25-34
Female,Corporate 9-to-5,Night Owl,126,TikTok / Reels,57,0,0,50,79.9,3.31,23.2,18.5,6,10.0,Severe Sleep Debt,<25
Male,Remote Tech,Intermediate,52,News / Reading,65,0,0,31,35.6,6.97,23.5,21.2,3,2.1,Mild Deficit,55+
Female,Corporate 9-to-5,Night Owl,70,TikTok / Reels,80,0,0,13,53.8,5.42,19.7,16.8,3,6.1,Moderate Debt,45-54
Female,Corporate 9-to-5,Night Owl,34,Streaming (Netflix/Hulu),59,1,0,26,41.1,6.08,22.0,19.7,2,2.5,Moderate Debt,55+
Male,Remote Tech,Night Owl,69,TikTok / Reels,59,1,25,65,52.3,4.37,22.7,18.5,5,8.0,Moderate Debt,55+
Male,Student,Morning Lark,76,YouTube,64,1,0,58,37.0,7.71,25.2,19.4,1,1.0,Mild Deficit,<25
Male,Corporate 9-to-5,Intermediate,28,Streaming (Netflix/Hulu),10,1,0,64,45.1,7.39,28.0,22.9,3,1.0,Mild Deficit,25-34
Female,Corporate 9-to-5,Morning Lark,88,Streaming (Netflix/Hulu),56,1,0,29,42.5,6.31,19.9,20.0,3,3.7,Moderate Debt,35-44
Female,Remote Tech,Intermediate,48,YouTube,33,1,50,29,32.6,7.16,27.1,18.0,2,1.0,Mild Deficit,35-44
Male,Corporate 9-to-5,Intermediate,88,YouTube,42,1,0,9,49.9,5.79,18.2,19.7,4,4.9,Moderate Debt,<25
Male,Remote Tech,Night Owl,31,TikTok / Reels,53,0,0,51,34.4,5.02,20.0,17.6,3,4.7,Moderate Debt,45-54
Female,Corporate 9-to-5,Morning Lark,36,Messaging / Chat,74,1,0,63,23.9,8.34,21.6,22.0,0,1.0,Optimal Recovery,25-34
Male,Corporate 9-to-5,Intermediate,58,Instagram / Reddit,20,1,0,30,42.0,6.6,28.0,20.2,2,2.3,Moderate Debt,25-34
Female,Remote Tech,Intermediate,27,YouTube,60,0,30,16,21.5,7.98,16.9,19.4,2,1.0,Optimal Recovery,25-34
Non-Binary,Corporate 9-to-5,Morning Lark,59,YouTube,57,1,20,7,33.8,7.3,18.9,22.6,0,1.0,Mild Deficit,35-44
Male,Corporate 9-to-5,Intermediate,65,YouTube,64,0,57,59,48.9,7.2,20.8,18.7,2,1.9,Mild Deficit,35-44
Male,Remote Tech,Night Owl,58,Instagram / Reddit,100,1,106,17,44.7,4.84,19.8,17.3,5,8.1,Moderate Debt,<25
Male,Freelance / Creative,Morning Lark,55,Instagram / Reddit,86,0,95,13,44.8,8.47,19.2,16.4,1,1.0,Optimal Recovery,45-54
Male,Student,Night Owl,23,TikTok / Reels,61,0,0,1,41.2,6.98,21.6,16.0,2,1.0,Mild Deficit,25-34
Female,Healthcare / Shift Worker,Intermediate,17,Messaging / Chat,66,0,20,48,15.0,5.26,22.5,21.0,2,2.2,Moderate Debt,<25
Female,Healthcare / Shift Worker,Night Owl,50,TikTok / Reels,54,1,0,99,38.7,3.84,22.9,15.9,4,6.8,Moderate Debt,45-54
Female,Freelance / Creative,Morning Lark,12,YouTube,70,0,0,51,23.3,8.95,22.8,20.0,0,1.0,Optimal Recovery,55+
Female,Student,Night Owl,10,YouTube,56,1,118,2,16.6,6.43,23.6,20.0,4,2.4,Moderate Debt,45-54
Male,Student,Morning Lark,35,YouTube,64,1,0,22,36.2,6.95,24.8,18.8,1,1.0,Mild Deficit,45-54
Female,Remote Tech,Intermediate,26,Streaming (Netflix/Hulu),42,0,0,0,10.4,7.63,23.5,20.3,1,1.0,Mild Deficit,35-44
Female,Corporate 9-to-5,Morning Lark,67,Streaming (Netflix/Hulu),60,0,173,63,43.9,7.24,14.7,16.4,2,3.4,Mild Deficit,25-34
Male,Student,Night Owl,50,TikTok / Reels,82,1,0,23,45.4,4.75,22.2,19.5,5,5.7,Moderate Debt,<25
Male,Freelance / Creative,Night Owl,65,TikTok / Reels,66,0,22,41,51.3,3.96,19.7,19.2,6,7.9,Moderate Debt,25-34
Female,Remote Tech,Morning Lark,87,TikTok / Reels,57,1,0,36,52.7,5.89,24.5,23.2,4,3.8,Moderate Debt,25-34
Female,Student,Morning Lark,109,TikTok / Reels,10,1,82,57,69.3,6.08,21.2,18.0,5,5.8,Moderate Debt,25-34
Female,Remote Tech,Intermediate,81,TikTok / Reels,63,1,0,35,54.2,6.09,20.1,17.8,4,5.3,Moderate Debt,35-44
Male,Remote Tech,Morning Lark,57,YouTube,53,0,0,55,36.0,7.23,21.3,19.3,2,2.2,Mild Deficit,25-34
Female,Remote Tech,Intermediate,25,TikTok / Reels,34,1,0,39,17.4,7.61,20.5,19.6,1,1.0,Mild Deficit,<25
Male,Remote Tech,Intermediate,104,Instagram / Reddit,54,0,59,17,61.2,5.97,20.9,17.0,5,6.7,Moderate Debt,25-34
Female,Remote Tech,Night Owl,21,YouTube,54,1,250,43,41.2,5.44,18.2,15.1,3,7.1,Moderate Debt,35-44
Female,Student,Night Owl,89,Instagram / Reddit,55,0,88,39,51.7,4.86,19.3,17.6,5,7.4,Moderate Debt,<25
Male,Healthcare / Shift Worker,Intermediate,117,TikTok / Reels,70,0,0,28,74.0,3.97,17.0,15.4,5,8.4,Moderate Debt,45-54
Female,Healthcare / Shift Worker,Morning Lark,68,Streaming (Netflix/Hulu),51,0,94,24,44.4,5.77,21.1,18.4,4,5.2,Moderate Debt,25-34
Female,Corporate 9-to-5,Intermediate,25,Messaging / Chat,50,0,76,77,21.9,5.74,20.8,19.9,3,3.6,Moderate Debt,25-34
Female,Healthcare / Shift Worker,Intermediate,37,Streaming (Netflix/Hulu),48,0,0,76,27.5,4.88,24.4,19.8,2,3.4,Moderate Debt,35-44
Female,Corporate 9-to-5,Intermediate,60,YouTube,60,1,28,17,35.8,6.98,25.3,18.5,3,2.2,Mild Deficit,45-54
Female,Corporate 9-to-5,Intermediate,30,TikTok / Reels,66,0,0,4,41.3,7.05,24.0,20.1,2,2.6,Mild Deficit,25-34
Female,Student,Night Owl,9,Messaging / Chat,81,1,38,41,20.7,6.79,28.0,19.8,1,1.3,Mild Deficit,35-44
Female,Corporate 9-to-5,Night Owl,56,Instagram / Reddit,66,0,0,43,33.5,5.99,23.1,19.7,3,2.9,Moderate Debt,35-44
Female,Corporate 9-to-5,Morning Lark,67,TikTok / Reels,77,1,0,50,36.2,6.48,22.7,17.6,2,2.3,Moderate Debt,25-34
Male,Remote Tech,Intermediate,71,News / Reading,72,1,23,28,28.7,6.37,23.6,25.9,2,2.3,Moderate Debt,45-54
Male,Student,Night Owl,37,Streaming (Netflix/Hulu),58,1,83,82,31.5,4.14,21.6,15.0,3,5.9,Moderate Debt,35-44
Male,Corporate 9-to-5,Night Owl,52,Messaging / Chat,40,0,0,72,25.2,5.63,28.0,20.1,3,3.2,Moderate Debt,35-44
Male,Student,Intermediate,58,TikTok / Reels,63,0,61,71,54.8,6.39,26.5,17.2,2,5.0,Moderate Debt,45-54
Female,Student,Night Owl,14,YouTube,86,1,173,8,40.9,4.7,17.9,16.3,3,5.3,Moderate Debt,45-54
Female,Student,Intermediate,36,Instagram / Reddit,77,1,38,0,21.5,7.16,17.3,20.0,1,2.4,Mild Deficit,35-44
Female,Healthcare / Shift Worker,Intermediate,54,Streaming (Netflix/Hulu),81,0,0,12,29.2,5.1,25.4,17.6,3,4.1,Moderate Debt,45-54
Female,Remote Tech,Morning Lark,66,YouTube,18,0,53,47,35.6,7.78,22.4,22.4,1,1.0,Optimal Recovery,35-44
Female,Corporate 9-to-5,Night Owl,123,Instagram / Reddit,16,1,0,51,51.9,4.17,20.4,15.1,4,7.0,Moderate Debt,35-44
Male,Corporate 9-to-5,Intermediate,63,Streaming (Netflix/Hulu),45,0,102,26,51.8,5.83,21.2,19.1,3,5.4,Moderate Debt,35-44
Male,Remote Tech,Morning Lark,20,YouTube,64,0,0,42,18.1,9.3,26.1,23.3,0,1.0,Optimal Recovery,35-44
Male,Student,Night Owl,28,Instagram / Reddit,48,1,0,64,38.6,5.55,28.0,21.6,3,4.6,Moderate Debt,<25
Female,Corporate 9-to-5,Night Owl,92,YouTube,51,0,0,65,52.3,4.72,25.5,16.5,4,6.3,Moderate Debt,45-54
Male,Corporate 9-to-5,Night Owl,150,Instagram / Reddit,25,0,156,4,80.4,3.2,20.2,18.2,7,10.0,Severe Sleep Debt,45-54
Male,Student,Morning Lark,24,TikTok / Reels,43,0,45,29,25.8,8.02,22.0,18.3,1,1.0,Optimal Recovery,<25
Male,Student,Night Owl,35,Streaming (Netflix/Hulu),37,0,0,8,38.4,5.15,15.9,20.9,3,6.0,Moderate Debt,45-54
Female,Student,Morning Lark,155,TikTok / Reels,38,1,0,0,81.8,4.28,18.5,17.6,5,8.7,Severe Sleep Debt,<25
Female,Healthcare / Shift Worker,Intermediate,133,Streaming (Netflix/Hulu),40,0,0,40,68.9,3.55,24.6,21.0,6,9.8,Severe Sleep Debt,25-34
Female,Healthcare / Shift Worker,Intermediate,75,Instagram / Reddit,33,0,21,0,45.3,5.12,20.0,19.3,4,6.3,Moderate Debt,35-44
Female,Student,Intermediate,35,YouTube,10,1,0,8,20.0,7.28,23.6,15.6,1,1.0,Mild Deficit,<25
Male,Remote Tech,Intermediate,23,News / Reading,83,0,0,0,25.2,7.26,19.7,20.6,1,1.0,Mild Deficit,45-54
Female,Freelance / Creative,Night Owl,34,TikTok / Reels,53,0,118,57,28.6,5.59,16.0,17.6,3,4.6,Moderate Debt,45-54
Female,Remote Tech,Intermediate,40,Instagram / Reddit,41,0,0,47,32.8,6.19,19.1,18.2,2,2.9,Moderate Debt,25-34
Male,Corporate 9-to-5,Intermediate,41,YouTube,52,1,0,91,24.2,7.3,28.0,19.4,2,1.0,Mild Deficit,<25
Male,Corporate 9-to-5,Morning Lark,14,Messaging / Chat,62,0,180,61,27.7,8.53,20.1,18.0,2,1.0,Optimal Recovery,25-34
Female,Student,Morning Lark,27,Messaging / Chat,57,0,0,22,18.0,9.2,19.4,23.8,0,1.0,Optimal Recovery,35-44
Male,Freelance / Creative,Morning Lark,55,Streaming (Netflix/Hulu),40,0,0,54,43.8,8.48,22.0,19.8,2,1.0,Optimal Recovery,55+
Female,Corporate 9-to-5,Night Owl,35,YouTube,75,0,22,35,22.3,5.34,22.4,18.4,3,3.9,Moderate Debt,35-44
Female,Corporate 9-to-5,Night Owl,20,TikTok / Reels,43,0,0,38,19.6,5.62,23.6,20.0,3,2.9,Moderate Debt,25-34
Female,Healthcare / Shift Worker,Night Owl,25,TikTok / Reels,50,0,84,19,30.0,4.35,22.9,14.1,4,5.2,Moderate Debt,35-44
Male,Freelance / Creative,Morning Lark,45,Streaming (Netflix/Hulu),89,0,250,50,48.7,6.77,22.1,15.1,3,5.1,Mild Deficit,25-34
Male,Corporate 9-to-5,Intermediate,17,YouTube,96,1,0,26,21.5,7.67,24.4,24.8,1,1.0,Mild Deficit,35-44
Female,Remote Tech,Morning Lark,112,TikTok / Reels,78,0,0,24,79.0,6.53,15.8,14.3,4,6.0,Moderate Debt,<25
Female,Student,Night Owl,17,Streaming (Netflix/Hulu),42,1,88,32,26.4,5.99,18.8,17.4,3,3.2,Moderate Debt,35-44
Female,Corporate 9-to-5,Intermediate,79,Messaging / Chat,46,0,0,49,40.0,7.28,24.2,17.5,3,1.9,Mild Deficit,25-34
Female,Healthcare / Shift Worker,Morning Lark,149,TikTok / Reels,39,0,0,9,96.6,3.2,18.5,16.9,7,10.0,Severe Sleep Debt,55+
Female,Corporate 9-to-5,Intermediate,19,Messaging / Chat,50,0,40,43,15.8,7.07,21.8,23.7,0,1.0,Mild Deficit,25-34
Female,Corporate 9-to-5,Intermediate,22,TikTok / Reels,66,1,0,5,27.9,6.69,22.1,17.5,1,2.3,Moderate Debt,35-44
Male,Corporate 9-to-5,Intermediate,45,TikTok / Reels,17,0,0,24,46.6,6.11,21.2,18.5,3,2.8,Moderate Debt,55+
Male,Corporate 9-to-5,Intermediate,37,Streaming (Netflix/Hulu),34,0,0,23,28.2,6.01,21.8,21.0,3,3.6,Moderate Debt,<25
Female,Corporate 9-to-5,Night Owl,94,Instagram / Reddit,57,1,0,53,56.7,3.73,23.9,20.1,4,8.1,Moderate Debt,55+
Female,Corporate 9-to-5,Night Owl,43,News / Reading,53,0,0,43,28.3,5.5,20.5,21.1,2,2.2,Moderate Debt,35-44
Female,Student,Intermediate,26,YouTube,46,0,205,56,35.6,7.8,21.5,18.6,1,1.7,Optimal Recovery,<25
Female,Corporate 9-to-5,Intermediate,82,Messaging / Chat,27,1,44,56,39.0,5.22,24.2,15.8,5,5.8,Moderate Debt,25-34
Male,Freelance / Creative,Night Owl,40,YouTube,43,0,127,82,35.9,4.66,24.0,15.8,3,5.1,Moderate Debt,35-44
Male,Remote Tech,Intermediate,26,Instagram / Reddit,45,1,20,0,26.1,6.52,24.8,15.4,3,1.3,Moderate Debt,<25
Female,Student,Morning Lark,29,News / Reading,28,0,78,21,23.9,8.55,21.1,18.5,2,1.0,Optimal Recovery,35-44
Female,Corporate 9-to-5,Night Owl,19,TikTok / Reels,38,0,0,4,36.1,7.62,22.2,17.8,3,2.2,Mild Deficit,25-34
Male,Corporate 9-to-5,Morning Lark,8,TikTok / Reels,51,1,0,46,41.1,8.71,22.7,18.9,1,1.0,Optimal Recovery,35-44
Female,Remote Tech,Morning Lark,20,TikTok / Reels,64,0,128,42,39.4,7.37,20.9,16.9,2,2.8,Mild Deficit,<25
Male,Remote Tech,Morning Lark,44,Messaging / Chat,73,0,0,19,37.7,9.04,18.3,19.6,0,1.0,Optimal Recovery,45-54
Female,Student,Morning Lark,40,Instagram / Reddit,34,1,42,43,38.2,8.11,21.1,17.6,1,1.0,Optimal Recovery,55+
Male,Student,Morning Lark,15,Instagram / Reddit,48,1,69,61,21.7,8.33,22.5,18.1,0,1.0,Optimal Recovery,55+
Male,Student,Morning Lark,27,Messaging / Chat,50,0,0,0,29.2,8.75,18.2,23.2,0,1.0,Optimal Recovery,35-44
Male,Remote Tech,Intermediate,75,Streaming (Netflix/Hulu),51,1,0,34,42.5,6.78,15.8,19.5,2,1.4,Mild Deficit,<25
Male,Healthcare / Shift Worker,Intermediate,71,Instagram / Reddit,50,1,140,39,53.5,3.98,20.7,17.2,5,8.4,Moderate Debt,35-44
Female,Student,Morning Lark,53,Streaming (Netflix/Hulu),32,1,0,11,47.4,7.07,24.4,22.3,3,1.1,Mild Deficit,<25
Male,Freelance / Creative,Intermediate,22,YouTube,64,1,0,14,36.7,7.04,19.6,19.5,2,2.1,Mild Deficit,<25
Male,Healthcare / Shift Worker,Morning Lark,93,Instagram / Reddit,49,1,0,30,51.3,4.98,22.5,15.8,3,6.3,Moderate Debt,25-34
Female,Corporate 9-to-5,Morning Lark,45,TikTok / Reels,56,0,0,41,29.5,6.96,18.0,18.3,2,1.5,Mild Deficit,25-34
Female,Corporate 9-to-5,Intermediate,29,TikTok / Reels,57,0,0,57,33.3,7.22,23.1,18.8,1,1.0,Mild Deficit,35-44
Female,Remote Tech,Intermediate,22,Messaging / Chat,43,1,83,44,28.1,6.45,25.1,17.2,3,1.5,Moderate Debt,35-44
Female,Student,Intermediate,80,YouTube,70,1,89,50,56.2,5.61,18.9,17.1,4,6.1,Moderate Debt,25-34
Female,Remote Tech,Intermediate,3,TikTok / Reels,46,0,20,57,10.7,8.06,19.4,22.2,0,1.0,Optimal Recovery,25-34
Male,Healthcare / Shift Worker,Intermediate,61,Streaming (Netflix/Hulu),58,0,68,70,56.0,5.13,25.6,19.2,5,6.1,Moderate Debt,55+
Female,Corporate 9-to-5,Intermediate,36,Streaming (Netflix/Hulu),57,0,0,37,21.4,6.48,19.8,18.0,2,2.6,Moderate Debt,25-34
Male,Corporate 9-to-5,Night Owl,101,TikTok / Reels,60,1,0,0,66.5,3.38,18.3,21.4,6,9.8,Severe Sleep Debt,25-34
Female,Corporate 9-to-5,Intermediate,180,Instagram / Reddit,77,1,28,68,89.8,3.2,23.0,18.5,7,10.0,Severe Sleep Debt,<25
Female,Remote Tech,Intermediate,29,Streaming (Netflix/Hulu),41,0,0,83,24.0,8.02,26.5,19.4,1,1.0,Optimal Recovery,35-44
Female,Student,Morning Lark,94,Messaging / Chat,55,0,90,33,51.6,7.99,17.0,20.7,1,1.7,Optimal Recovery,35-44
Female,Corporate 9-to-5,Night Owl,63,YouTube,54,0,0,77,30.0,5.47,25.1,17.0,3,3.5,Moderate Debt,25-34
Female,Student,Morning Lark,59,YouTube,49,0,47,50,38.8,7.85,18.6,18.1,2,1.3,Optimal Recovery,<25
Female,Corporate 9-to-5,Intermediate,16,YouTube,65,0,91,49,27.7,6.73,17.6,20.0,2,1.9,Moderate Debt,35-44
Female,Corporate 9-to-5,Intermediate,34,TikTok / Reels,32,1,0,39,17.4,7.09,25.5,17.3,2,1.0,Mild Deficit,35-44
Male,Student,Intermediate,92,TikTok / Reels,83,1,0,2,59.4,6.06,19.9,20.8,3,4.2,Moderate Debt,25-34
Male,Remote Tech,Night Owl,109,TikTok / Reels,84,1,24,38,71.6,4.58,25.9,15.0,5,8.0,Moderate Debt,55+
Female,Student,Night Owl,131,Messaging / Chat,42,0,0,71,77.0,3.35,24.8,25.8,5,8.8,Severe Sleep Debt,<25
Male,Healthcare / Shift Worker,Morning Lark,34,Messaging / Chat,53,0,0,51,24.2,6.1,19.3,21.8,3,2.9,Moderate Debt,25-34
Male,Healthcare / Shift Worker,Intermediate,70,Instagram / Reddit,19,1,87,34,36.8,5.31,26.0,12.3,4,4.2,Moderate Debt,55+
Female,Corporate 9-to-5,Night Owl,35,YouTube,42,1,0,1,22.3,5.11,21.1,22.9,3,3.9,Moderate Debt,25-34
Male,Remote Tech,Intermediate,56,TikTok / Reels,100,0,57,56,43.9,6.36,20.0,21.4,2,3.5,Moderate Debt,35-44
Male,Student,Intermediate,69,TikTok / Reels,67,1,35,37,50.4,6.13,19.0,18.7,3,4.2,Moderate Debt,25-34
Female,Student,Night Owl,36,Messaging / Chat,69,0,0,41,19.0,6.85,26.3,24.0,1,1.0,Mild Deficit,25-34
Female,Healthcare / Shift Worker,Intermediate,73,Instagram / Reddit,45,0,32,28,55.4,4.9,17.8,20.5,4,6.6,Moderate Debt,55+
Female,Corporate 9-to-5,Night Owl,44,Streaming (Netflix/Hulu),53,1,0,51,21.6,6.2,22.1,19.9,4,2.8,Moderate Debt,25-34
Female,Corporate 9-to-5,Intermediate,49,Instagram / Reddit,54,1,110,59,32.4,6.61,21.2,16.1,3,2.2,Moderate Debt,45-54
Male,Remote Tech,Intermediate,16,Instagram / Reddit,27,0,122,42,33.0,7.9,22.6,21.0,1,1.0,Optimal Recovery,25-34
Female,Student,Intermediate,33,Instagram / Reddit,57,0,0,67,28.4,7.01,23.8,19.8,1,1.0,Mild Deficit,<25
Male,Corporate 9-to-5,Night Owl,33,TikTok / Reels,70,1,0,57,34.6,4.46,22.9,17.2,3,6.0,Moderate Debt,<25
Male,Corporate 9-to-5,Intermediate,180,Instagram / Reddit,90,1,0,43,90.3,3.68,23.3,19.9,7,10.0,Severe Sleep Debt,35-44
Male,Student,Intermediate,28,Streaming (Netflix/Hulu),60,1,0,28,29.8,7.76,20.7,20.5,2,1.0,Optimal Recovery,25-34
Male,Corporate 9-to-5,Night Owl,48,Instagram / Reddit,52,0,220,27,60.3,4.15,23.6,17.1,6,9.2,Severe Sleep Debt,45-54
Female,Corporate 9-to-5,Intermediate,28,Instagram / Reddit,52,1,0,0,17.6,8.1,19.5,20.4,0,1.0,Optimal Recovery,25-34
Female,Corporate 9-to-5,Intermediate,44,Instagram / Reddit,62,0,138,13,38.4,7.77,21.3,14.8,0,1.0,Optimal Recovery,55+
Male,Corporate 9-to-5,Intermediate,55,YouTube,70,0,0,32,38.2,6.76,23.5,17.4,1,1.0,Mild Deficit,<25
Female,Remote Tech,Intermediate,24,Instagram / Reddit,76,1,0,42,32.7,7.91,27.6,19.9,1,1.0,Optimal Recovery,45-54
Female,Remote Tech,Morning Lark,88,TikTok / Reels,13,1,27,37,47.2,6.93,22.7,16.4,2,1.6,Mild Deficit,35-44
Male,Corporate 9-to-5,Intermediate,25,News / Reading,76,1,0,56,17.6,7.39,26.8,21.0,2,1.0,Mild Deficit,35-44
Male,Corporate 9-to-5,Night Owl,14,TikTok / Reels,31,1,0,41,17.2,6.69,21.4,22.2,2,1.0,Moderate Debt,45-54
Female,Corporate 9-to-5,Intermediate,52,Instagram / Reddit,35,1,0,20,42.1,7.11,22.3,22.3,2,1.0,Mild Deficit,35-44
Male,Student,Night Owl,153,YouTube,51,1,182,20,94.4,3.2,16.6,20.9,6,10.0,Severe Sleep Debt,35-44
Male,Corporate 9-to-5,Intermediate,10,TikTok / Reels,65,0,0,46,22.1,6.22,22.4,19.8,2,3.0,Moderate Debt,<25
Female,Remote Tech,Night Owl,18,Instagram / Reddit,29,1,0,11,22.3,7.15,19.6,18.4,1,1.6,Mild Deficit,<25
Female,Corporate 9-to-5,Intermediate,83,News / Reading,43,1,0,29,34.9,6.77,22.7,22.6,1,1.1,Mild Deficit,45-54
Male,Corporate 9-to-5,Morning Lark,28,Streaming (Netflix/Hulu),61,0,0,47,24.8,8.86,27.3,19.1,1,1.0,Optimal Recovery,35-44
Female,Corporate 9-to-5,Intermediate,57,YouTube,65,0,0,14,52.9,5.61,23.7,20.8,2,4.1,Moderate Debt,35-44
Female,Corporate 9-to-5,Intermediate,97,Instagram / Reddit,64,0,0,24,56.5,4.97,18.3,22.3,5,8.1,Moderate Debt,25-34
Female,Student,Intermediate,80,TikTok / Reels,74,1,0,35,57.0,5.54,21.4,19.5,5,7.0,Moderate Debt,<25
Male,Remote Tech,Morning Lark,55,YouTube,78,1,0,39,31.3,8.1,20.9,20.1,1,1.0,Optimal Recovery,<25
Female,Healthcare / Shift Worker,Intermediate,55,TikTok / Reels,57,0,0,44,45.1,5.47,22.3,19.4,4,4.3,Moderate Debt,35-44
Female,Corporate 9-to-5,Intermediate,55,Messaging / Chat,54,0,0,36,43.9,6.48,20.5,19.8,2,1.6,Moderate Debt,25-34
Female,Corporate 9-to-5,Intermediate,61,TikTok / Reels,39,0,34,33,50.9,6.12,21.7,16.2,3,4.2,Moderate Debt,<25
Non-Binary,Corporate 9-to-5,Night Owl,112,TikTok / Reels,43,0,80,28,76.0,3.2,16.2,17.5,7,10.0,Severe Sleep Debt,25-34
Female,Student,Night Owl,21,Streaming (Netflix/Hulu),28,1,167,60,36.9,6.19,22.3,10.7,2,3.0,Moderate Debt,<25
Male,Corporate 9-to-5,Intermediate,19,News / Reading,83,0,0,17,10.1,7.49,25.3,23.6,1,1.0,Mild Deficit,35-44
Male,Remote Tech,Intermediate,73,TikTok / Reels,54,0,0,57,40.7,5.47,24.0,19.7,2,3.0,Moderate Debt,25-34
Female,Corporate 9-to-5,Intermediate,31,YouTube,70,0,20,35,30.4,7.47,21.7,18.3,2,1.0,Mild Deficit,35-44
Non-Binary,Corporate 9-to-5,Night Owl,15,Instagram / Reddit,100,1,0,31,26.8,6.35,27.8,20.0,2,2.4,Moderate Debt,25-34
Male,Freelance / Creative,Night Owl,127,Instagram / Reddit,100,0,20,39,79.8,3.85,17.3,21.3,5,10.0,Severe Sleep Debt,25-34
Male,Remote Tech,Intermediate,59,Messaging / Chat,77,0,125,16,48.8,6.54,17.8,18.5,3,5.1,Moderate Debt,<25
Female,Healthcare / Shift Worker,Morning Lark,136,YouTube,47,0,0,55,62.6,3.85,22.4,23.0,6,8.9,Severe Sleep Debt,<25
Male,Student,Morning Lark,79,TikTok / Reels,71,0,0,48,61.4,7.35,20.3,19.8,1,2.8,Mild Deficit,25-34
Male,Remote Tech,Intermediate,41,TikTok / Reels,55,1,0,23,27.5,7.78,24.6,19.8,1,1.0,Optimal Recovery,25-34
Non-Binary,Corporate 9-to-5,Intermediate,51,Instagram / Reddit,36,0,20,46,39.2,7.17,24.8,19.9,2,1.9,Mild Deficit,35-44
Female,Student,Intermediate,93,Instagram / Reddit,37,0,0,23,47.9,6.47,18.2,18.5,2,3.6,Moderate Debt,25-34
Male,Corporate 9-to-5,Intermediate,15,Messaging / Chat,72,1,0,14,32.7,7.94,19.7,20.5,1,1.0,Optimal Recovery,35-44
Female,Remote Tech,Intermediate,96,News / Reading,70,1,0,41,29.4,5.58,23.9,22.4,3,4.5,Moderate Debt,45-54
Female,Student,Night Owl,49,YouTube,79,1,0,32,27.6,5.21,19.6,16.8,2,3.5,Moderate Debt,35-44
Female,Healthcare / Shift Worker,Intermediate,44,Instagram / Reddit,50,0,161,32,46.9,4.96,16.9,17.2,3,6.8,Moderate Debt,<25
Male,Student,Morning Lark,176,Messaging / Chat,46,0,121,58,94.0,5.57,17.3,19.1,5,9.8,Moderate Debt,25-34
Female,Student,Intermediate,113,Streaming (Netflix/Hulu),33,1,93,50,47.7,4.58,18.9,16.5,4,7.2,Moderate Debt,<25
Male,Corporate 9-to-5,Intermediate,27,YouTube,22,0,0,53,34.7,8.44,25.6,21.4,0,1.0,Optimal Recovery,25-34
Non-Binary,Corporate 9-to-5,Night Owl,62,Streaming (Netflix/Hulu),38,1,0,15,31.0,4.94,22.8,18.8,4,5.6,Moderate Debt,55+
Female,Corporate 9-to-5,Intermediate,24,YouTube,42,0,100,34,30.2,6.65,22.0,18.6,2,3.7,Moderate Debt,<25
Male,Student,Intermediate,69,Streaming (Netflix/Hulu),32,1,0,51,31.9,7.97,21.7,23.9,1,1.0,Optimal Recovery,25-34
Female,Freelance / Creative,Intermediate,156,YouTube,45,0,76,59,77.5,4.4,23.0,17.5,5,9.6,Severe Sleep Debt,35-44
Female,Corporate 9-to-5,Intermediate,126,Streaming (Netflix/Hulu),93,0,0,34,60.9,4.44,20.4,23.4,5,8.4,Moderate Debt,35-44
Male,Corporate 9-to-5,Night Owl,68,Streaming (Netflix/Hulu),41,0,41,8,53.4,4.59,23.7,22.0,4,7.2,Moderate Debt,25-34
Male,Remote Tech,Morning Lark,63,TikTok / Reels,18,0,0,49,38.4,7.26,22.7,18.2,2,1.2,Mild Deficit,<25
Male,Healthcare / Shift Worker,Intermediate,46,YouTube,58,1,0,50,32.7,4.68,23.1,18.0,3,4.2,Moderate Debt,25-34
Male,Remote Tech,Morning Lark,163,Instagram / Reddit,68,1,0,34,86.6,5.48,18.7,21.7,5,7.8,Moderate Debt,25-34
Female,Corporate 9-to-5,Intermediate,87,Instagram / Reddit,37,1,104,45,49.3,5.0,18.6,21.1,4,6.7,Moderate Debt,<25
Female,Freelance / Creative,Intermediate,38,Instagram / Reddit,70,0,0,5,24.4,8.21,24.2,14.8,1,1.0,Optimal Recovery,25-34
Female,Healthcare / Shift Worker,Morning Lark,55,YouTube,91,0,89,54,50.8,6.51,22.0,17.8,1,4.5,Moderate Debt,<25
Female,Corporate 9-to-5,Intermediate,57,Instagram / Reddit,50,1,0,46,39.9,6.79,26.8,17.8,3,2.6,Mild Deficit,<25
Female,Freelance / Creative,Night Owl,28,TikTok / Reels,70,0,48,20,36.5,5.52,19.1,14.5,2,2.9,Moderate Debt,25-34
Male,Remote Tech,Intermediate,57,TikTok / Reels,73,1,201,65,54.0,7.24,23.3,14.5,2,3.7,Mild Deficit,<25
Female,Remote Tech,Morning Lark,73,YouTube,63,1,0,1,41.1,6.19,21.8,19.8,3,4.8,Moderate Debt,35-44
Female,Remote Tech,Intermediate,25,TikTok / Reels,73,0,59,38,36.6,7.47,23.6,14.9,1,2.2,Mild Deficit,35-44
Male,Healthcare / Shift Worker,Morning Lark,99,Streaming (Netflix/Hulu),66,1,0,63,35.7,6.53,26.2,22.0,3,3.9,Moderate Debt,45-54
Male,Student,Intermediate,32,News / Reading,36,1,78,80,33.1,8.95,22.5,20.8,1,1.0,Optimal Recovery,<25
Male,Corporate 9-to-5,Intermediate,38,TikTok / Reels,10,0,0,13,22.9,7.77,26.9,14.9,1,1.0,Optimal Recovery,<25
Male,Freelance / Creative,Morning Lark,31,Messaging / Chat,59,0,0,40,23.4,8.49,19.7,22.6,0,1.0,Optimal Recovery,<25
Female,Corporate 9-to-5,Night Owl,27,Streaming (Netflix/Hulu),50,0,0,32,27.5,4.56,23.5,22.7,3,5.2,Moderate Debt,35-44
Male,Student,Morning Lark,110,YouTube,22,1,117,35,54.6,7.29,22.8,15.4,2,3.9,Mild Deficit,35-44
Male,Student,Night Owl,122,TikTok / Reels,51,0,0,38,69.8,3.71,16.4,16.3,6,10.0,Severe Sleep Debt,<25
Female,Corporate 9-to-5,Night Owl,34,Streaming (Netflix/Hulu),52,0,0,45,39.4,6.29,22.6,21.8,3,3.2,Moderate Debt,55+
Female,Corporate 9-to-5,Night Owl,102,Instagram / Reddit,61,0,60,85,70.6,4.99,17.2,19.6,6,9.1,Severe Sleep Debt,<25
Male,Healthcare / Shift Worker,Intermediate,16,YouTube,77,1,41,62,40.6,6.34,28.0,20.3,3,4.0,Moderate Debt,25-34
Male,Remote Tech,Night Owl,42,YouTube,39,1,0,2,27.5,5.12,24.2,19.9,3,4.4,Moderate Debt,35-44
Male,Student,Night Owl,20,Messaging / Chat,14,1,152,18,21.1,7.4,19.3,17.0,1,1.0,Mild Deficit,45-54
Male,Remote Tech,Morning Lark,171,TikTok / Reels,47,0,0,52,108.5,4.57,18.7,16.6,7,10.0,Severe Sleep Debt,35-44
Male,Student,Intermediate,112,Messaging / Chat,71,1,0,11,68.8,6.76,17.6,12.6,3,5.8,Mild Deficit,45-54
Non-Binary,Remote Tech,Morning Lark,13,TikTok / Reels,82,1,221,11,33.5,9.57,19.1,14.4,0,1.0,Optimal Recovery,25-34
Male,Corporate 9-to-5,Intermediate,28,Instagram / Reddit,43,1,0,26,25.6,6.97,23.4,24.6,1,1.6,Mild Deficit,45-54
Female,Remote Tech,Intermediate,43,YouTube,67,1,88,53,34.3,6.72,22.8,17.5,3,2.4,Moderate Debt,<25
Male,Healthcare / Shift Worker,Morning Lark,49,Instagram / Reddit,33,1,20,56,32.9,7.02,23.9,19.9,3,1.3,Mild Deficit,45-54
Female,Remote Tech,Night Owl,19,YouTube,55,0,0,15,21.1,5.7,20.3,18.8,3,3.1,Moderate Debt,25-34
Male,Corporate 9-to-5,Morning Lark,82,YouTube,10,1,0,0,41.2,6.89,23.8,20.1,2,3.2,Mild Deficit,45-54
Male,Freelance / Creative,Night Owl,102,Streaming (Netflix/Hulu),48,0,20,58,44.8,5.3,23.9,22.7,3,4.6,Moderate Debt,25-34
Male,Healthcare / Shift Worker,Morning Lark,64,YouTube,61,0,0,52,51.7,5.78,23.3,19.0,4,5.8,Moderate Debt,35-44
Male,Corporate 9-to-5,Intermediate,61,Streaming (Netflix/Hulu),46,0,38,38,30.6,6.92,19.2,19.8,2,2.7,Mild Deficit,25-34
Female,Freelance / Creative,Morning Lark,31,Messaging / Chat,27,1,86,32,27.9,7.55,20.0,17.3,1,1.0,Mild Deficit,35-44
Female,Student,Intermediate,41,Streaming (Netflix/Hulu),57,1,0,35,29.8,6.41,22.7,23.0,2,1.0,Moderate Debt,<25
Female,Corporate 9-to-5,Night Owl,59,TikTok / Reels,91,1,0,38,48.8,4.77,23.6,18.6,4,6.4,Moderate Debt,<25
Male,Corporate 9-to-5,Intermediate,64,Instagram / Reddit,38,0,128,23,54.3,6.03,18.8,16.3,3,5.2,Moderate Debt,25-34
Male,Student,Intermediate,52,Instagram / Reddit,41,1,0,63,34.2,6.48,28.0,20.8,2,1.3,Moderate Debt,<25
Male,Student,Night Owl,96,YouTube,50,1,250,0,67.7,3.41,10.7,15.4,6,10.0,Severe Sleep Debt,45-54
Female,Corporate 9-to-5,Morning Lark,72,YouTube,88,1,0,59,46.9,6.8,24.3,16.4,2,2.0,Mild Deficit,25-34
Female,Corporate 9-to-5,Night Owl,103,YouTube,28,1,62,17,48.1,4.04,24.4,21.7,4,6.9,Moderate Debt,55+
Male,Corporate 9-to-5,Morning Lark,56,YouTube,40,1,0,0,36.1,7.82,21.8,17.3,1,1.0,Optimal Recovery,25-34
Female,Remote Tech,Morning Lark,56,Streaming (Netflix/Hulu),69,1,0,45,21.9,9.13,20.9,19.1,0,1.0,Optimal Recovery,<25
Male,Corporate 9-to-5,Morning Lark,91,Messaging / Chat,30,1,0,48,40.3,6.91,21.4,24.7,3,3.3,Mild Deficit,35-44
Male,Corporate 9-to-5,Night Owl,25,Streaming (Netflix/Hulu),38,0,23,30,24.7,4.77,23.3,21.2,4,5.3,Moderate Debt,35-44
Male,Student,Morning Lark,180,Instagram / Reddit,90,1,0,47,89.3,4.93,18.0,21.0,5,8.5,Moderate Debt,25-34
Female,Student,Night Owl,31,News / Reading,90,0,161,0,22.8,5.22,20.0,17.1,2,4.1,Moderate Debt,25-34
Male,Remote Tech,Night Owl,29,Instagram / Reddit,67,1,137,63,27.8,6.19,20.6,20.1,2,2.3,Moderate Debt,35-44
Female,Remote Tech,Intermediate,99,YouTube,62,0,0,10,48.4,5.71,20.5,21.2,3,4.4,Moderate Debt,25-34
Non-Binary,Remote Tech,Intermediate,76,Messaging / Chat,43,1,45,53,50.2,5.68,22.9,16.1,3,4.1,Moderate Debt,55+
Female,Remote Tech,Night Owl,83,YouTube,55,0,0,36,44.6,4.97,24.2,19.3,3,5.1,Moderate Debt,55+
Female,Freelance / Creative,Intermediate,57,TikTok / Reels,40,1,0,37,42.0,6.85,21.7,21.5,3,2.9,Mild Deficit,35-44
Male,Student,Morning Lark,26,Instagram / Reddit,85,0,30,0,43.8,8.18,21.9,20.5,1,1.0,Optimal Recovery,<25
Female,Corporate 9-to-5,Intermediate,139,Messaging / Chat,58,1,100,76,67.9,5.58,23.1,21.9,5,6.9,Moderate Debt,35-44
Male,Remote Tech,Night Owl,97,TikTok / Reels,52,0,0,61,71.0,3.86,22.0,16.9,5,7.9,Moderate Debt,<25
Male,Remote Tech,Night Owl,34,Instagram / Reddit,56,1,0,18,27.2,6.12,22.0,21.8,2,2.4,Moderate Debt,<25
Male,Student,Morning Lark,91,YouTube,42,1,0,67,48.9,6.72,21.9,19.6,2,3.4,Moderate Debt,25-34
Non-Binary,Remote Tech,Morning Lark,36,Streaming (Netflix/Hulu),65,1,117,27,37.2,6.59,18.1,14.8,3,4.3,Moderate Debt,25-34
Female,Healthcare / Shift Worker,Night Owl,40,TikTok / Reels,51,0,0,26,23.3,3.81,20.1,17.9,5,6.1,Moderate Debt,45-54
Male,Student,Morning Lark,42,News / Reading,100,1,29,7,22.0,8.27,21.8,16.3,1,1.0,Optimal Recovery,35-44
Female,Remote Tech,Night Owl,32,Messaging / Chat,46,0,80,31,30.9,5.41,15.4,16.7,4,5.2,Moderate Debt,35-44
Female,Healthcare / Shift Worker,Morning Lark,56,Instagram / Reddit,72,0,0,34,31.0,6.13,19.1,20.0,4,3.4,Moderate Debt,25-34
Male,Student,Night Owl,97,Streaming (Netflix/Hulu),92,1,0,18,46.3,4.05,16.7,18.3,5,7.8,Moderate Debt,25-34
Female,Student,Night Owl,71,Streaming (Netflix/Hulu),10,1,78,51,41.4,6.36,18.8,20.4,2,3.5,Moderate Debt,25-34
Male,Freelance / Creative,Intermediate,83,Instagram / Reddit,46,0,0,69,46.4,5.91,22.8,20.5,2,3.2,Moderate Debt,55+
Female,Corporate 9-to-5,Morning Lark,63,Messaging / Chat,86,1,0,51,41.4,6.58,24.4,20.8,3,3.5,Moderate Debt,<25
Male,Corporate 9-to-5,Intermediate,10,News / Reading,10,0,79,0,21.9,9.8,21.9,15.2,0,1.0,Optimal Recovery,45-54
Non-Binary,Healthcare / Shift Worker,Intermediate,180,YouTube,79,0,0,3,102.9,3.31,17.6,18.3,7,10.0,Severe Sleep Debt,35-44
Female,Student,Intermediate,108,TikTok / Reels,62,1,0,40,64.8,5.88,17.4,16.0,3,5.3,Moderate Debt,25-34
Male,Freelance / Creative,Intermediate,65,YouTube,86,1,0,57,37.9,6.69,23.7,20.5,2,2.9,Moderate Debt,35-44
Male,Corporate 9-to-5,Morning Lark,23,Instagram / Reddit,49,0,0,30,16.6,9.38,22.4,12.9,0,1.0,Optimal Recovery,25-34
Female,Student,Intermediate,81,TikTok / Reels,60,0,0,37,58.7,5.04,22.1,19.4,4,6.7,Moderate Debt,45-54
Female,Corporate 9-to-5,Night Owl,53,TikTok / Reels,32,1,0,36,39.5,4.45,26.9,19.3,4,5.6,Moderate Debt,45-54
Male,Remote Tech,Intermediate,60,News / Reading,50,1,0,29,27.5,6.85,18.8,20.1,3,2.4,Mild Deficit,25-34
Female,Corporate 9-to-5,Intermediate,96,Instagram / Reddit,39,0,0,45,50.5,5.24,19.4,20.2,4,5.3,Moderate Debt,25-34
Female,Corporate 9-to-5,Intermediate,69,Messaging / Chat,43,0,43,42,36.8,6.87,22.1,18.7,3,3.4,Mild Deficit,35-44
Male,Corporate 9-to-5,Night Owl,121,News / Reading,58,1,0,57,47.6,4.39,21.6,21.7,5,6.7,Moderate Debt,45-54
Male,Student,Intermediate,39,TikTok / Reels,39,1,0,11,30.4,6.69,23.0,19.8,3,2.8,Moderate Debt,<25
Male,Remote Tech,Morning Lark,15,Streaming (Netflix/Hulu),10,0,0,0,16.3,9.8,24.0,21.4,0,1.0,Optimal Recovery,35-44
Male,Corporate 9-to-5,Morning Lark,52,YouTube,60,0,0,35,25.2,8.16,23.3,21.7,2,1.0,Optimal Recovery,35-44
Male,Corporate 9-to-5,Night Owl,40,Instagram / Reddit,59,0,72,25,27.4,5.51,20.2,20.9,3,4.9,Moderate Debt,35-44
Female,Corporate 9-to-5,Night Owl,74,TikTok / Reels,70,1,0,21,70.4,3.49,19.0,17.4,5,9.7,Severe Sleep Debt,<25
Female,Freelance / Creative,Intermediate,29,TikTok / Reels,55,0,45,16,32.9,6.92,28.0,19.9,1,1.0,Mild Deficit,35-44
Female,Corporate 9-to-5,Morning Lark,39,TikTok / Reels,33,1,79,57,36.4,8.14,26.3,15.7,1,1.0,Optimal Recovery,45-54
Male,Corporate 9-to-5,Intermediate,76,YouTube,86,0,0,32,43.2,6.84,16.4,18.9,2,2.4,Mild Deficit,<25
Female,Healthcare / Shift Worker,Night Owl,45,Messaging / Chat,48,0,0,87,24.8,3.39,21.7,18.1,4,6.4,Moderate Debt,25-34
Female,Student,Intermediate,101,TikTok / Reels,36,1,61,29,59.7,6.96,19.7,15.1,2,3.5,Mild Deficit,55+
Male,Student,Morning Lark,29,YouTube,84,1,0,20,47.0,7.86,21.2,19.3,2,1.0,Optimal Recovery,<25
Female,Student,Intermediate,22,Streaming (Netflix/Hulu),89,0,0,56,21.5,8.9,24.0,21.4,0,1.0,Optimal Recovery,45-54
Female,Freelance / Creative,Night Owl,81,Instagram / Reddit,10,0,0,79,43.1,4.89,28.0,18.3,4,4.3,Moderate Debt,25-34
Male,Corporate 9-to-5,Morning Lark,19,Messaging / Chat,36,0,34,24,25.9,9.24,22.5,23.0,0,1.0,Optimal Recovery,25-34
Female,Freelance / Creative,Intermediate,11,TikTok / Reels,51,1,0,54,11.9,6.56,23.6,20.6,3,1.0,Moderate Debt,45-54
Female,Healthcare / Shift Worker,Intermediate,22,TikTok / Reels,61,1,93,7,35.2,5.56,17.5,18.0,2,3.8,Moderate Debt,25-34
Female,Remote Tech,Intermediate,105,YouTube,68,1,20,29,66.4,4.52,18.8,17.7,5,8.6,Severe Sleep Debt,25-34
Male,Student,Intermediate,35,YouTube,100,0,237,11,44.8,6.84,17.6,14.8,2,5.2,Mild Deficit,25-34
Male,Student,Intermediate,41,YouTube,33,1,0,45,34.6,6.54,21.7,20.4,2,2.6,Moderate Debt,35-44
Female,Corporate 9-to-5,Morning Lark,85,TikTok / Reels,58,0,0,30,56.4,6.31,19.5,18.9,3,4.1,Moderate Debt,<25
Male,Corporate 9-to-5,Morning Lark,96,Streaming (Netflix/Hulu),26,0,71,20,51.4,6.55,20.4,17.4,4,4.4,Moderate Debt,25-34
Female,Freelance / Creative,Intermediate,86,YouTube,60,0,0,58,52.9,6.02,23.5,18.9,4,5.1,Moderate Debt,55+
Male,Remote Tech,Morning Lark,81,YouTube,88,1,20,9,45.4,6.56,22.5,19.1,3,3.5,Moderate Debt,25-34
Female,Remote Tech,Intermediate,33,News / Reading,10,1,0,81,16.7,8.4,27.2,22.1,1,1.0,Optimal Recovery,35-44
Male,Student,Intermediate,57,Instagram / Reddit,26,1,146,48,44.3,6.02,18.6,14.9,4,4.8,Moderate Debt,25-34
Male,Remote Tech,Morning Lark,19,Instagram / Reddit,71,1,0,57,25.4,7.69,20.8,19.6,2,1.0,Mild Deficit,35-44
Male,Corporate 9-to-5,Intermediate,42,TikTok / Reels,71,0,0,63,31.2,7.01,20.4,18.0,2,1.0,Mild Deficit,<25
Female,Student,Intermediate,14,Instagram / Reddit,38,0,0,54,24.0,7.65,20.6,22.8,1,1.0,Mild Deficit,55+
Female,Student,Intermediate,101,Streaming (Netflix/Hulu),71,1,0,0,55.8,6.33,21.7,17.4,3,5.1,Moderate Debt,25-34
Male,Corporate 9-to-5,Intermediate,41,Streaming (Netflix/Hulu),81,0,250,0,59.6,7.36,12.5,11.9,4,4.8,Mild Deficit,25-34
Female,Freelance / Creative,Night Owl,56,Instagram / Reddit,66,0,122,13,38.3,4.13,22.0,17.3,5,7.4,Moderate Debt,<25
Male,Corporate 9-to-5,Intermediate,37,Instagram / Reddit,84,0,0,25,27.6,6.64,20.3,21.2,1,1.1,Moderate Debt,<25
Male,Remote Tech,Intermediate,109,TikTok / Reels,61,1,0,65,65.9,5.89,23.8,14.9,3,4.6,Moderate Debt,25-34
Male,Corporate 9-to-5,Morning Lark,18,TikTok / Reels,50,0,0,4,31.6,7.75,20.2,20.0,1,1.0,Optimal Recovery,25-34
Female,Student,Morning Lark,23,Streaming (Netflix/Hulu),61,1,0,13,22.0,9.8,21.7,23.5,0,1.0,Optimal Recovery,45-54
Male,Remote Tech,Morning Lark,55,YouTube,72,0,0,22,40.2,8.28,20.8,17.4,0,1.0,Optimal Recovery,25-34
Male,Remote Tech,Night Owl,57,Streaming (Netflix/Hulu),23,1,0,37,30.6,4.54,23.7,23.0,4,4.7,Moderate Debt,25-34
Male,Healthcare / Shift Worker,Intermediate,101,Instagram / Reddit,60,0,0,47,52.9,4.53,19.7,16.0,4,7.3,Moderate Debt,35-44
Female,Corporate 9-to-5,Morning Lark,63,Instagram / Reddit,52,1,0,13,40.0,8.02,16.8,19.1,2,1.3,Optimal Recovery,35-44
Female,Healthcare / Shift Worker,Night Owl,57,Instagram / Reddit,44,0,0,70,44.8,4.23,23.2,19.6,5,6.8,Moderate Debt,<25
Female,Remote Tech,Morning Lark,31,Instagram / Reddit,32,0,141,47,49.9,6.16,19.4,15.6,3,4.3,Moderate Debt,<25
Female,Freelance / Creative,Morning Lark,109,Instagram / Reddit,17,0,0,41,51.9,6.51,26.5,19.9,3,3.6,Moderate Debt,<25
Male,Remote Tech,Intermediate,47,Streaming (Netflix/Hulu),45,1,167,38,38.2,6.8,21.4,19.0,4,3.9,Mild Deficit,35-44
Male,Corporate 9-to-5,Intermediate,33,Instagram / Reddit,43,0,0,2,29.0,7.94,25.5,21.2,1,1.0,Optimal Recovery,35-44
Female,Corporate 9-to-5,Intermediate,29,News / Reading,74,0,0,32,24.6,7.44,21.3,21.9,2,1.1,Mild Deficit,25-34
Male,Healthcare / Shift Worker,Intermediate,56,Messaging / Chat,78,0,0,37,33.3,4.66,24.5,17.8,4,5.8,Moderate Debt,45-54
Female,Healthcare / Shift Worker,Intermediate,17,YouTube,38,0,74,53,32.2,5.09,19.6,14.3,5,6.1,Moderate Debt,45-54
Female,Corporate 9-to-5,Night Owl,18,Messaging / Chat,38,0,70,52,30.1,5.33,26.3,18.5,1,4.1,Moderate Debt,35-44
Female,Student,Night Owl,18,Messaging / Chat,44,1,117,67,22.5,6.25,18.1,18.3,2,3.1,Moderate Debt,45-54
Female,Remote Tech,Night Owl,146,Instagram / Reddit,77,0,0,41,85.0,3.2,20.6,20.2,7,10.0,Severe Sleep Debt,<25
Male,Freelance / Creative,Night Owl,125,YouTube,42,0,0,8,62.3,3.2,11.5,21.6,5,10.0,Severe Sleep Debt,<25
Female,Freelance / Creative,Intermediate,27,Instagram / Reddit,94,1,0,61,19.7,7.25,20.5,18.9,2,1.5,Mild Deficit,25-34
Male,Freelance / Creative,Intermediate,64,TikTok / Reels,58,0,0,72,54.6,6.44,23.6,15.7,3,4.0,Moderate Debt,<25
Female,Healthcare / Shift Worker,Intermediate,83,TikTok / Reels,64,1,250,48,78.6,3.51,17.0,15.9,7,10.0,Severe Sleep Debt,25-34
Male,Freelance / Creative,Night Owl,70,Messaging / Chat,46,1,74,71,41.4,4.08,24.4,17.2,5,8.2,Moderate Debt,55+
Female,Corporate 9-to-5,Intermediate,22,YouTube,87,0,41,41,30.9,7.13,25.3,19.1,2,2.4,Mild Deficit,<25
Female,Healthcare / Shift Worker,Morning Lark,30,TikTok / Reels,64,0,57,26,29.0,7.02,21.0,16.9,2,3.1,Mild Deficit,<25
Female,Student,Night Owl,63,Instagram / Reddit,45,1,21,23,44.2,5.24,21.9,15.6,3,5.0,Moderate Debt,25-34
Female,Freelance / Creative,Night Owl,18,YouTube,29,0,40,5,26.1,5.48,24.2,19.7,3,3.2,Moderate Debt,55+
Female,Remote Tech,Night Owl,104,Streaming (Netflix/Hulu),69,0,0,31,54.7,3.92,17.4,22.1,6,10.0,Severe Sleep Debt,25-34
Male,Corporate 9-to-5,Morning Lark,21,Instagram / Reddit,42,1,101,8,27.7,7.76,16.0,18.1,2,1.1,Optimal Recovery,25-34
Male,Remote Tech,Intermediate,59,YouTube,51,0,115,89,41.7,6.79,18.9,19.9,3,2.9,Mild Deficit,<25
Male,Student,Intermediate,91,TikTok / Reels,36,1,0,16,63.9,4.36,20.2,15.2,6,8.6,Severe Sleep Debt,<25
Male,Corporate 9-to-5,Intermediate,97,Messaging / Chat,37,1,0,59,43.7,6.1,23.6,21.9,1,3.0,Moderate Debt,55+
Female,Remote Tech,Morning Lark,98,News / Reading,43,1,0,3,42.0,7.39,18.7,22.4,1,1.0,Mild Deficit,55+
Female,Remote Tech,Intermediate,31,Instagram / Reddit,54,1,207,25,37.8,7.46,16.8,14.4,1,2.5,Mild Deficit,<25
Non-Binary,Remote Tech,Morning Lark,34,Instagram / Reddit,31,0,134,30,50.5,7.33,17.9,18.1,2,2.9,Mild Deficit,55+
Male,Remote Tech,Intermediate,67,Messaging / Chat,50,1,60,28,46.4,6.58,18.8,21.4,3,3.9,Moderate Debt,35-44
Male,Corporate 9-to-5,Night Owl,81,YouTube,41,1,52,34,44.0,4.79,17.0,20.0,5,7.3,Moderate Debt,45-54
Male,Freelance / Creative,Night Owl,79,TikTok / Reels,53,0,0,56,64.9,5.72,24.4,17.9,5,6.8,Moderate Debt,25-34
Female,Student,Morning Lark,85,Instagram / Reddit,73,0,0,72,46.4,6.96,22.0,17.7,3,3.7,Mild Deficit,25-34
Female,Corporate 9-to-5,Intermediate,73,YouTube,59,0,49,41,44.9,7.09,22.3,20.7,3,2.5,Mild Deficit,25-34
Female,Student,Morning Lark,64,YouTube,43,1,0,31,45.2,7.93,24.2,18.9,1,1.0,Optimal Recovery,35-44
Female,Student,Morning Lark,33,YouTube,54,1,0,13,22.2,8.9,21.1,22.9,0,1.0,Optimal Recovery,<25
Female,Corporate 9-to-5,Night Owl,66,YouTube,67,1,0,32,31.2,5.52,23.3,18.4,2,2.7,Moderate Debt,<25
Female,Remote Tech,Night Owl,136,Streaming (Netflix/Hulu),69,1,0,4,56.7,3.66,21.7,17.9,5,8.2,Moderate Debt,25-34
Male,Student,Night Owl,43,YouTube,59,1,56,30,29.4,5.84,19.6,18.3,2,3.3,Moderate Debt,35-44
Male,Remote Tech,Intermediate,40,News / Reading,91,1,125,88,25.0,8.28,20.9,19.1,0,1.0,Optimal Recovery,<25
Male,Student,Night Owl,77,YouTube,37,0,0,74,31.8,3.21,27.9,19.6,4,6.3,Moderate Debt,35-44
Male,Remote Tech,Morning Lark,21,Instagram / Reddit,66,0,0,42,16.5,8.32,22.3,16.3,0,1.0,Optimal Recovery,55+
Female,Corporate 9-to-5,Morning Lark,59,TikTok / Reels,54,0,0,58,41.3,8.16,24.4,16.4,3,1.0,Optimal Recovery,<25
Female,Freelance / Creative,Morning Lark,102,Instagram / Reddit,75,0,0,22,60.9,6.85,20.5,19.6,3,4.2,Mild Deficit,35-44
Male,Corporate 9-to-5,Night Owl,59,News / Reading,55,0,0,17,33.3,5.16,19.4,21.6,2,5.3,Moderate Debt,25-34
Female,Student,Morning Lark,59,Streaming (Netflix/Hulu),97,1,0,17,33.5,7.16,19.3,21.7,0,1.1,Mild Deficit,45-54
Female,Corporate 9-to-5,Morning Lark,9,TikTok / Reels,57,1,26,31,16.3,7.72,26.9,15.2,0,1.0,Mild Deficit,<25
Female,Corporate 9-to-5,Intermediate,44,Instagram / Reddit,70,0,0,58,28.1,6.62,19.9,20.5,2,2.3,Moderate Debt,35-44
Female,Remote Tech,Morning Lark,26,Instagram / Reddit,51,1,20,10,32.8,8.21,24.0,17.0,1,1.0,Optimal Recovery,45-54
Male,Corporate 9-to-5,Morning Lark,20,TikTok / Reels,62,0,0,48,23.2,8.06,21.1,19.8,1,1.0,Optimal Recovery,55+
Female,Remote Tech,Morning Lark,49,Messaging / Chat,43,0,54,54,24.9,8.78,21.8,19.3,0,1.0,Optimal Recovery,35-44
Male,Corporate 9-to-5,Morning Lark,81,YouTube,64,0,44,40,49.7,7.55,20.6,19.1,3,3.4,Mild Deficit,25-34
Male,Remote Tech,Intermediate,47,Instagram / Reddit,16,1,0,20,29.1,8.5,20.1,20.9,1,1.0,Optimal Recovery,35-44
Female,Student,Intermediate,92,YouTube,44,0,0,44,55.4,6.09,20.5,16.2,4,4.8,Moderate Debt,45-54
Female,Corporate 9-to-5,Morning Lark,80,TikTok / Reels,41,0,57,39,57.9,6.33,19.1,14.2,3,4.2,Moderate Debt,35-44
Female,Healthcare / Shift Worker,Morning Lark,35,Messaging / Chat,93,0,0,51,22.8,6.46,24.1,21.6,2,1.8,Moderate Debt,<25
Female,Corporate 9-to-5,Night Owl,38,TikTok / Reels,40,0,53,61,30.9,5.92,23.8,17.9,3,3.2,Moderate Debt,55+
Male,Corporate 9-to-5,Intermediate,12,YouTube,45,0,0,9,17.1,8.25,22.3,18.3,1,1.0,Optimal Recovery,35-44
Male,Student,Intermediate,165,Streaming (Netflix/Hulu),40,1,0,45,62.9,4.67,20.6,18.0,5,7.7,Moderate Debt,35-44
Male,Remote Tech,Intermediate,27,TikTok / Reels,63,0,114,48,31.0,7.34,21.1,14.6,2,1.2,Mild Deficit,<25
Female,Remote Tech,Morning Lark,60,Instagram / Reddit,48,1,110,46,43.9,7.93,22.7,18.9,2,1.0,Optimal Recovery,35-44
Male,Corporate 9-to-5,Night Owl,49,YouTube,46,0,38,46,32.7,4.84,23.8,18.9,3,4.7,Moderate Debt,25-34
Male,Healthcare / Shift Worker,Intermediate,132,News / Reading,98,0,34,28,52.4,3.44,17.9,16.6,5,10.0,Severe Sleep Debt,35-44
Female,Student,Morning Lark,65,Instagram / Reddit,58,1,0,12,46.5,7.78,19.6,18.9,1,1.0,Optimal Recovery,<25
Male,Corporate 9-to-5,Intermediate,53,News / Reading,69,0,87,1,34.7,6.99,20.0,18.9,1,2.3,Mild Deficit,35-44
Female,Remote Tech,Intermediate,113,Streaming (Netflix/Hulu),63,1,32,58,52.0,4.58,23.0,19.9,4,5.2,Moderate Debt,55+
Male,Healthcare / Shift Worker,Morning Lark,60,TikTok / Reels,38,1,38,35,39.1,6.34,20.9,18.5,2,3.8,Moderate Debt,<25
Male,Remote Tech,Night Owl,29,YouTube,43,1,0,43,28.6,5.9,24.9,17.3,3,2.9,Moderate Debt,55+
Female,Corporate 9-to-5,Night Owl,74,Streaming (Netflix/Hulu),33,0,0,39,38.4,4.9,21.7,21.2,4,5.0,Moderate Debt,25-34
Male,Remote Tech,Morning Lark,19,Instagram / Reddit,30,1,0,31,15.5,8.92,21.1,16.1,0,1.0,Optimal Recovery,45-54
Female,Corporate 9-to-5,Intermediate,26,YouTube,56,0,0,59,13.8,7.37,26.5,20.2,1,1.0,Mild Deficit,35-44
Female,Remote Tech,Night Owl,40,News / Reading,57,0,213,28,37.8,5.14,21.0,15.1,4,6.1,Moderate Debt,35-44
Non-Binary,Healthcare / Shift Worker,Morning Lark,22,TikTok / Reels,52,1,20,51,20.5,6.98,24.1,20.5,1,1.0,Mild Deficit,35-44
Male,Remote Tech,Intermediate,43,Instagram / Reddit,63,1,0,33,36.0,6.73,19.9,19.8,2,2.0,Moderate Debt,45-54
Female,Remote Tech,Intermediate,6,Instagram / Reddit,52,1,20,0,9.0,8.85,21.8,23.5,0,1.0,Optimal Recovery,25-34
Female,Freelance / Creative,Intermediate,59,Instagram / Reddit,80,0,0,22,36.8,6.66,16.1,17.0,2,2.8,Moderate Debt,25-34
Female,Remote Tech,Night Owl,72,YouTube,45,1,28,60,34.8,4.89,25.6,21.3,3,4.9,Moderate Debt,35-44
Female,Remote Tech,Night Owl,36,Instagram / Reddit,75,1,0,15,28.8,6.53,21.7,18.2,3,3.3,Moderate Debt,45-54
Male,Corporate 9-to-5,Night Owl,14,TikTok / Reels,70,0,0,50,23.9,6.6,23.3,18.8,2,1.0,Moderate Debt,35-44
Male,Student,Intermediate,52,Instagram / Reddit,10,0,0,43,33.9,7.11,27.2,20.2,2,1.6,Mild Deficit,35-44
Male,Remote Tech,Night Owl,80,Streaming (Netflix/Hulu),25,0,0,37,27.5,5.83,18.9,19.8,3,3.7,Moderate Debt,25-34
Female,Remote Tech,Morning Lark,18,Messaging / Chat,21,0,55,39,44.2,8.64,18.9,17.3,2,1.0,Optimal Recovery,45-54
Male,Freelance / Creative,Intermediate,180,TikTok / Reels,61,1,0,49,102.8,3.93,20.6,14.7,7,10.0,Severe Sleep Debt,<25
Female,Healthcare / Shift Worker,Morning Lark,60,Messaging / Chat,33,0,20,42,33.8,5.93,25.3,23.7,2,4.1,Moderate Debt,25-34
Male,Student,Intermediate,82,Instagram / Reddit,76,1,20,12,64.2,5.59,23.8,19.6,2,4.6,Moderate Debt,<25
Male,Remote Tech,Morning Lark,180,Instagram / Reddit,33,1,154,60,95.7,3.71,22.4,13.7,6,10.0,Severe Sleep Debt,25-34
Male,Remote Tech,Night Owl,69,YouTube,59,1,92,77,57.3,3.76,21.0,15.7,5,8.7,Severe Sleep Debt,25-34
Female,Corporate 9-to-5,Intermediate,29,TikTok / Reels,35,1,0,6,30.7,7.04,26.1,16.0,1,1.1,Mild Deficit,25-34
Female,Corporate 9-to-5,Morning Lark,33,Streaming (Netflix/Hulu),66,0,0,24,25.7,8.68,24.2,22.4,0,1.0,Optimal Recovery,35-44
Female,Student,Night Owl,99,News / Reading,49,1,0,71,34.6,4.59,20.9,16.7,4,6.3,Moderate Debt,25-34
Male,Remote Tech,Night Owl,88,Instagram / Reddit,46,1,0,23,55.9,3.85,18.7,18.7,5,7.5,Moderate Debt,25-34
Female,Healthcare / Shift Worker,Intermediate,100,Messaging / Chat,41,0,0,46,44.8,4.27,25.5,20.6,5,6.7,Moderate Debt,25-34
Female,Corporate 9-to-5,Morning Lark,77,YouTube,33,0,0,33,43.9,6.87,19.3,22.7,4,3.7,Mild Deficit,25-34
Female,Remote Tech,Night Owl,70,Streaming (Netflix/Hulu),62,1,122,65,43.2,4.65,19.4,14.8,4,6.7,Moderate Debt,25-34
Male,Student,Night Owl,7,TikTok / Reels,41,0,0,29,6.0,6.3,25.6,18.5,1,1.0,Moderate Debt,<25
Female,Remote Tech,Intermediate,84,Streaming (Netflix/Hulu),100,1,49,0,36.6,6.14,19.1,21.2,4,3.8,Moderate Debt,35-44
Male,Healthcare / Shift Worker,Intermediate,68,Messaging / Chat,87,0,0,49,44.1,4.58,24.3,21.6,5,7.0,Moderate Debt,35-44
Male,Freelance / Creative,Intermediate,24,Messaging / Chat,50,1,89,60,25.5,7.32,22.6,14.5,1,1.0,Mild Deficit,35-44
Male,Corporate 9-to-5,Night Owl,33,Messaging / Chat,47,1,20,44,21.3,4.47,26.0,17.9,3,3.7,Moderate Debt,25-34
Female,Corporate 9-to-5,Intermediate,91,TikTok / Reels,51,0,38,18,70.6,4.62,14.5,15.9,5,8.5,Moderate Debt,25-34
Female,Corporate 9-to-5,Morning Lark,180,Instagram / Reddit,85,0,0,29,115.7,4.12,15.1,16.8,6,10.0,Severe Sleep Debt,45-54
Female,Student,Night Owl,102,YouTube,97,1,43,41,58.6,4.65,21.3,19.8,4,7.1,Moderate Debt,25-34
Female,Remote Tech,Morning Lark,139,YouTube,16,1,0,49,64.8,5.3,26.3,21.3,5,6.0,Moderate Debt,25-34
Female,Student,Night Owl,17,TikTok / Reels,82,1,0,53,26.6,5.41,21.7,17.5,4,3.2,Moderate Debt,<25
Male,Remote Tech,Intermediate,106,TikTok / Reels,49,0,20,31,70.4,5.37,21.4,15.5,5,8.2,Moderate Debt,25-34
Female,Student,Intermediate,86,Instagram / Reddit,39,0,0,46,52.8,6.25,22.8,19.7,5,4.4,Moderate Debt,25-34
Male,Student,Morning Lark,65,Instagram / Reddit,77,1,94,20,49.3,6.68,17.7,15.6,2,5.4,Moderate Debt,25-34
Female,Remote Tech,Night Owl,38,YouTube,57,1,0,71,27.7,5.83,27.2,19.5,3,2.5,Moderate Debt,35-44
Male,Remote Tech,Night Owl,72,Streaming (Netflix/Hulu),82,1,0,0,35.5,4.7,20.9,22.4,4,4.9,Moderate Debt,25-34
Male,Corporate 9-to-5,Night Owl,94,YouTube,74,0,133,76,64.0,3.86,19.6,17.1,5,9.8,Severe Sleep Debt,35-44
Male,Remote Tech,Intermediate,55,YouTube,62,1,250,2,58.3,6.98,13.0,14.3,3,4.9,Mild Deficit,35-44
Male,Remote Tech,Morning Lark,32,Streaming (Netflix/Hulu),87,0,68,24,36.7,7.74,23.1,19.0,2,1.0,Mild Deficit,45-54
Male,Remote Tech,Intermediate,126,YouTube,52,1,0,1,66.0,5.74,20.6,21.1,4,5.3,Moderate Debt,35-44
Male,Freelance / Creative,Intermediate,44,Instagram / Reddit,33,0,0,47,28.3,7.82,19.9,16.6,2,1.0,Optimal Recovery,55+
Female,Freelance / Creative,Intermediate,66,TikTok / Reels,93,0,0,44,47.2,6.8,25.8,19.7,3,2.6,Mild Deficit,<25
Female,Healthcare / Shift Worker,Night Owl,10,Instagram / Reddit,50,1,58,22,29.3,3.63,17.8,20.0,5,7.9,Moderate Debt,<25
Female,Remote Tech,Intermediate,30,TikTok / Reels,58,0,106,5,44.3,7.28,18.8,15.7,3,3.6,Mild Deficit,<25
Female,Student,Night Owl,108,TikTok / Reels,44,0,75,56,79.8,3.85,17.8,16.7,6,9.6,Severe Sleep Debt,35-44
Female,Remote Tech,Night Owl,103,YouTube,57,1,0,29,48.2,4.54,19.8,18.6,4,6.6,Moderate Debt,45-54
Female,Corporate 9-to-5,Morning Lark,72,Instagram / Reddit,61,0,179,37,64.0,7.83,13.7,17.2,2,3.1,Optimal Recovery,25-34
Female,Corporate 9-to-5,Night Owl,12,TikTok / Reels,33,0,50,14,18.4,7.05,24.8,19.0,2,1.2,Mild Deficit,55+
Female,Corporate 9-to-5,Intermediate,33,TikTok / Reels,33,0,0,51,33.5,8.28,25.9,19.9,2,1.0,Optimal Recovery,<25
Female,Corporate 9-to-5,Night Owl,162,TikTok / Reels,37,0,20,28,102.0,3.2,22.1,17.5,7,10.0,Severe Sleep Debt,55+
Male,Remote Tech,Intermediate,56,YouTube,52,0,78,41,41.6,7.16,20.3,18.9,2,2.2,Mild Deficit,25-34
Female,Freelance / Creative,Intermediate,92,TikTok / Reels,64,0,30,19,63.8,5.89,21.0,16.9,2,5.5,Moderate Debt,<25
Male,Corporate 9-to-5,Morning Lark,32,YouTube,81,1,0,45,38.6,7.64,21.6,19.4,2,1.0,Mild Deficit,25-34
Female,Freelance / Creative,Night Owl,55,News / Reading,100,0,51,31,36.5,4.82,23.7,23.1,4,6.7,Moderate Debt,25-34
Male,Corporate 9-to-5,Night Owl,33,TikTok / Reels,59,0,30,0,38.2,6.36,22.6,19.0,3,2.2,Moderate Debt,25-34
Male,Corporate 9-to-5,Morning Lark,42,YouTube,46,1,0,43,29.2,7.28,27.1,21.5,3,1.0,Mild Deficit,25-34
Male,Remote Tech,Night Owl,29,News / Reading,10,0,20,49,25.4,5.44,28.0,21.7,3,3.6,Moderate Debt,45-54
Male,Student,Intermediate,47,TikTok / Reels,60,0,0,13,36.2,6.93,19.1,16.3,2,1.0,Mild Deficit,25-34
Female,Corporate 9-to-5,Night Owl,49,Instagram / Reddit,52,0,0,66,39.3,4.63,21.7,19.9,2,3.5,Moderate Debt,25-34
Non-Binary,Corporate 9-to-5,Morning Lark,85,YouTube,48,1,34,12,40.9,6.89,18.2,22.5,3,4.3,Mild Deficit,35-44
Male,Remote Tech,Intermediate,14,News / Reading,42,0,0,46,6.3,7.18,24.9,21.7,0,1.0,Mild Deficit,35-44
Male,Corporate 9-to-5,Intermediate,21,Messaging / Chat,42,1,0,73,18.6,8.22,23.8,17.1,1,1.0,Optimal Recovery,25-34
Male,Student,Morning Lark,55,YouTube,62,0,0,78,24.0,8.6,22.2,20.2,1,1.0,Optimal Recovery,25-34
Female,Remote Tech,Intermediate,23,TikTok / Reels,68,1,0,11,32.6,6.99,22.6,15.8,1,1.9,Mild Deficit,<25
Male,Corporate 9-to-5,Intermediate,25,YouTube,54,0,0,52,21.6,8.4,21.1,21.0,1,1.0,Optimal Recovery,<25
Female,Healthcare / Shift Worker,Morning Lark,137,News / Reading,71,1,0,25,53.0,6.09,23.4,19.2,3,4.4,Moderate Debt,35-44
Male,Corporate 9-to-5,Intermediate,82,TikTok / Reels,81,1,94,14,68.8,4.82,11.2,18.3,4,9.2,Severe Sleep Debt,<25
Female,Student,Night Owl,47,News / Reading,53,0,0,41,34.5,5.75,20.6,22.6,2,4.0,Moderate Debt,25-34
Male,Student,Intermediate,31,Messaging / Chat,79,0,55,57,22.7,7.62,21.3,18.2,0,1.0,Mild Deficit,35-44
Female,Freelance / Creative,Morning Lark,143,TikTok / Reels,36,0,0,33,78.8,5.72,23.1,17.9,5,5.9,Moderate Debt,<25
Female,Remote Tech,Intermediate,18,Messaging / Chat,61,1,0,2,37.6,6.0,20.8,19.1,3,4.9,Moderate Debt,35-44
Male,Student,Intermediate,99,TikTok / Reels,47,1,42,6,61.5,6.52,28.0,16.8,3,4.3,Moderate Debt,25-34
Male,Corporate 9-to-5,Night Owl,149,Instagram / Reddit,65,1,46,52,77.1,3.2,22.4,17.0,5,10.0,Severe Sleep Debt,55+
Male,Student,Night Owl,55,YouTube,12,0,0,46,29.6,5.62,22.9,21.0,3,3.8,Moderate Debt,25-34
Female,Remote Tech,Morning Lark,69,Instagram / Reddit,79,1,0,46,44.9,6.7,23.1,17.5,2,2.1,Moderate Debt,45-54
Female,Remote Tech,Intermediate,72,Instagram / Reddit,54,1,108,7,53.3,5.93,17.9,17.2,3,5.1,Moderate Debt,25-34
Male,Healthcare / Shift Worker,Night Owl,84,YouTube,64,0,80,21,57.7,3.34,18.0,20.0,7,10.0,Severe Sleep Debt,<25
Non-Binary,Corporate 9-to-5,Night Owl,64,Streaming (Netflix/Hulu),39,1,0,22,29.4,5.22,24.0,20.4,3,3.8,Moderate Debt,35-44
Male,Healthcare / Shift Worker,Intermediate,68,Streaming (Netflix/Hulu),88,0,0,8,44.2,3.81,22.3,20.2,5,9.2,Severe Sleep Debt,55+
Female,Healthcare / Shift Worker,Morning Lark,30,News / Reading,62,1,0,38,22.4,7.13,19.6,19.9,2,1.4,Mild Deficit,35-44
Male,Remote Tech,Intermediate,11,Streaming (Netflix/Hulu),47,1,0,19,15.1,7.81,19.9,20.9,1,1.0,Optimal Recovery,45-54
Female,Remote Tech,Morning Lark,95,Streaming (Netflix/Hulu),13,1,176,30,50.9,5.8,20.1,14.7,4,5.4,Moderate Debt,45-54
Male,Remote Tech,Night Owl,21,YouTube,48,1,0,17,13.4,6.66,23.0,21.3,2,1.7,Moderate Debt,25-34
Female,Freelance / Creative,Morning Lark,131,TikTok / Reels,10,1,0,9,72.5,6.34,22.5,15.9,4,4.6,Moderate Debt,<25
Female,Corporate 9-to-5,Morning Lark,49,TikTok / Reels,58,1,0,8,40.6,8.37,23.5,17.6,3,1.0,Optimal Recovery,35-44
Male,Remote Tech,Intermediate,171,YouTube,67,1,20,16,65.5,3.68,20.6,19.9,6,9.0,Severe Sleep Debt,25-34
Male,Student,Intermediate,68,Streaming (Netflix/Hulu),69,0,0,42,36.4,6.51,25.2,19.5,2,2.2,Moderate Debt,45-54
Female,Freelance / Creative,Intermediate,40,Streaming (Netflix/Hulu),38,1,60,15,26.1,6.42,23.8,18.9,2,2.5,Moderate Debt,45-54
Female,Healthcare / Shift Worker,Intermediate,81,Messaging / Chat,42,1,0,38,46.6,5.01,23.2,19.2,4,4.4,Moderate Debt,25-34
Female,Student,Night Owl,159,YouTube,53,1,118,60,87.0,3.2,21.0,14.6,7,10.0,Severe Sleep Debt,25-34
Male,Corporate 9-to-5,Intermediate,58,Streaming (Netflix/Hulu),44,1,0,36,41.3,7.28,23.7,19.5,1,1.0,Mild Deficit,35-44
Female,Remote Tech,Intermediate,56,Streaming (Netflix/Hulu),22,1,0,6,22.6,8.64,22.4,22.5,1,1.0,Optimal Recovery,25-34
Female,Corporate 9-to-5,Intermediate,53,Instagram / Reddit,43,0,0,23,28.6,7.37,23.0,23.6,1,1.0,Mild Deficit,45-54
Male,Healthcare / Shift Worker,Intermediate,39,Instagram / Reddit,63,1,0,59,33.8,4.87,24.6,21.8,3,3.9,Moderate Debt,25-34
Male,Student,Intermediate,64,News / Reading,46,0,20,35,53.5,6.31,21.7,25.2,3,4.3,Moderate Debt,35-44
Male,Student,Intermediate,70,YouTube,50,1,25,18,35.8,6.28,23.2,15.8,4,3.4,Moderate Debt,<25
Female,Student,Night Owl,170,Messaging / Chat,45,1,0,23,72.2,3.2,18.3,18.0,7,10.0,Severe Sleep Debt,35-44
Male,Remote Tech,Intermediate,40,News / Reading,100,0,0,66,33.4,7.54,20.3,20.9,1,1.0,Mild Deficit,25-34
Male,Corporate 9-to-5,Night Owl,141,Instagram / Reddit,58,0,0,57,76.6,3.2,26.9,21.2,6,9.7,Severe Sleep Debt,35-44
Male,Corporate 9-to-5,Intermediate,73,TikTok / Reels,59,1,100,33,46.2,5.61,21.0,17.9,4,5.1,Moderate Debt,<25
Male,Corporate 9-to-5,Intermediate,81,Messaging / Chat,44,0,107,31,48.2,7.1,20.4,14.8,1,3.0,Mild Deficit,35-44
Female,Student,Intermediate,36,Messaging / Chat,64,1,0,43,28.6,7.82,23.9,19.1,3,1.0,Optimal Recovery,45-54
Non-Binary,Corporate 9-to-5,Morning Lark,50,TikTok / Reels,57,0,0,21,25.2,8.86,23.8,18.9,0,1.0,Optimal Recovery,<25
Female,Student,Intermediate,44,YouTube,20,1,0,56,25.0,6.71,24.4,21.4,2,2.1,Moderate Debt,<25
Female,Student,Intermediate,86,YouTube,85,0,0,37,54.9,6.02,24.2,20.3,4,5.3,Moderate Debt,<25
Female,Remote Tech,Morning Lark,27,Messaging / Chat,53,0,0,9,26.1,8.78,19.4,18.3,1,1.0,Optimal Recovery,35-44
Female,Corporate 9-to-5,Intermediate,26,YouTube,66,1,0,55,23.6,6.67,19.8,18.9,4,3.7,Moderate Debt,35-44
Non-Binary,Corporate 9-to-5,Intermediate,9,Instagram / Reddit,42,1,48,15,11.5,7.23,22.9,17.8,0,1.0,Mild Deficit,25-34
Male,Corporate 9-to-5,Night Owl,81,Instagram / Reddit,64,0,0,0,55.4,5.84,18.5,19.3,3,4.1,Moderate Debt,25-34
Male,Student,Night Owl,21,YouTube,68,1,163,59,33.2,5.16,16.5,14.4,5,7.0,Moderate Debt,25-34
Male,Corporate 9-to-5,Intermediate,54,News / Reading,26,1,20,56,30.0,7.14,21.5,22.6,2,1.4,Mild Deficit,35-44
Female,Healthcare / Shift Worker,Intermediate,18,News / Reading,65,1,0,20,16.9,5.17,23.9,23.6,2,2.5,Moderate Debt,25-34
Female,Student,Morning Lark,55,TikTok / Reels,53,1,0,78,42.5,7.97,24.8,19.7,0,1.0,Optimal Recovery,55+
Male,Corporate 9-to-5,Morning Lark,53,TikTok / Reels,34,0,168,54,69.4,7.55,23.5,18.2,2,3.7,Mild Deficit,<25
Male,Student,Night Owl,37,TikTok / Reels,88,0,190,0,44.8,4.21,15.0,15.5,5,7.4,Moderate Debt,35-44
Female,Student,Morning Lark,71,YouTube,36,1,0,18,36.3,8.01,20.1,23.1,1,1.0,Optimal Recovery,25-34
Male,Student,Intermediate,35,Streaming (Netflix/Hulu),60,0,0,64,31.0,6.44,28.0,20.2,3,1.8,Moderate Debt,25-34
Female,Corporate 9-to-5,Night Owl,94,Instagram / Reddit,30,1,0,83,47.8,4.54,23.8,23.1,4,6.7,Moderate Debt,35-44
Female,Corporate 9-to-5,Night Owl,108,TikTok / Reels,33,0,0,33,65.8,3.63,20.6,17.0,5,8.8,Severe Sleep Debt,35-44
Female,Corporate 9-to-5,Night Owl,112,YouTube,76,0,0,52,53.8,4.06,19.3,18.3,5,8.6,Severe Sleep Debt,55+
Female,Remote Tech,Night Owl,55,TikTok / Reels,48,1,0,24,36.8,4.28,18.5,16.6,5,6.5,Moderate Debt,<25
Male,Healthcare / Shift Worker,Night Owl,79,YouTube,84,0,37,45,49.6,3.21,21.5,18.6,6,8.7,Severe Sleep Debt,<25
Male,Student,Morning Lark,55,Streaming (Netflix/Hulu),47,0,26,27,30.1,8.13,21.0,23.6,1,1.0,Optimal Recovery,35-44
Female,Freelance / Creative,Intermediate,73,YouTube,46,0,0,0,44.7,6.04,20.0,17.3,4,4.8,Moderate Debt,35-44
Male,Corporate 9-to-5,Intermediate,57,TikTok / Reels,40,1,0,31,39.4,6.19,21.9,19.2,3,2.6,Moderate Debt,25-34
Male,Corporate 9-to-5,Intermediate,60,Instagram / Reddit,45,0,26,99,45.1,6.28,21.9,19.9,2,3.8,Moderate Debt,<25
Female,Student,Night Owl,135,Streaming (Netflix/Hulu),67,1,89,26,67.4,3.9,18.4,18.1,4,9.2,Severe Sleep Debt,<25
Female,Corporate 9-to-5,Intermediate,12,YouTube,57,1,47,38,21.6,8.34,24.3,18.5,0,1.0,Optimal Recovery,45-54
Non-Binary,Corporate 9-to-5,Morning Lark,62,YouTube,49,0,0,44,32.8,8.17,25.4,20.2,0,1.0,Optimal Recovery,<25
Male,Remote Tech,Intermediate,62,TikTok / Reels,69,1,125,32,46.6,8.42,22.2,20.0,0,1.0,Optimal Recovery,25-34
Non-Binary,Corporate 9-to-5,Morning Lark,35,TikTok / Reels,66,0,0,19,42.7,8.23,23.7,18.3,1,1.0,Optimal Recovery,25-34
Female,Student,Night Owl,78,Instagram / Reddit,49,0,0,43,50.5,5.22,19.4,15.2,4,6.3,Moderate Debt,25-34
Male,Corporate 9-to-5,Intermediate,53,TikTok / Reels,85,0,89,47,48.9,5.72,20.7,18.0,2,5.0,Moderate Debt,<25
Female,Student,Intermediate,38,Streaming (Netflix/Hulu),24,0,0,37,14.1,7.42,26.6,17.5,0,1.0,Mild Deficit,25-34
Female,Healthcare / Shift Worker,Intermediate,60,Messaging / Chat,63,0,50,22,44.9,5.41,16.7,16.7,4,5.6,Moderate Debt,<25
Male,Corporate 9-to-5,Intermediate,139,Streaming (Netflix/Hulu),53,0,41,28,77.2,5.04,19.0,16.2,5,8.9,Severe Sleep Debt,45-54
Female,Freelance / Creative,Night Owl,180,YouTube,65,1,0,18,74.4,3.2,18.2,19.9,6,10.0,Severe Sleep Debt,25-34
Female,Remote Tech,Intermediate,47,YouTube,57,1,96,49,38.2,6.74,24.6,17.1,3,2.3,Moderate Debt,25-34
Female,Freelance / Creative,Night Owl,44,YouTube,60,0,0,41,28.8,5.5,19.1,19.0,3,4.3,Moderate Debt,45-54
Female,Corporate 9-to-5,Night Owl,52,Streaming (Netflix/Hulu),19,1,59,37,25.0,5.14,17.8,19.6,3,5.4,Moderate Debt,35-44
Male,Student,Night Owl,15,TikTok / Reels,60,0,168,13,27.8,6.5,22.6,17.2,3,3.3,Moderate Debt,25-34
Female,Remote Tech,Intermediate,49,TikTok / Reels,76,1,130,8,41.2,7.61,14.1,16.0,2,3.5,Mild Deficit,25-34
Female,Student,Night Owl,11,TikTok / Reels,43,0,42,32,30.9,7.16,17.8,18.6,1,1.5,Mild Deficit,25-34
Female,Student,Intermediate,30,YouTube,75,1,0,0,12.3,7.14,20.2,18.2,1,1.0,Mild Deficit,35-44
Female,Remote Tech,Night Owl,73,Streaming (Netflix/Hulu),48,1,0,45,45.8,4.5,23.9,20.0,4,6.5,Moderate Debt,55+
Male,Freelance / Creative,Night Owl,27,Messaging / Chat,43,1,0,30,26.9,5.95,22.7,17.4,3,4.4,Moderate Debt,35-44
Female,Remote Tech,Night Owl,65,News / Reading,44,0,0,17,34.0,4.7,15.4,26.4,3,5.0,Moderate Debt,25-34
Male,Corporate 9-to-5,Night Owl,44,Streaming (Netflix/Hulu),35,0,0,1,30.6,5.12,21.2,21.5,4,4.6,Moderate Debt,35-44
Female,Student,Intermediate,35,TikTok / Reels,56,0,21,37,44.1,7.4,25.2,17.2,2,2.7,Mild Deficit,25-34
Female,Student,Morning Lark,97,TikTok / Reels,43,1,40,43,52.5,6.06,19.4,18.1,4,5.0,Moderate Debt,<25
Male,Remote Tech,Intermediate,58,TikTok / Reels,44,1,0,67,41.4,6.8,25.8,17.5,3,2.6,Mild Deficit,25-34
Male,Remote Tech,Night Owl,71,TikTok / Reels,41,0,52,23,52.6,4.6,23.1,19.5,3,7.4,Moderate Debt,55+
Female,Freelance / Creative,Morning Lark,44,YouTube,62,0,0,66,32.4,8.67,23.0,18.1,0,1.0,Optimal Recovery,<25
Male,Student,Intermediate,88,News / Reading,30,0,0,38,33.4,5.94,19.5,18.9,3,4.1,Moderate Debt,35-44
Female,Corporate 9-to-5,Intermediate,22,Instagram / Reddit,67,0,20,39,31.8,6.38,17.4,19.6,3,3.2,Moderate Debt,<25
Male,Corporate 9-to-5,Intermediate,111,Messaging / Chat,65,0,0,77,61.1,5.06,23.1,20.8,4,6.5,Moderate Debt,25-34
Male,Freelance / Creative,Night Owl,7,YouTube,65,1,20,47,21.7,6.07,24.4,21.8,2,1.6,Moderate Debt,<25
Male,Student,Intermediate,8,Instagram / Reddit,35,1,0,44,16.4,8.08,25.3,19.2,2,1.0,Optimal Recovery,25-34
Non-Binary,Freelance / Creative,Night Owl,37,News / Reading,60,1,48,23,27.9,6.53,20.5,20.5,1,1.6,Moderate Debt,35-44
Female,Corporate 9-to-5,Intermediate,43,Instagram / Reddit,81,1,36,7,33.0,7.91,18.9,24.2,1,1.0,Optimal Recovery,25-34
Male,Student,Night Owl,42,Instagram / Reddit,31,1,0,45,24.4,5.44,19.1,16.2,5,4.5,Moderate Debt,35-44
Female,Student,Intermediate,27,YouTube,59,1,0,44,36.0,6.03,25.8,22.1,3,2.2,Moderate Debt,35-44
Female,Corporate 9-to-5,Morning Lark,144,TikTok / Reels,33,0,47,30,97.9,5.27,16.1,16.9,6,9.0,Severe Sleep Debt,55+
Female,Remote Tech,Night Owl,51,Streaming (Netflix/Hulu),50,1,0,29,35.3,5.46,21.5,20.1,3,5.2,Moderate Debt,25-34
Female,Student,Intermediate,112,TikTok / Reels,54,1,64,5,64.7,4.96,21.2,18.9,3,6.1,Moderate Debt,25-34
Male,Remote Tech,Intermediate,12,YouTube,42,1,20,24,16.1,7.08,20.7,12.5,1,1.0,Mild Deficit,<25
Male,Healthcare / Shift Worker,Intermediate,28,Streaming (Netflix/Hulu),40,0,0,54,20.2,5.8,21.6,21.8,2,2.2,Moderate Debt,55+
Male,Healthcare / Shift Worker,Intermediate,23,Streaming (Netflix/Hulu),60,0,0,34,25.2,5.88,25.2,23.2,2,2.5,Moderate Debt,55+
Female,Healthcare / Shift Worker,Intermediate,10,TikTok / Reels,35,1,29,7,23.1,7.14,21.8,16.8,0,1.0,Mild Deficit,25-34
Female,Healthcare / Shift Worker,Morning Lark,61,TikTok / Reels,65,1,0,37,41.2,6.96,21.4,19.7,1,1.5,Mild Deficit,45-54
Male,Remote Tech,Intermediate,36,Streaming (Netflix/Hulu),90,1,20,83,21.6,7.64,25.3,22.1,3,1.0,Mild Deficit,25-34
Female,Remote Tech,Intermediate,18,Instagram / Reddit,29,1,149,80,24.6,7.66,22.4,21.3,2,1.1,Mild Deficit,35-44
Male,Healthcare / Shift Worker,Intermediate,30,TikTok / Reels,28,1,41,11,33.7,6.6,16.2,14.9,4,3.6,Moderate Debt,<25
Male,Remote Tech,Intermediate,80,News / Reading,25,1,81,8,37.6,6.01,17.4,22.1,3,3.2,Moderate Debt,35-44
Male,Corporate 9-to-5,Night Owl,125,Instagram / Reddit,45,1,122,22,73.4,4.35,21.7,15.2,5,8.8,Severe Sleep Debt,<25
Male,Remote Tech,Intermediate,37,Instagram / Reddit,72,1,0,24,26.1,5.96,20.4,23.0,1,2.9,Moderate Debt,45-54
Male,Corporate 9-to-5,Night Owl,32,Streaming (Netflix/Hulu),74,1,0,28,29.2,5.55,21.2,18.8,2,2.6,Moderate Debt,35-44
Female,Student,Intermediate,39,TikTok / Reels,63,1,0,1,46.3,6.73,22.3,16.8,3,2.7,Moderate Debt,35-44
Male,Corporate 9-to-5,Intermediate,31,Messaging / Chat,59,1,0,42,39.0,7.71,24.8,21.9,1,1.0,Mild Deficit,<25
Female,Corporate 9-to-5,Morning Lark,33,News / Reading,81,1,0,17,16.3,9.01,24.6,22.2,0,1.0,Optimal Recovery,25-34
Female,Freelance / Creative,Morning Lark,132,Instagram / Reddit,45,0,0,35,67.4,6.23,20.6,19.9,3,4.1,Moderate Debt,25-34
Female,Student,Intermediate,82,Instagram / Reddit,66,0,0,27,49.4,5.93,22.7,16.8,3,4.1,Moderate Debt,25-34
Male,Healthcare / Shift Worker,Intermediate,91,Instagram / Reddit,95,1,40,24,70.4,3.33,18.8,15.2,6,9.9,Severe Sleep Debt,<25
Female,Student,Night Owl,26,Streaming (Netflix/Hulu),80,1,0,3,35.3,4.79,24.1,20.4,3,5.1,Moderate Debt,55+
Female,Healthcare / Shift Worker,Intermediate,79,Instagram / Reddit,33,0,32,24,49.7,4.2,25.4,21.8,4,5.4,Moderate Debt,25-34
Female,Student,Night Owl,45,YouTube,43,0,20,9,30.5,4.93,17.1,17.1,3,5.6,Moderate Debt,25-34
Male,Remote Tech,Night Owl,24,TikTok / Reels,96,1,133,8,39.7,5.97,24.8,12.9,3,3.5,Moderate Debt,25-34
Male,Freelance / Creative,Morning Lark,180,Instagram / Reddit,43,1,0,7,86.8,5.88,24.7,19.7,4,6.4,Moderate Debt,25-34
Male,Corporate 9-to-5,Intermediate,69,Instagram / Reddit,87,0,0,39,50.8,6.22,23.5,20.1,2,4.5,Moderate Debt,35-44
Male,Freelance / Creative,Intermediate,130,YouTube,46,1,73,0,70.6,4.76,18.6,16.5,6,10.0,Severe Sleep Debt,25-34
Female,Remote Tech,Intermediate,103,Messaging / Chat,51,1,0,60,53.0,6.02,17.7,24.8,3,4.3,Moderate Debt,45-54
Female,Remote Tech,Intermediate,12,Instagram / Reddit,37,0,30,58,13.9,7.92,25.1,15.6,1,1.0,Optimal Recovery,25-34
Male,Corporate 9-to-5,Night Owl,27,Instagram / Reddit,40,1,0,79,29.7,6.26,24.5,18.0,2,1.6,Moderate Debt,55+
Female,Remote Tech,Night Owl,79,TikTok / Reels,51,1,0,12,58.4,3.2,26.0,15.1,5,8.5,Moderate Debt,45-54
Female,Student,Night Owl,42,YouTube,59,1,0,33,25.4,6.13,27.9,19.2,2,2.4,Moderate Debt,<25
Female,Freelance / Creative,Intermediate,70,Streaming (Netflix/Hulu),47,0,0,25,43.5,5.87,21.3,16.6,3,3.0,Moderate Debt,55+
Female,Freelance / Creative,Intermediate,101,YouTube,69,0,44,14,67.3,5.55,20.6,21.9,3,7.0,Moderate Debt,<25
Female,Freelance / Creative,Intermediate,11,Instagram / Reddit,47,0,0,17,21.5,5.91,15.2,17.8,2,2.9,Moderate Debt,45-54
Male,Corporate 9-to-5,Intermediate,66,Instagram / Reddit,14,1,0,62,47.7,6.07,21.4,21.0,4,3.2,Moderate Debt,25-34
Female,Freelance / Creative,Intermediate,36,YouTube,51,0,0,55,25.6,7.68,21.8,17.7,2,1.1,Mild Deficit,45-54
Male,Remote Tech,Morning Lark,85,YouTube,46,1,42,20,45.8,7.45,18.9,16.3,1,2.7,Mild Deficit,45-54
Female,Healthcare / Shift Worker,Night Owl,112,TikTok / Reels,85,0,0,43,79.9,3.2,18.7,21.6,7,10.0,Severe Sleep Debt,45-54
Female,Corporate 9-to-5,Night Owl,51,Streaming (Netflix/Hulu),73,1,117,49,46.8,5.01,21.3,21.9,4,6.9,Moderate Debt,35-44
Female,Remote Tech,Intermediate,46,Instagram / Reddit,75,1,0,3,37.9,6.43,20.5,16.0,2,1.8,Moderate Debt,25-34
Male,Freelance / Creative,Night Owl,69,YouTube,69,0,0,29,35.4,6.29,25.0,22.0,3,3.5,Moderate Debt,<25
Female,Freelance / Creative,Intermediate,84,TikTok / Reels,64,0,0,54,50.6,5.25,22.8,19.0,4,5.6,Moderate Debt,25-34
Male,Student,Morning Lark,163,TikTok / Reels,64,1,0,0,98.4,4.45,19.7,17.8,6,9.6,Severe Sleep Debt,<25
Male,Healthcare / Shift Worker,Night Owl,8,TikTok / Reels,73,0,38,27,16.5,5.71,23.0,17.3,1,2.5,Moderate Debt,35-44
Male,Corporate 9-to-5,Night Owl,158,TikTok / Reels,67,0,0,36,89.1,3.2,17.8,21.7,7,10.0,Severe Sleep Debt,25-34
Female,Student,Intermediate,105,Instagram / Reddit,44,1,0,25,48.4,6.0,22.9,19.6,3,3.9,Moderate Debt,55+
Female,Student,Morning Lark,129,TikTok / Reels,27,0,0,21,68.7,6.3,23.5,18.3,3,5.0,Moderate Debt,35-44
Female,Corporate 9-to-5,Night Owl,50,Streaming (Netflix/Hulu),17,1,0,45,22.6,5.63,21.2,19.9,3,4.3,Moderate Debt,45-54
Male,Corporate 9-to-5,Morning Lark,40,Messaging / Chat,38,0,107,35,45.2,7.99,16.3,19.2,1,1.4,Optimal Recovery,<25
Female,Corporate 9-to-5,Intermediate,13,TikTok / Reels,40,1,0,0,16.1,8.01,24.7,18.6,2,1.0,Optimal Recovery,45-54
Male,Student,Intermediate,33,Messaging / Chat,53,0,0,27,24.8,7.51,23.1,19.8,1,1.0,Mild Deficit,45-54
Male,Corporate 9-to-5,Night Owl,80,Streaming (Netflix/Hulu),53,1,20,0,39.5,5.65,21.2,21.7,3,4.1,Moderate Debt,25-34
Female,Remote Tech,Intermediate,32,Messaging / Chat,90,0,89,37,29.7,7.08,17.4,21.5,3,4.5,Mild Deficit,35-44
Female,Remote Tech,Night Owl,57,TikTok / Reels,66,0,0,15,47.5,3.97,19.8,15.2,6,8.3,Moderate Debt,35-44
Male,Remote Tech,Intermediate,72,Messaging / Chat,40,1,141,45,63.1,5.6,20.3,15.1,4,6.8,Moderate Debt,<25
Female,Student,Intermediate,86,News / Reading,82,1,0,0,47.4,7.13,16.6,23.1,3,2.8,Mild Deficit,25-34
Female,Student,Night Owl,179,Messaging / Chat,50,1,0,29,76.4,3.2,21.1,24.3,7,10.0,Severe Sleep Debt,25-34
Male,Remote Tech,Morning Lark,56,Instagram / Reddit,66,1,31,34,35.4,7.59,23.3,19.9,2,1.0,Mild Deficit,<25
Female,Remote Tech,Intermediate,83,TikTok / Reels,64,0,0,0,65.8,7.72,19.7,21.6,3,2.5,Mild Deficit,25-34
Male,Remote Tech,Intermediate,43,TikTok / Reels,56,0,0,47,42.0,6.68,24.6,18.1,3,2.2,Moderate Debt,<25
Male,Healthcare / Shift Worker,Night Owl,24,Messaging / Chat,83,0,0,52,25.8,4.9,27.6,19.8,4,4.8,Moderate Debt,<25
Male,Corporate 9-to-5,Morning Lark,35,TikTok / Reels,43,1,0,39,27.5,7.58,27.2,20.4,3,1.0,Mild Deficit,<25
Female,Corporate 9-to-5,Intermediate,48,YouTube,58,0,0,16,38.4,7.28,18.9,15.7,1,1.6,Mild Deficit,55+
Female,Student,Intermediate,72,TikTok / Reels,37,0,0,0,46.8,5.8,17.2,19.4,3,4.7,Moderate Debt,25-34
Male,Remote Tech,Intermediate,160,Streaming (Netflix/Hulu),62,0,0,19,73.7,4.36,16.0,19.2,5,8.6,Severe Sleep Debt,55+
Female,Healthcare / Shift Worker,Morning Lark,53,Instagram / Reddit,63,1,0,41,34.5,5.25,23.1,17.7,4,4.1,Moderate Debt,25-34
Female,Corporate 9-to-5,Night Owl,38,Messaging / Chat,57,1,0,68,46.3,6.85,22.9,21.4,3,2.2,Mild Deficit,25-34
Female,Student,Intermediate,38,Messaging / Chat,56,0,0,44,29.0,7.58,27.1,20.5,2,1.1,Mild Deficit,25-34
Female,Corporate 9-to-5,Morning Lark,66,Instagram / Reddit,52,0,20,0,35.8,7.78,18.4,19.6,2,3.1,Optimal Recovery,25-34
Female,Remote Tech,Intermediate,65,Instagram / Reddit,63,0,80,33,50.1,7.11,18.6,15.5,3,3.4,Mild Deficit,<25
Male,Corporate 9-to-5,Night Owl,61,Instagram / Reddit,67,0,91,39,34.4,5.13,22.5,18.9,2,5.4,Moderate Debt,35-44
Female,Healthcare / Shift Worker,Morning Lark,50,TikTok / Reels,31,0,0,0,31.8,7.34,21.2,15.5,0,1.0,Mild Deficit,<25
Female,Freelance / Creative,Intermediate,89,Messaging / Chat,49,0,22,26,55.4,4.89,18.9,17.0,4,5.9,Moderate Debt,35-44
Male,Remote Tech,Night Owl,10,Instagram / Reddit,48,1,0,54,19.0,5.47,23.1,23.3,3,2.8,Moderate Debt,35-44
Non-Binary,Healthcare / Shift Worker,Morning Lark,79,YouTube,68,1,69,39,42.0,5.53,16.8,18.0,4,6.0,Moderate Debt,<25
Female,Student,Morning Lark,40,TikTok / Reels,79,1,0,11,28.3,8.2,20.4,19.8,1,1.0,Optimal Recovery,<25
Female,Freelance / Creative,Intermediate,70,Streaming (Netflix/Hulu),64,1,0,47,43.9,5.73,19.5,19.8,3,4.4,Moderate Debt,35-44
Male,Healthcare / Shift Worker,Night Owl,78,YouTube,58,0,0,33,40.8,3.2,18.2,20.6,5,9.0,Severe Sleep Debt,25-34
Male,Corporate 9-to-5,Morning Lark,37,TikTok / Reels,40,0,0,62,34.1,9.8,25.8,16.8,0,1.0,Optimal Recovery,<25
Male,Student,Night Owl,180,Messaging / Chat,92,0,0,0,92.5,3.2,15.8,20.9,7,10.0,Severe Sleep Debt,55+
Male,Remote Tech,Intermediate,27,TikTok / Reels,37,1,0,24,24.4,7.24,28.0,21.5,2,1.0,Mild Deficit,<25
Female,Corporate 9-to-5,Intermediate,121,Instagram / Reddit,30,0,0,0,63.1,6.07,23.7,23.1,3,4.8,Moderate Debt,35-44
Male,Corporate 9-to-5,Intermediate,50,Messaging / Chat,69,0,50,15,40.5,6.45,22.6,21.8,3,4.0,Moderate Debt,55+
Female,Freelance / Creative,Night Owl,97,Streaming (Netflix/Hulu),45,1,58,54,56.7,3.5,21.0,19.2,5,7.9,Moderate Debt,25-34
Male,Freelance / Creative,Morning Lark,14,Streaming (Netflix/Hulu),70,1,53,57,14.4,9.01,23.8,23.0,1,1.0,Optimal Recovery,<25
Male,Healthcare / Shift Worker,Intermediate,75,Streaming (Netflix/Hulu),84,0,0,79,44.6,5.38,26.4,21.2,3,4.6,Moderate Debt,<25
Male,Freelance / Creative,Intermediate,52,TikTok / Reels,50,1,0,20,37.3,6.73,21.9,21.5,2,2.5,Moderate Debt,25-34
Female,Healthcare / Shift Worker,Morning Lark,80,Messaging / Chat,64,1,0,74,36.9,6.43,26.6,18.3,4,3.2,Moderate Debt,<25
Female,Corporate 9-to-5,Morning Lark,79,TikTok / Reels,46,0,129,60,56.4,7.23,22.1,19.1,1,3.4,Mild Deficit,35-44
Male,Corporate 9-to-5,Morning Lark,93,TikTok / Reels,56,1,20,28,59.9,7.35,24.8,18.2,3,2.5,Mild Deficit,<25
Male,Corporate 9-to-5,Intermediate,119,TikTok / Reels,52,0,0,39,63.8,5.86,23.4,17.3,4,5.9,Moderate Debt,25-34
Male,Corporate 9-to-5,Morning Lark,139,News / Reading,74,0,104,23,78.5,6.3,13.3,19.3,5,7.1,Moderate Debt,55+
Female,Corporate 9-to-5,Night Owl,18,Instagram / Reddit,44,1,103,53,32.7,7.35,24.7,15.5,1,1.0,Mild Deficit,45-54
Female,Remote Tech,Night Owl,13,YouTube,42,1,109,3,21.7,5.96,18.6,17.5,2,2.6,Moderate Debt,35-44
Male,Healthcare / Shift Worker,Morning Lark,40,TikTok / Reels,51,0,0,18,36.3,5.63,22.1,17.8,4,5.4,Moderate Debt,25-34
Female,Healthcare / Shift Worker,Intermediate,63,TikTok / Reels,68,1,0,39,45.7,4.3,21.4,17.4,5,7.9,Moderate Debt,35-44
Male,Student,Morning Lark,41,Streaming (Netflix/Hulu),39,0,35,38,28.8,8.06,26.3,18.9,2,1.0,Optimal Recovery,25-34
Female,Freelance / Creative,Morning Lark,98,TikTok / Reels,31,0,88,37,80.7,6.71,20.5,14.4,3,5.5,Moderate Debt,25-34
Male,Remote Tech,Intermediate,132,YouTube,79,1,0,10,73.3,5.24,21.0,21.7,5,7.0,Moderate Debt,<25
Male,Healthcare / Shift Worker,Intermediate,90,Streaming (Netflix/Hulu),11,0,0,9,35.0,3.86,20.2,20.2,5,6.9,Moderate Debt,45-54
Male,Remote Tech,Night Owl,19,Streaming (Netflix/Hulu),29,0,0,25,18.5,6.64,22.4,20.8,1,1.0,Moderate Debt,25-34
Female,Corporate 9-to-5,Intermediate,122,Streaming (Netflix/Hulu),98,0,94,0,70.7,4.49,10.4,21.5,6,9.3,Severe Sleep Debt,<25
Male,Freelance / Creative,Intermediate,36,TikTok / Reels,20,0,88,54,33.7,7.42,22.2,17.1,0,1.0,Mild Deficit,25-34
Female,Remote Tech,Morning Lark,9,TikTok / Reels,46,1,0,53,18.8,8.49,25.3,19.2,0,1.0,Optimal Recovery,25-34
Male,Remote Tech,Morning Lark,23,Streaming (Netflix/Hulu),42,1,20,46,20.2,8.76,23.3,21.9,0,1.0,Optimal Recovery,45-54
Female,Corporate 9-to-5,Night Owl,97,Messaging / Chat,10,0,54,36,57.2,4.38,19.8,21.6,5,7.3,Moderate Debt,35-44
Female,Student,Morning Lark,81,Instagram / Reddit,35,0,0,28,53.2,7.55,19.3,17.4,3,2.0,Mild Deficit,35-44
Female,Freelance / Creative,Night Owl,55,Streaming (Netflix/Hulu),60,1,149,0,47.4,4.61,22.2,16.0,4,6.9,Moderate Debt,<25
Female,Corporate 9-to-5,Morning Lark,43,Instagram / Reddit,70,0,113,52,46.0,7.38,20.4,14.3,2,1.6,Mild Deficit,25-34
Male,Healthcare / Shift Worker,Intermediate,21,YouTube,77,0,0,39,25.3,5.18,20.6,17.6,4,4.6,Moderate Debt,25-34
Female,Corporate 9-to-5,Night Owl,39,YouTube,48,1,0,70,28.2,6.93,23.5,21.2,2,1.4,Mild Deficit,<25
Male,Remote Tech,Morning Lark,17,TikTok / Reels,18,0,0,34,19.0,8.99,22.5,21.1,0,1.0,Optimal Recovery,25-34
Non-Binary,Corporate 9-to-5,Intermediate,80,Instagram / Reddit,56,1,0,31,46.9,7.28,22.6,22.4,3,1.8,Mild Deficit,35-44
Female,Student,Night Owl,96,TikTok / Reels,82,1,20,16,60.8,3.44,23.1,20.2,6,9.3,Severe Sleep Debt,<25
Male,Corporate 9-to-5,Morning Lark,83,YouTube,86,0,0,46,56.7,6.64,22.2,22.2,2,3.7,Moderate Debt,25-34
Female,Remote Tech,Intermediate,101,Streaming (Netflix/Hulu),75,1,38,47,47.3,6.54,19.4,23.0,2,3.6,Moderate Debt,<25
Female,Corporate 9-to-5,Morning Lark,61,TikTok / Reels,28,0,71,64,45.3,8.18,27.9,23.7,1,1.0,Optimal Recovery,<25
Female,Corporate 9-to-5,Morning Lark,98,TikTok / Reels,51,0,0,55,57.0,5.55,25.1,19.3,3,3.9,Moderate Debt,25-34
Male,Student,Morning Lark,5,News / Reading,60,0,126,25,22.2,8.52,26.7,19.9,1,1.0,Optimal Recovery,55+
Female,Corporate 9-to-5,Night Owl,51,Instagram / Reddit,63,0,0,5,40.1,6.26,19.2,17.6,2,2.7,Moderate Debt,45-54
Male,Corporate 9-to-5,Morning Lark,82,Streaming (Netflix/Hulu),19,0,64,57,37.1,8.05,17.1,15.6,2,1.3,Optimal Recovery,55+
Female,Corporate 9-to-5,Morning Lark,36,Messaging / Chat,96,0,0,25,31.0,8.61,23.8,20.7,2,1.0,Optimal Recovery,25-34
Male,Remote Tech,Intermediate,49,YouTube,81,0,118,26,46.8,6.49,21.0,20.7,2,3.6,Moderate Debt,<25
Female,Student,Intermediate,50,YouTube,55,1,81,28,38.2,7.64,23.4,18.0,1,1.0,Mild Deficit,25-34
Male,Corporate 9-to-5,Intermediate,56,Instagram / Reddit,58,0,0,78,53.7,6.41,20.8,22.5,2,2.6,Moderate Debt,25-34
Male,Corporate 9-to-5,Morning Lark,28,Streaming (Netflix/Hulu),45,1,107,45,27.3,8.2,17.9,20.8,0,1.0,Optimal Recovery,45-54
Male,Remote Tech,Night Owl,50,Streaming (Netflix/Hulu),80,1,0,53,28.4,6.21,24.4,19.7,1,1.1,Moderate Debt,<25
Male,Corporate 9-to-5,Intermediate,96,YouTube,32,0,28,67,44.1,6.15,21.2,18.1,3,3.5,Moderate Debt,25-34
Male,Healthcare / Shift Worker,Intermediate,21,TikTok / Reels,57,1,83,42,35.0,5.14,25.7,19.8,3,3.3,Moderate Debt,<25
Female,Healthcare / Shift Worker,Morning Lark,29,TikTok / Reels,38,1,0,23,29.0,6.38,26.9,18.9,3,1.7,Moderate Debt,25-34
Female,Student,Intermediate,53,Streaming (Netflix/Hulu),55,0,0,6,30.1,7.67,17.6,22.3,0,1.0,Mild Deficit,35-44
Female,Corporate 9-to-5,Night Owl,80,YouTube,78,0,0,25,60.1,5.17,22.2,18.5,4,5.9,Moderate Debt,25-34
Female,Student,Intermediate,21,Streaming (Netflix/Hulu),42,0,0,42,19.5,8.5,21.7,26.1,0,1.0,Optimal Recovery,25-34
Female,Healthcare / Shift Worker,Morning Lark,35,News / Reading,59,0,70,46,28.2,6.74,22.8,20.1,3,3.4,Moderate Debt,25-34
Female,Remote Tech,Morning Lark,138,Streaming (Netflix/Hulu),52,0,20,28,58.9,6.58,20.1,21.7,3,5.0,Moderate Debt,25-34
Female,Healthcare / Shift Worker,Intermediate,58,News / Reading,40,1,20,20,36.3,4.54,24.2,24.4,4,4.9,Moderate Debt,35-44
Non-Binary,Student,Night Owl,77,YouTube,43,1,25,28,43.8,4.47,22.6,18.4,4,5.9,Moderate Debt,45-54
Female,Remote Tech,Morning Lark,102,Messaging / Chat,43,0,0,26,41.7,7.17,22.0,20.5,3,3.7,Mild Deficit,55+
Male,Corporate 9-to-5,Intermediate,58,Streaming (Netflix/Hulu),19,0,64,61,38.5,4.88,20.9,17.2,5,5.4,Moderate Debt,35-44
Female,Student,Morning Lark,21,TikTok / Reels,52,0,0,60,29.4,9.53,26.7,17.9,0,1.0,Optimal Recovery,25-34
Male,Corporate 9-to-5,Intermediate,46,YouTube,57,1,71,44,27.9,7.87,23.1,17.6,2,1.0,Optimal Recovery,35-44
Male,Student,Intermediate,80,Instagram / Reddit,25,1,0,23,51.6,6.53,22.0,21.8,3,3.0,Moderate Debt,25-34
Female,Healthcare / Shift Worker,Night Owl,86,Instagram / Reddit,46,0,0,39,50.8,3.2,21.6,20.8,6,8.8,Severe Sleep Debt,25-34
Female,Healthcare / Shift Worker,Morning Lark,36,Messaging / Chat,50,1,0,59,30.5,6.6,25.8,18.7,3,2.8,Moderate Debt,45-54
Female,Remote Tech,Night Owl,34,Instagram / Reddit,71,0,0,38,36.8,6.49,19.3,17.2,3,2.7,Moderate Debt,<25
Female,Corporate 9-to-5,Intermediate,34,Streaming (Netflix/Hulu),90,1,0,41,31.8,7.26,22.8,23.9,1,1.6,Mild Deficit,45-54
Male,Corporate 9-to-5,Night Owl,86,YouTube,63,1,110,44,51.3,4.96,21.2,19.9,4,7.1,Moderate Debt,25-34
Male,Student,Intermediate,38,Streaming (Netflix/Hulu),27,1,33,35,36.8,6.51,25.7,21.4,3,1.9,Moderate Debt,35-44
Female,Healthcare / Shift Worker,Morning Lark,11,Streaming (Netflix/Hulu),37,1,32,46,15.8,7.6,18.5,19.1,2,1.0,Mild Deficit,35-44
Female,Student,Night Owl,43,YouTube,56,1,0,5,27.2,4.87,18.6,21.5,4,5.2,Moderate Debt,45-54
Female,Corporate 9-to-5,Morning Lark,79,News / Reading,46,1,0,25,35.1,5.88,22.2,22.2,3,3.0,Moderate Debt,35-44
Female,Freelance / Creative,Intermediate,98,Instagram / Reddit,54,0,0,60,66.8,6.49,24.2,16.8,3,4.8,Moderate Debt,35-44
Male,Freelance / Creative,Night Owl,35,Instagram / Reddit,72,0,81,32,37.4,6.83,20.3,16.5,3,3.3,Mild Deficit,<25
Female,Remote Tech,Morning Lark,53,Instagram / Reddit,52,0,0,52,38.0,6.72,25.0,19.9,3,2.3,Moderate Debt,25-34
Male,Remote Tech,Intermediate,51,Messaging / Chat,100,0,74,24,41.3,7.1,17.8,17.2,2,3.9,Mild Deficit,<25
Female,Student,Night Owl,46,TikTok / Reels,23,0,0,44,36.2,5.59,26.5,19.0,3,3.3,Moderate Debt,35-44
Female,Student,Night Owl,46,Instagram / Reddit,66,0,136,15,45.1,5.01,16.9,16.5,5,7.8,Moderate Debt,25-34
Male,Freelance / Creative,Night Owl,11,TikTok / Reels,22,1,20,38,9.0,5.9,26.2,17.9,2,1.2,Moderate Debt,35-44
Female,Corporate 9-to-5,Intermediate,73,TikTok / Reels,38,0,49,4,55.4,4.85,23.0,17.0,4,6.0,Moderate Debt,<25
Non-Binary,Remote Tech,Intermediate,100,TikTok / Reels,72,1,0,65,61.1,5.54,24.2,21.5,3,5.5,Moderate Debt,<25
Male,Student,Night Owl,47,Instagram / Reddit,14,1,37,52,31.2,4.91,24.0,15.2,4,4.5,Moderate Debt,35-44
Female,Healthcare / Shift Worker,Intermediate,25,Streaming (Netflix/Hulu),61,0,0,53,19.3,5.35,28.0,19.7,4,3.2,Moderate Debt,<25
Female,Healthcare / Shift Worker,Night Owl,69,YouTube,30,0,20,24,31.8,3.92,24.5,18.2,4,6.7,Moderate Debt,<25
Male,Freelance / Creative,Morning Lark,159,YouTube,54,0,65,37,95.8,5.77,20.2,18.6,5,8.6,Moderate Debt,<25
Male,Remote Tech,Morning Lark,67,News / Reading,42,1,41,32,50.9,7.26,19.5,25.3,3,2.8,Mild Deficit,55+
Male,Healthcare / Shift Worker,Intermediate,60,Streaming (Netflix/Hulu),55,1,0,0,33.9,5.95,23.9,19.1,3,2.4,Moderate Debt,35-44
Female,Remote Tech,Night Owl,27,TikTok / Reels,63,1,20,18,29.0,7.11,21.6,18.4,1,1.6,Mild Deficit,25-34
Non-Binary,Remote Tech,Intermediate,12,TikTok / Reels,76,0,55,28,26.1,7.57,27.0,14.3,0,1.0,Mild Deficit,25-34
Female,Corporate 9-to-5,Night Owl,49,TikTok / Reels,58,0,0,38,47.4,4.37,21.7,17.8,4,7.8,Moderate Debt,25-34
Male,Healthcare / Shift Worker,Night Owl,68,TikTok / Reels,67,1,0,27,44.9,4.5,22.6,19.4,4,7.1,Moderate Debt,35-44
Male,Freelance / Creative,Night Owl,120,YouTube,54,1,186,48,74.1,4.85,18.0,12.8,6,10.0,Severe Sleep Debt,35-44
Female,Corporate 9-to-5,Night Owl,58,Instagram / Reddit,28,0,20,23,36.5,5.46,22.1,22.3,4,4.5,Moderate Debt,<25
Male,Corporate 9-to-5,Night Owl,15,TikTok / Reels,32,1,0,57,23.3,5.34,24.7,16.9,3,4.0,Moderate Debt,<25
Female,Healthcare / Shift Worker,Night Owl,27,YouTube,85,0,0,43,25.6,4.28,18.5,21.2,4,7.3,Moderate Debt,<25
Non-Binary,Student,Intermediate,61,YouTube,31,1,0,39,36.3,5.97,21.8,18.9,3,3.9,Moderate Debt,35-44
Female,Freelance / Creative,Morning Lark,61,Streaming (Netflix/Hulu),59,1,0,12,29.7,7.83,19.7,21.2,0,1.0,Optimal Recovery,35-44
Male,Corporate 9-to-5,Morning Lark,85,Streaming (Netflix/Hulu),58,1,85,52,39.8,7.05,22.3,17.4,3,2.9,Mild Deficit,25-34
Female,Corporate 9-to-5,Morning Lark,30,News / Reading,57,1,0,58,14.9,8.48,25.4,23.9,1,1.0,Optimal Recovery,<25
Male,Remote Tech,Morning Lark,123,Instagram / Reddit,75,0,0,58,68.9,4.69,18.1,23.8,5,7.9,Moderate Debt,<25
Male,Corporate 9-to-5,Morning Lark,72,Instagram / Reddit,42,1,0,32,45.2,6.47,24.6,17.3,4,3.5,Moderate Debt,55+
Female,Corporate 9-to-5,Night Owl,30,Instagram / Reddit,51,0,34,41,26.9,6.15,22.8,14.9,3,2.2,Moderate Debt,25-34
Female,Corporate 9-to-5,Intermediate,45,Streaming (Netflix/Hulu),48,0,89,37,28.5,6.52,22.2,20.3,2,1.4,Moderate Debt,35-44
Male,Corporate 9-to-5,Intermediate,21,Instagram / Reddit,10,0,62,0,25.6,8.53,21.7,19.5,0,1.0,Optimal Recovery,35-44
Female,Corporate 9-to-5,Night Owl,84,Instagram / Reddit,40,0,0,52,47.8,4.39,19.9,19.5,5,7.0,Moderate Debt,25-34
Male,Freelance / Creative,Intermediate,107,YouTube,76,1,0,28,57.0,5.39,20.9,18.7,4,6.2,Moderate Debt,<25
Female,Corporate 9-to-5,Morning Lark,148,News / Reading,95,0,52,37,64.1,5.94,17.6,18.0,5,7.5,Moderate Debt,<25
Male,Remote Tech,Night Owl,52,TikTok / Reels,74,0,130,14,60.3,3.24,18.7,21.6,6,9.9,Severe Sleep Debt,35-44
Female,Healthcare / Shift Worker,Intermediate,63,Instagram / Reddit,63,1,51,0,38.9,4.16,20.4,18.7,5,7.1,Moderate Debt,35-44
Female,Student,Intermediate,59,YouTube,27,0,0,48,30.0,6.9,23.9,18.1,1,1.3,Mild Deficit,35-44
Female,Student,Intermediate,103,Streaming (Netflix/Hulu),59,1,0,53,41.3,6.47,21.0,18.0,0,2.0,Moderate Debt,25-34
Female,Student,Intermediate,32,TikTok / Reels,57,0,75,31,38.6,7.81,22.5,15.8,1,1.0,Optimal Recovery,<25
Female,Healthcare / Shift Worker,Night Owl,45,Instagram / Reddit,100,1,0,42,30.6,3.64,20.0,18.1,4,6.6,Moderate Debt,55+
Female,Healthcare / Shift Worker,Morning Lark,65,Streaming (Netflix/Hulu),20,1,0,8,45.7,5.63,21.0,23.5,4,4.6,Moderate Debt,45-54
Male,Student,Night Owl,100,Instagram / Reddit,30,1,0,34,50.7,4.97,19.5,20.3,4,6.3,Moderate Debt,25-34
Male,Healthcare / Shift Worker,Morning Lark,116,Instagram / Reddit,79,0,0,42,75.6,4.31,20.6,20.3,4,8.9,Severe Sleep Debt,55+
Male,Remote Tech,Intermediate,93,Instagram / Reddit,86,1,0,64,44.5,6.5,23.3,21.8,2,2.8,Moderate Debt,35-44
Female,Corporate 9-to-5,Night Owl,48,Streaming (Netflix/Hulu),62,0,0,37,27.1,5.48,24.4,19.5,3,4.0,Moderate Debt,35-44
Male,Healthcare / Shift Worker,Night Owl,77,Streaming (Netflix/Hulu),48,1,34,6,50.1,4.14,20.4,18.1,5,8.4,Moderate Debt,35-44
Female,Remote Tech,Morning Lark,54,Messaging / Chat,66,1,23,76,28.4,7.42,23.2,19.7,0,1.0,Mild Deficit,45-54
Male,Freelance / Creative,Morning Lark,38,Streaming (Netflix/Hulu),99,1,83,46,38.9,7.81,21.9,15.4,0,1.0,Optimal Recovery,35-44
Female,Corporate 9-to-5,Night Owl,59,TikTok / Reels,42,0,0,46,41.0,5.75,26.7,27.0,4,3.4,Moderate Debt,<25
Female,Remote Tech,Morning Lark,180,Instagram / Reddit,64,1,0,31,90.4,5.54,24.5,21.5,6,7.4,Moderate Debt,25-34
Female,Freelance / Creative,Intermediate,32,TikTok / Reels,51,0,26,5,22.5,6.54,21.7,23.9,3,1.4,Moderate Debt,55+
Male,Corporate 9-to-5,Night Owl,35,YouTube,62,1,0,36,22.8,5.77,28.0,21.3,2,2.1,Moderate Debt,25-34
Female,Freelance / Creative,Intermediate,52,YouTube,71,1,73,26,42.9,6.68,22.7,18.0,4,3.6,Moderate Debt,25-34
Male,Freelance / Creative,Morning Lark,97,Messaging / Chat,43,0,0,54,43.9,5.78,23.0,18.7,4,4.6,Moderate Debt,25-34
Female,Healthcare / Shift Worker,Intermediate,14,YouTube,75,0,0,22,25.1,6.46,21.2,16.7,2,1.1,Moderate Debt,25-34
Male,Remote Tech,Night Owl,87,Streaming (Netflix/Hulu),45,0,0,14,48.3,5.01,22.5,17.5,2,4.4,Moderate Debt,35-44
Male,Student,Intermediate,37,YouTube,66,1,22,39,25.2,7.09,21.1,20.2,2,2.0,Mild Deficit,55+
Female,Healthcare / Shift Worker,Night Owl,83,Messaging / Chat,16,1,142,27,41.4,3.2,16.3,19.8,6,9.5,Severe Sleep Debt,25-34
Female,Student,Intermediate,65,YouTube,70,1,0,26,36.8,6.83,21.2,16.1,2,1.9,Mild Deficit,<25
Male,Student,Morning Lark,44,Instagram / Reddit,37,0,0,27,30.4,7.71,22.3,18.9,1,1.0,Mild Deficit,<25
Male,Freelance / Creative,Intermediate,20,Streaming (Netflix/Hulu),45,0,0,54,20.5,8.9,23.9,21.5,0,1.0,Optimal Recovery,45-54
Female,Student,Intermediate,100,YouTube,10,0,0,9,42.7,6.85,22.9,16.7,1,1.0,Mild Deficit,35-44
Male,Freelance / Creative,Intermediate,51,Messaging / Chat,51,1,196,33,36.8,6.58,20.9,15.8,3,3.1,Moderate Debt,25-34
Male,Corporate 9-to-5,Intermediate,44,Streaming (Netflix/Hulu),82,0,0,19,41.6,7.98,16.2,15.3,1,1.0,Optimal Recovery,45-54
Female,Corporate 9-to-5,Night Owl,33,Instagram / Reddit,24,0,0,19,30.1,6.4,21.2,19.2,0,1.0,Moderate Debt,45-54
Male,Remote Tech,Night Owl,69,Instagram / Reddit,59,1,0,15,42.0,3.99,19.3,19.9,6,6.5,Moderate Debt,45-54
Female,Remote Tech,Morning Lark,98,Messaging / Chat,14,1,0,67,38.2,5.84,20.7,21.6,3,3.5,Moderate Debt,45-54
Female,Healthcare / Shift Worker,Night Owl,55,TikTok / Reels,52,0,104,21,46.6,3.2,19.5,10.6,7,10.0,Severe Sleep Debt,25-34
Male,Corporate 9-to-5,Intermediate,33,YouTube,72,0,0,37,28.6,7.17,22.4,22.2,1,1.3,Mild Deficit,35-44
Female,Freelance / Creative,Morning Lark,113,Messaging / Chat,53,0,0,68,56.0,6.22,24.1,20.2,4,5.3,Moderate Debt,25-34
Female,Corporate 9-to-5,Morning Lark,26,TikTok / Reels,71,1,0,41,23.3,8.81,18.5,16.9,1,1.0,Optimal Recovery,45-54
Male,Remote Tech,Intermediate,49,Streaming (Netflix/Hulu),45,1,61,0,32.7,7.32,14.0,18.0,2,1.0,Mild Deficit,35-44
Male,Corporate 9-to-5,Intermediate,104,Instagram / Reddit,100,0,48,51,59.0,6.1,18.7,16.3,4,5.3,Moderate Debt,35-44
Male,Remote Tech,Morning Lark,46,YouTube,77,0,0,14,30.6,7.83,22.8,21.0,1,1.2,Optimal Recovery,35-44
Male,Corporate 9-to-5,Morning Lark,19,Instagram / Reddit,59,0,0,0,15.1,8.36,22.1,19.3,0,1.0,Optimal Recovery,<25
Male,Corporate 9-to-5,Morning Lark,62,Messaging / Chat,89,0,90,43,50.7,7.44,17.1,20.1,3,4.4,Mild Deficit,25-34
Female,Student,Night Owl,115,Instagram / Reddit,83,0,33,32,79.2,4.59,16.0,17.2,7,10.0,Severe Sleep Debt,55+
Female,Corporate 9-to-5,Night Owl,38,TikTok / Reels,44,1,0,31,26.4,5.83,21.7,18.5,2,2.7,Moderate Debt,55+
Male,Corporate 9-to-5,Intermediate,41,TikTok / Reels,65,1,0,39,33.6,6.48,21.9,20.1,2,2.8,Moderate Debt,<25
Female,Healthcare / Shift Worker,Night Owl,99,News / Reading,49,1,0,24,40.3,3.2,24.0,22.0,4,7.7,Moderate Debt,<25
Male,Corporate 9-to-5,Intermediate,4,TikTok / Reels,73,1,79,42,29.0,8.11,19.8,11.7,1,1.0,Optimal Recovery,<25
Male,Remote Tech,Night Owl,116,TikTok / Reels,86,0,0,53,69.5,4.28,21.9,20.3,5,8.4,Moderate Debt,35-44
Female,Corporate 9-to-5,Intermediate,35,News / Reading,25,1,0,30,15.0,6.87,22.7,19.6,2,1.0,Mild Deficit,45-54
Male,Corporate 9-to-5,Intermediate,15,Streaming (Netflix/Hulu),57,0,170,26,33.8,7.22,17.9,18.6,1,2.0,Mild Deficit,<25
Female,Student,Morning Lark,47,Streaming (Netflix/Hulu),84,1,52,17,34.7,7.5,22.3,18.7,2,1.3,Mild Deficit,25-34
Female,Corporate 9-to-5,Intermediate,80,TikTok / Reels,70,1,0,45,53.1,5.36,19.2,22.7,5,4.2,Moderate Debt,45-54
Non-Binary,Healthcare / Shift Worker,Morning Lark,44,YouTube,64,1,0,60,33.5,7.2,24.4,21.6,2,1.8,Mild Deficit,35-44
Female,Freelance / Creative,Morning Lark,23,YouTube,77,1,0,30,29.4,9.43,21.8,16.7,0,1.0,Optimal Recovery,25-34
Female,Corporate 9-to-5,Morning Lark,98,Streaming (Netflix/Hulu),28,1,0,46,47.8,6.47,23.5,20.8,3,4.3,Moderate Debt,35-44
Male,Freelance / Creative,Intermediate,50,YouTube,66,1,176,24,43.4,6.06,18.5,20.6,2,3.8,Moderate Debt,25-34
Male,Corporate 9-to-5,Night Owl,13,TikTok / Reels,80,0,63,29,20.3,6.0,20.8,15.5,2,3.1,Moderate Debt,25-34
Male,Corporate 9-to-5,Intermediate,14,YouTube,66,1,108,64,24.3,6.85,22.2,18.7,2,1.1,Mild Deficit,35-44
Male,Corporate 9-to-5,Night Owl,69,Messaging / Chat,31,0,51,22,42.5,5.51,15.2,18.6,4,5.1,Moderate Debt,35-44
Male,Remote Tech,Intermediate,19,Messaging / Chat,47,0,111,51,28.4,7.57,25.1,16.5,1,1.0,Mild Deficit,45-54
Female,Student,Intermediate,149,Streaming (Netflix/Hulu),55,0,0,23,59.1,3.91,19.4,17.9,5,9.4,Severe Sleep Debt,35-44
Male,Corporate 9-to-5,Morning Lark,58,TikTok / Reels,39,1,44,0,43.4,6.65,22.2,15.8,3,2.7,Moderate Debt,35-44
Male,Healthcare / Shift Worker,Night Owl,30,Streaming (Netflix/Hulu),37,1,68,57,33.6,4.29,24.2,22.6,5,6.0,Moderate Debt,<25
Female,Student,Morning Lark,30,Instagram / Reddit,65,0,66,67,38.9,7.35,24.3,16.5,2,1.1,Mild Deficit,25-34
Female,Remote Tech,Intermediate,56,YouTube,88,1,66,25,41.3,7.45,20.1,18.2,3,3.6,Mild Deficit,<25
Non-Binary,Student,Intermediate,129,Messaging / Chat,17,0,84,60,63.3,4.98,27.0,20.4,4,6.4,Moderate Debt,25-34
Male,Freelance / Creative,Intermediate,35,TikTok / Reels,45,1,89,14,36.2,5.96,21.1,15.6,3,4.6,Moderate Debt,35-44
Male,Corporate 9-to-5,Morning Lark,45,Instagram / Reddit,41,1,0,63,29.9,8.46,20.9,18.6,0,1.0,Optimal Recovery,55+
Male,Corporate 9-to-5,Intermediate,68,Instagram / Reddit,85,0,0,28,49.7,7.02,20.5,18.5,2,2.0,Mild Deficit,<25
Male,Remote Tech,Night Owl,46,TikTok / Reels,69,0,20,20,45.1,5.51,21.7,18.5,5,5.3,Moderate Debt,25-34
Male,Remote Tech,Night Owl,18,YouTube,83,0,0,13,31.0,5.5,21.6,19.4,5,5.2,Moderate Debt,45-54
Male,Remote Tech,Night Owl,56,News / Reading,73,1,74,72,28.5,5.43,24.4,18.8,3,4.9,Moderate Debt,<25
Female,Corporate 9-to-5,Intermediate,34,YouTube,79,1,0,35,27.2,7.86,23.0,18.0,1,1.0,Optimal Recovery,25-34
Male,Student,Intermediate,44,Instagram / Reddit,61,1,20,63,29.4,6.74,26.7,14.7,2,1.4,Moderate Debt,35-44
Female,Student,Morning Lark,140,Streaming (Netflix/Hulu),65,0,0,31,55.9,6.32,20.4,21.1,3,4.3,Moderate Debt,35-44
Male,Remote Tech,Night Owl,46,YouTube,65,0,0,34,29.3,5.65,18.8,23.8,3,4.0,Moderate Debt,<25
Female,Corporate 9-to-5,Intermediate,8,YouTube,56,1,50,11,16.6,7.65,18.9,17.4,0,1.0,Mild Deficit,25-34
Female,Remote Tech,Intermediate,43,TikTok / Reels,55,1,24,70,28.0,8.11,25.6,18.7,0,1.0,Optimal Recovery,35-44
Female,Remote Tech,Night Owl,51,YouTube,64,1,20,25,31.6,4.6,20.3,16.9,3,6.2,Moderate Debt,25-34
Female,Remote Tech,Intermediate,79,Streaming (Netflix/Hulu),64,0,0,45,45.5,5.58,24.1,19.2,4,5.1,Moderate Debt,<25
Female,Freelance / Creative,Intermediate,62,Messaging / Chat,59,0,0,5,40.4,6.46,19.9,19.9,3,4.2,Moderate Debt,35-44
Female,Remote Tech,Morning Lark,62,TikTok / Reels,59,1,0,30,49.3,7.96,22.3,15.9,2,1.0,Optimal Recovery,<25
Non-Binary,Corporate 9-to-5,Intermediate,65,YouTube,69,0,0,42,41.4,6.5,21.5,19.3,2,2.9,Moderate Debt,35-44
Female,Remote Tech,Night Owl,86,YouTube,52,1,0,30,43.4,4.85,21.5,21.2,3,5.5,Moderate Debt,<25
Female,Healthcare / Shift Worker,Intermediate,18,YouTube,31,0,0,23,20.5,5.17,19.6,20.1,3,3.3,Moderate Debt,55+
Male,Healthcare / Shift Worker,Intermediate,171,Instagram / Reddit,59,0,0,0,80.4,3.2,14.0,18.1,6,10.0,Severe Sleep Debt,25-34
Male,Remote Tech,Morning Lark,41,TikTok / Reels,37,1,64,38,27.5,8.53,23.5,13.3,1,1.0,Optimal Recovery,25-34
Female,Corporate 9-to-5,Intermediate,24,Streaming (Netflix/Hulu),76,0,0,33,30.8,7.55,19.7,23.6,3,1.6,Mild Deficit,<25
Male,Remote Tech,Intermediate,69,TikTok / Reels,43,0,205,11,59.3,6.34,18.3,18.0,5,7.6,Moderate Debt,25-34
Male,Remote Tech,Morning Lark,45,Messaging / Chat,45,1,32,41,44.2,8.96,23.2,16.4,0,1.0,Optimal Recovery,45-54
Female,Freelance / Creative,Intermediate,93,Instagram / Reddit,63,0,0,62,61.5,5.7,21.2,19.3,4,6.7,Moderate Debt,55+
Female,Student,Intermediate,36,Instagram / Reddit,55,1,0,8,32.2,7.14,20.1,21.3,2,1.9,Mild Deficit,25-34
Male,Student,Night Owl,101,Messaging / Chat,79,1,0,0,62.6,4.4,21.8,26.0,5,6.6,Moderate Debt,25-34
Male,Remote Tech,Morning Lark,25,YouTube,51,1,160,1,35.8,7.43,19.4,14.4,1,1.0,Mild Deficit,35-44
Male,Remote Tech,Night Owl,150,Streaming (Netflix/Hulu),49,1,83,29,74.6,3.63,18.3,17.7,7,10.0,Severe Sleep Debt,45-54
Female,Healthcare / Shift Worker,Intermediate,52,Streaming (Netflix/Hulu),40,0,20,14,27.1,4.97,21.3,18.7,2,4.9,Moderate Debt,35-44
Female,Remote Tech,Intermediate,126,YouTube,31,0,0,59,60.2,4.85,22.4,18.9,4,6.4,Moderate Debt,25-34
Male,Freelance / Creative,Night Owl,22,YouTube,44,0,20,12,21.8,7.1,21.2,20.8,2,1.0,Mild Deficit,25-34
Female,Remote Tech,Morning Lark,83,YouTube,63,1,0,40,39.3,6.33,28.0,20.7,3,2.3,Moderate Debt,35-44
Female,Corporate 9-to-5,Intermediate,82,TikTok / Reels,81,0,0,15,65.0,5.4,21.0,21.7,4,7.0,Moderate Debt,<25
Male,Student,Intermediate,47,Instagram / Reddit,72,0,52,27,41.6,7.81,24.1,18.6,0,1.0,Optimal Recovery,35-44
Female,Corporate 9-to-5,Intermediate,9,TikTok / Reels,44,1,228,13,42.0,6.83,17.1,9.8,1,2.5,Mild Deficit,25-34
Male,Corporate 9-to-5,Intermediate,84,News / Reading,58,0,0,45,48.3,6.21,15.5,22.7,4,4.9,Moderate Debt,35-44
Male,Remote Tech,Morning Lark,42,Instagram / Reddit,56,1,0,47,25.0,8.1,23.0,21.1,3,1.0,Optimal Recovery,<25
Female,Student,Intermediate,113,Instagram / Reddit,78,1,0,47,60.0,5.75,22.0,20.8,2,4.2,Moderate Debt,35-44
Male,Remote Tech,Intermediate,95,TikTok / Reels,81,1,0,29,54.3,5.98,20.4,19.7,3,5.7,Moderate Debt,25-34
Female,Corporate 9-to-5,Night Owl,113,Streaming (Netflix/Hulu),16,0,20,0,40.9,5.03,21.3,22.3,3,5.0,Moderate Debt,35-44
Male,Student,Morning Lark,75,TikTok / Reels,83,1,176,19,66.9,7.11,17.3,12.4,3,3.7,Mild Deficit,<25
Female,Remote Tech,Intermediate,57,Streaming (Netflix/Hulu),24,1,0,74,27.4,6.46,25.2,22.6,1,1.6,Moderate Debt,35-44
Female,Freelance / Creative,Intermediate,128,TikTok / Reels,60,1,0,31,63.7,6.29,23.7,17.5,6,5.5,Moderate Debt,25-34
Male,Remote Tech,Morning Lark,180,Streaming (Netflix/Hulu),13,1,97,27,72.7,4.46,21.9,21.7,5,7.7,Moderate Debt,25-34
Female,Student,Intermediate,54,Instagram / Reddit,75,0,0,65,37.0,6.15,21.9,20.5,3,3.1,Moderate Debt,35-44
Male,Corporate 9-to-5,Morning Lark,112,Streaming (Netflix/Hulu),48,0,137,36,59.4,5.73,24.6,20.9,4,5.7,Moderate Debt,35-44
Female,Student,Intermediate,33,TikTok / Reels,69,0,46,31,45.2,7.04,24.1,23.7,3,3.5,Mild Deficit,45-54
Female,Student,Night Owl,24,TikTok / Reels,49,0,0,45,24.8,7.52,26.6,19.7,1,1.0,Mild Deficit,25-34
Female,Freelance / Creative,Night Owl,34,YouTube,74,0,0,68,27.3,5.52,23.7,20.2,3,3.5,Moderate Debt,45-54
Female,Corporate 9-to-5,Intermediate,32,Instagram / Reddit,22,0,0,10,34.0,5.97,24.7,21.6,3,2.1,Moderate Debt,25-34
Female,Remote Tech,Night Owl,86,TikTok / Reels,67,0,0,7,66.3,5.02,20.4,13.8,4,7.9,Moderate Debt,<25
Male,Student,Night Owl,38,TikTok / Reels,63,0,0,21,42.0,6.06,20.6,16.6,3,4.9,Moderate Debt,<25
Male,Corporate 9-to-5,Intermediate,25,TikTok / Reels,62,0,78,35,34.3,7.33,20.8,18.1,2,1.2,Mild Deficit,25-34
Male,Remote Tech,Night Owl,26,Streaming (Netflix/Hulu),65,1,0,46,29.0,5.47,22.4,20.8,3,3.9,Moderate Debt,35-44
Non-Binary,Freelance / Creative,Intermediate,74,Streaming (Netflix/Hulu),78,1,0,64,30.8,7.06,27.4,16.8,2,1.4,Mild Deficit,35-44
Female,Remote Tech,Intermediate,85,News / Reading,75,0,70,21,46.0,6.78,18.6,22.6,2,3.7,Mild Deficit,35-44
Male,Freelance / Creative,Intermediate,78,Instagram / Reddit,27,0,250,25,55.9,6.51,16.0,15.7,2,4.8,Moderate Debt,25-34
Female,Corporate 9-to-5,Night Owl,83,YouTube,57,0,124,61,56.4,4.92,19.5,19.1,4,7.1,Moderate Debt,25-34
Male,Student,Intermediate,43,Instagram / Reddit,62,0,24,42,38.3,6.34,24.0,17.5,1,2.4,Moderate Debt,<25
Female,Remote Tech,Morning Lark,168,YouTube,54,1,126,29,80.5,3.3,14.9,18.1,7,10.0,Severe Sleep Debt,25-34
Non-Binary,Remote Tech,Morning Lark,43,Streaming (Netflix/Hulu),58,0,118,31,31.2,7.66,18.1,19.7,1,1.0,Mild Deficit,25-34
Male,Freelance / Creative,Morning Lark,37,Messaging / Chat,65,0,0,65,29.8,8.18,26.6,17.2,1,1.0,Optimal Recovery,<25
Male,Corporate 9-to-5,Intermediate,84,YouTube,70,0,0,94,45.6,5.44,24.4,19.1,5,6.8,Moderate Debt,25-34
Male,Healthcare / Shift Worker,Night Owl,42,Instagram / Reddit,66,0,0,71,26.4,4.34,23.7,21.3,5,6.5,Moderate Debt,35-44
Male,Student,Intermediate,36,Streaming (Netflix/Hulu),72,1,0,37,24.8,7.21,27.0,20.4,2,1.0,Mild Deficit,35-44
Male,Corporate 9-to-5,Morning Lark,45,Streaming (Netflix/Hulu),94,1,61,43,36.5,7.71,24.0,19.1,1,1.3,Mild Deficit,55+
Female,Freelance / Creative,Night Owl,61,Instagram / Reddit,51,1,162,55,41.4,5.33,22.6,15.7,4,5.5,Moderate Debt,55+
Female,Remote Tech,Intermediate,101,TikTok / Reels,52,0,128,3,63.2,5.87,14.2,13.7,4,5.6,Moderate Debt,35-44
Female,Healthcare / Shift Worker,Intermediate,14,News / Reading,69,0,0,29,29.3,6.9,21.8,21.0,3,2.4,Mild Deficit,25-34
Female,Remote Tech,Intermediate,101,YouTube,55,1,0,21,48.8,5.82,19.7,19.3,2,4.9,Moderate Debt,35-44
Male,Healthcare / Shift Worker,Night Owl,18,YouTube,48,0,0,43,11.6,5.96,24.2,23.0,2,1.1,Moderate Debt,35-44
Female,Student,Intermediate,20,News / Reading,46,1,124,9,30.5,6.85,22.6,15.8,1,1.2,Mild Deficit,<25
Male,Corporate 9-to-5,Morning Lark,63,Streaming (Netflix/Hulu),68,0,0,74,31.2,8.3,26.6,23.5,1,1.0,Optimal Recovery,25-34
Non-Binary,Student,Intermediate,15,YouTube,64,0,0,40,13.1,7.94,23.6,22.6,0,1.0,Optimal Recovery,45-54
Male,Corporate 9-to-5,Night Owl,36,TikTok / Reels,92,1,0,27,41.0,5.43,22.2,23.0,3,5.2,Moderate Debt,25-34
Female,Remote Tech,Intermediate,94,Streaming (Netflix/Hulu),35,1,0,32,43.9,6.76,24.7,21.9,3,2.0,Mild Deficit,35-44
Female,Corporate 9-to-5,Morning Lark,84,YouTube,35,1,0,52,35.2,6.14,23.0,18.0,3,2.8,Moderate Debt,35-44
Female,Corporate 9-to-5,Morning Lark,101,TikTok / Reels,56,0,0,4,58.0,5.36,18.9,20.7,4,6.7,Moderate Debt,<25
Female,Corporate 9-to-5,Intermediate,34,News / Reading,39,0,0,18,25.7,6.28,21.5,20.6,1,1.0,Moderate Debt,25-34
Male,Remote Tech,Intermediate,43,YouTube,19,1,0,52,26.9,7.81,27.6,19.7,2,1.0,Optimal Recovery,25-34
Male,Remote Tech,Intermediate,19,Instagram / Reddit,47,0,0,20,22.1,7.63,21.9,18.9,0,1.0,Mild Deficit,<25
Male,Remote Tech,Night Owl,44,Instagram / Reddit,98,1,0,60,34.3,5.39,22.7,22.4,3,5.0,Moderate Debt,<25
Male,Corporate 9-to-5,Night Owl,19,Streaming (Netflix/Hulu),100,0,77,31,27.0,6.85,22.1,18.6,2,1.0,Mild Deficit,45-54
Male,Student,Morning Lark,180,Messaging / Chat,66,1,0,31,70.7,5.11,25.7,20.0,5,8.1,Moderate Debt,25-34
Female,Student,Intermediate,70,Instagram / Reddit,33,1,0,23,38.7,7.73,22.4,18.6,2,1.5,Mild Deficit,25-34
Male,Remote Tech,Morning Lark,60,Instagram / Reddit,39,0,0,50,30.6,7.94,24.8,18.2,0,1.0,Optimal Recovery,25-34
Female,Healthcare / Shift Worker,Night Owl,32,Messaging / Chat,57,0,0,43,45.3,3.57,22.9,16.7,5,8.6,Severe Sleep Debt,55+
Female,Student,Intermediate,30,Messaging / Chat,45,1,0,29,24.7,6.61,20.7,22.3,1,1.0,Moderate Debt,25-34
Female,Student,Morning Lark,39,Streaming (Netflix/Hulu),58,1,74,54,35.8,7.45,21.5,22.1,2,1.3,Mild Deficit,25-34
Female,Corporate 9-to-5,Night Owl,65,Messaging / Chat,56,1,0,8,37.8,5.98,19.7,20.3,3,3.0,Moderate Debt,45-54
Female,Corporate 9-to-5,Night Owl,24,TikTok / Reels,31,0,136,23,33.3,5.67,22.8,20.3,3,4.9,Moderate Debt,45-54
Female,Healthcare / Shift Worker,Morning Lark,19,TikTok / Reels,54,1,0,23,46.5,7.72,24.5,17.2,3,1.0,Mild Deficit,<25
Male,Healthcare / Shift Worker,Morning Lark,4,TikTok / Reels,64,1,57,14,11.1,6.12,23.3,22.6,1,2.2,Moderate Debt,45-54
Male,Corporate 9-to-5,Intermediate,71,TikTok / Reels,48,0,39,39,43.5,8.49,21.2,16.8,2,1.6,Optimal Recovery,25-34
Female,Remote Tech,Intermediate,48,TikTok / Reels,74,1,0,7,30.7,7.15,18.1,18.9,2,1.4,Mild Deficit,25-34
Female,Student,Night Owl,39,TikTok / Reels,56,0,60,15,51.8,5.16,20.6,17.1,4,6.7,Moderate Debt,<25
Male,Student,Intermediate,24,News / Reading,52,0,0,33,17.1,8.31,19.1,20.9,1,1.0,Optimal Recovery,<25
Female,Healthcare / Shift Worker,Intermediate,39,YouTube,56,0,112,9,34.9,4.56,13.9,21.5,3,6.5,Moderate Debt,35-44
Male,Corporate 9-to-5,Night Owl,115,Instagram / Reddit,44,1,0,49,62.4,3.82,22.7,18.4,5,8.3,Moderate Debt,25-34
Male,Remote Tech,Intermediate,29,Messaging / Chat,63,0,82,67,31.7,7.52,18.2,17.8,0,1.0,Mild Deficit,25-34
Female,Corporate 9-to-5,Intermediate,77,TikTok / Reels,38,0,0,47,55.1,7.02,26.1,22.0,3,3.0,Mild Deficit,35-44
Female,Remote Tech,Intermediate,84,YouTube,100,1,0,31,51.3,5.32,24.2,21.0,3,4.9,Moderate Debt,35-44
Female,Corporate 9-to-5,Night Owl,22,TikTok / Reels,96,0,0,12,36.6,5.78,21.6,19.1,5,5.1,Moderate Debt,<25
Female,Healthcare / Shift Worker,Morning Lark,26,TikTok / Reels,53,0,0,23,23.9,8.95,20.5,18.6,0,1.0,Optimal Recovery,35-44
Female,Remote Tech,Intermediate,50,Messaging / Chat,66,0,28,15,30.5,6.91,22.7,18.6,1,1.2,Mild Deficit,<25
Male,Healthcare / Shift Worker,Morning Lark,162,Messaging / Chat,67,0,0,62,83.2,3.48,26.8,18.4,7,10.0,Severe Sleep Debt,35-44
Female,Corporate 9-to-5,Night Owl,95,Messaging / Chat,67,1,0,43,40.5,3.91,21.2,23.4,5,8.7,Severe Sleep Debt,35-44
Male,Corporate 9-to-5,Intermediate,50,Messaging / Chat,69,0,0,31,42.7,6.8,24.9,17.5,2,2.6,Mild Deficit,55+
Male,Corporate 9-to-5,Intermediate,97,TikTok / Reels,70,0,0,50,69.3,5.71,18.8,18.8,4,6.2,Moderate Debt,<25
Female,Remote Tech,Night Owl,8,Instagram / Reddit,69,0,0,0,26.7,6.55,24.0,18.7,2,1.6,Moderate Debt,<25
Female,Healthcare / Shift Worker,Night Owl,47,Instagram / Reddit,39,0,0,31,31.4,3.6,24.0,22.4,5,7.2,Moderate Debt,25-34
Female,Remote Tech,Night Owl,8,Messaging / Chat,64,1,0,82,21.2,7.71,24.1,21.9,4,1.3,Mild Deficit,25-34
Female,Corporate 9-to-5,Morning Lark,58,TikTok / Reels,40,1,0,44,47.8,7.56,25.3,20.5,3,2.0,Mild Deficit,25-34
Male,Corporate 9-to-5,Night Owl,81,Instagram / Reddit,65,0,167,0,61.7,4.26,15.2,15.6,5,9.1,Severe Sleep Debt,45-54
Female,Corporate 9-to-5,Intermediate,36,TikTok / Reels,74,0,0,25,38.9,7.53,23.9,19.5,2,2.1,Mild Deficit,25-34
Male,Student,Morning Lark,34,TikTok / Reels,63,0,62,33,40.4,8.07,21.8,14.4,1,1.0,Optimal Recovery,25-34
Female,Remote Tech,Intermediate,51,Streaming (Netflix/Hulu),70,1,0,52,41.6,7.62,25.2,21.6,0,1.3,Mild Deficit,35-44
Female,Student,Intermediate,38,TikTok / Reels,59,1,0,0,30.7,6.04,20.7,18.7,2,2.9,Moderate Debt,25-34
Male,Student,Morning Lark,42,Instagram / Reddit,92,0,0,36,39.5,7.94,19.4,17.8,1,1.0,Optimal Recovery,35-44
Male,Corporate 9-to-5,Intermediate,103,Instagram / Reddit,63,0,49,25,77.8,5.18,21.5,15.2,5,7.4,Moderate Debt,<25
Female,Corporate 9-to-5,Night Owl,84,TikTok / Reels,37,1,171,40,62.5,3.2,17.9,17.7,6,10.0,Severe Sleep Debt,25-34
Female,Student,Intermediate,66,TikTok / Reels,45,1,20,52,47.2,5.83,28.0,20.7,3,3.6,Moderate Debt,<25
Male,Student,Intermediate,16,Messaging / Chat,64,1,0,48,12.9,7.72,21.4,19.9,0,1.0,Mild Deficit,<25
Female,Remote Tech,Intermediate,74,Messaging / Chat,81,1,56,43,41.7,5.55,23.7,18.3,3,4.3,Moderate Debt,45-54
Female,Corporate 9-to-5,Night Owl,50,Instagram / Reddit,63,0,118,0,42.6,6.36,21.5,17.6,1,4.0,Moderate Debt,<25
Male,Corporate 9-to-5,Morning Lark,38,Messaging / Chat,60,0,25,11,24.8,7.89,20.1,19.9,1,1.0,Optimal Recovery,25-34
Female,Corporate 9-to-5,Intermediate,42,TikTok / Reels,33,0,0,11,27.6,6.68,22.1,16.9,2,1.9,Moderate Debt,25-34
Male,Corporate 9-to-5,Intermediate,116,TikTok / Reels,93,0,0,85,68.4,3.71,24.5,16.2,6,9.5,Severe Sleep Debt,25-34
Male,Corporate 9-to-5,Night Owl,93,TikTok / Reels,28,0,68,44,59.8,4.38,20.5,19.4,4,8.0,Moderate Debt,45-54
Male,Remote Tech,Morning Lark,42,YouTube,24,0,0,26,26.5,8.21,20.2,18.7,2,1.0,Optimal Recovery,<25
Male,Corporate 9-to-5,Intermediate,132,Instagram / Reddit,46,0,73,48,85.8,3.94,22.4,19.4,6,10.0,Severe Sleep Debt,35-44
Male,Corporate 9-to-5,Intermediate,88,TikTok / Reels,67,1,32,18,59.7,4.76,22.0,16.3,5,6.6,Moderate Debt,55+
Male,Healthcare / Shift Worker,Night Owl,30,TikTok / Reels,47,1,0,37,35.4,4.42,18.9,20.6,4,5.7,Moderate Debt,25-34
Male,Remote Tech,Morning Lark,30,Messaging / Chat,43,0,20,57,48.0,7.6,24.9,17.1,2,1.0,Mild Deficit,55+
Female,Freelance / Creative,Intermediate,57,YouTube,39,0,20,50,34.8,6.62,26.1,19.5,2,2.6,Moderate Debt,<25
Female,Corporate 9-to-5,Morning Lark,25,News / Reading,90,0,143,79,42.8,9.47,26.4,14.5,0,1.0,Optimal Recovery,25-34
Male,Student,Night Owl,142,TikTok / Reels,62,0,0,41,87.9,3.2,20.3,17.9,7,10.0,Severe Sleep Debt,25-34
Male,Corporate 9-to-5,Intermediate,58,Streaming (Netflix/Hulu),73,0,0,37,35.1,7.2,22.5,14.3,2,1.9,Mild Deficit,35-44
Female,Student,Intermediate,27,Messaging / Chat,96,1,0,78,13.4,7.8,28.0,16.6,1,1.0,Optimal Recovery,55+
Male,Corporate 9-to-5,Intermediate,121,Streaming (Netflix/Hulu),96,1,71,23,66.7,4.82,17.6,17.2,5,8.1,Moderate Debt,25-34
Female,Corporate 9-to-5,Intermediate,7,YouTube,37,0,0,93,7.9,6.97,27.1,22.0,1,1.0,Mild Deficit,35-44
Male,Freelance / Creative,Morning Lark,59,TikTok / Reels,60,0,203,31,50.1,7.74,14.5,15.8,3,3.8,Mild Deficit,<25
Male,Remote Tech,Intermediate,48,YouTube,71,1,0,36,37.9,6.22,22.4,21.3,3,3.8,Moderate Debt,35-44
Male,Freelance / Creative,Night Owl,18,Streaming (Netflix/Hulu),57,0,0,41,20.5,7.77,22.6,16.8,2,1.0,Optimal Recovery,25-34
Female,Corporate 9-to-5,Intermediate,128,Instagram / Reddit,41,1,0,2,77.6,3.92,19.4,15.8,6,10.0,Severe Sleep Debt,55+
Male,Corporate 9-to-5,Night Owl,37,Streaming (Netflix/Hulu),10,1,126,30,38.8,4.44,19.5,22.2,5,6.5,Moderate Debt,35-44
Female,Remote Tech,Morning Lark,33,TikTok / Reels,82,1,0,15,21.1,7.43,20.0,20.1,1,1.0,Mild Deficit,25-34
Female,Student,Night Owl,85,YouTube,92,1,20,49,44.2,5.45,25.2,20.9,5,5.7,Moderate Debt,<25
Female,Remote Tech,Intermediate,57,TikTok / Reels,70,1,49,25,35.1,5.62,20.6,19.1,3,5.6,Moderate Debt,<25
Male,Freelance / Creative,Intermediate,27,Streaming (Netflix/Hulu),55,0,0,34,27.6,6.8,21.5,18.4,3,1.5,Mild Deficit,25-34
Female,Corporate 9-to-5,Intermediate,36,Instagram / Reddit,44,1,0,30,31.3,7.21,22.6,21.6,2,1.9,Mild Deficit,25-34
Female,Student,Night Owl,118,Instagram / Reddit,58,0,46,18,67.1,3.29,24.7,17.6,6,10.0,Severe Sleep Debt,45-54
Male,Corporate 9-to-5,Night Owl,44,Streaming (Netflix/Hulu),82,0,0,55,25.6,4.59,26.0,22.8,4,4.2,Moderate Debt,25-34
Male,Corporate 9-to-5,Intermediate,160,TikTok / Reels,66,1,97,61,101.9,4.08,13.5,13.3,7,10.0,Severe Sleep Debt,25-34
Male,Remote Tech,Intermediate,25,Instagram / Reddit,11,1,0,6,15.8,7.48,22.1,24.1,1,1.0,Mild Deficit,<25
Male,Remote Tech,Morning Lark,40,TikTok / Reels,87,0,0,28,33.6,7.77,16.9,16.7,1,1.6,Optimal Recovery,45-54
Female,Corporate 9-to-5,Intermediate,31,Streaming (Netflix/Hulu),69,0,0,34,31.5,7.9,23.7,22.6,1,1.0,Optimal Recovery,35-44
Male,Corporate 9-to-5,Intermediate,81,YouTube,34,0,51,0,41.8,6.2,22.1,21.5,2,3.6,Moderate Debt,<25
Male,Remote Tech,Intermediate,165,YouTube,67,1,0,38,64.7,5.08,20.3,15.0,5,8.5,Moderate Debt,35-44
Female,Remote Tech,Intermediate,54,YouTube,59,0,0,45,38.6,7.22,27.2,17.1,0,1.0,Mild Deficit,25-34
Female,Corporate 9-to-5,Night Owl,61,TikTok / Reels,59,0,250,40,58.9,3.98,19.4,11.8,5,9.4,Severe Sleep Debt,<25
Female,Corporate 9-to-5,Night Owl,39,YouTube,35,0,0,28,33.8,5.36,16.6,17.8,5,6.6,Moderate Debt,25-34
Female,Corporate 9-to-5,Morning Lark,17,News / Reading,50,0,21,48,24.0,8.52,25.4,21.8,1,1.0,Optimal Recovery,25-34
Male,Freelance / Creative,Night Owl,45,YouTube,23,0,0,42,27.2,5.33,21.8,21.0,3,3.7,Moderate Debt,<25
Male,Freelance / Creative,Morning Lark,70,Instagram / Reddit,80,0,0,1,43.9,7.27,21.1,20.9,1,1.6,Mild Deficit,55+
Male,Remote Tech,Night Owl,35,Streaming (Netflix/Hulu),38,1,0,55,26.0,6.71,26.0,17.5,3,1.9,Moderate Debt,45-54
Female,Freelance / Creative,Morning Lark,19,Instagram / Reddit,77,0,0,41,33.4,8.31,20.1,18.9,1,1.0,Optimal Recovery,35-44
Female,Student,Night Owl,5,YouTube,67,1,0,60,21.4,5.12,21.5,17.8,3,3.8,Moderate Debt,25-34
Male,Corporate 9-to-5,Intermediate,132,TikTok / Reels,47,1,30,29,75.8,4.93,21.5,15.1,3,6.1,Moderate Debt,25-34
Female,Corporate 9-to-5,Intermediate,38,Streaming (Netflix/Hulu),40,0,0,76,26.8,7.93,22.6,23.0,1,1.0,Optimal Recovery,35-44
Non-Binary,Freelance / Creative,Intermediate,68,Streaming (Netflix/Hulu),59,0,66,46,46.3,7.57,18.0,21.1,2,1.8,Mild Deficit,25-34
Female,Student,Morning Lark,100,Messaging / Chat,77,1,63,61,58.6,7.51,21.4,17.3,3,2.9,Mild Deficit,<25
Male,Healthcare / Shift Worker,Morning Lark,112,TikTok / Reels,71,0,20,28,71.9,4.57,18.1,21.8,6,10.0,Severe Sleep Debt,25-34
Female,Healthcare / Shift Worker,Intermediate,34,TikTok / Reels,66,1,0,52,32.5,5.35,23.2,22.0,4,4.4,Moderate Debt,45-54
Female,Remote Tech,Night Owl,66,Messaging / Chat,52,0,0,44,35.1,5.29,19.6,18.3,2,2.6,Moderate Debt,25-34
Female,Corporate 9-to-5,Intermediate,71,Instagram / Reddit,71,0,242,46,70.8,6.97,17.8,15.5,4,5.0,Mild Deficit,<25
Male,Corporate 9-to-5,Intermediate,91,News / Reading,24,0,175,55,43.0,5.8,19.5,19.0,3,4.9,Moderate Debt,35-44
Male,Corporate 9-to-5,Intermediate,70,YouTube,60,0,0,28,36.8,7.62,26.8,21.1,0,1.0,Mild Deficit,<25
Female,Corporate 9-to-5,Intermediate,61,YouTube,55,0,164,0,44.1,6.63,16.1,14.8,4,5.6,Moderate Debt,25-34
Male,Remote Tech,Intermediate,25,TikTok / Reels,31,1,0,63,24.4,8.61,23.2,22.4,0,1.0,Optimal Recovery,<25
Male,Corporate 9-to-5,Night Owl,79,TikTok / Reels,48,0,52,25,50.4,5.48,18.3,17.6,3,5.9,Moderate Debt,25-34
Male,Corporate 9-to-5,Intermediate,51,YouTube,89,1,77,30,41.7,6.48,21.0,18.7,2,3.2,Moderate Debt,35-44
Male,Remote Tech,Morning Lark,122,TikTok / Reels,66,0,20,37,84.3,5.72,23.8,19.0,4,6.7,Moderate Debt,25-34
Female,Corporate 9-to-5,Morning Lark,80,YouTube,74,1,20,32,37.6,7.34,21.7,20.3,0,1.0,Mild Deficit,<25
Female,Remote Tech,Intermediate,11,Messaging / Chat,46,1,29,46,15.9,7.31,23.6,21.8,1,1.0,Mild Deficit,45-54
Male,Remote Tech,Intermediate,24,YouTube,21,1,0,0,17.0,7.12,22.6,21.8,2,1.9,Mild Deficit,45-54
Male,Student,Morning Lark,39,TikTok / Reels,85,0,0,45,31.0,8.21,18.7,18.4,2,1.0,Optimal Recovery,45-54
Non-Binary,Freelance / Creative,Night Owl,50,News / Reading,40,0,20,57,37.5,4.78,25.0,22.3,4,4.7,Moderate Debt,25-34
Male,Corporate 9-to-5,Intermediate,177,TikTok / Reels,48,1,0,36,102.9,3.99,19.0,19.4,7,10.0,Severe Sleep Debt,25-34
Female,Corporate 9-to-5,Intermediate,86,Instagram / Reddit,28,0,146,50,50.7,6.02,18.3,16.0,2,5.4,Moderate Debt,55+
Male,Healthcare / Shift Worker,Morning Lark,31,Messaging / Chat,83,1,0,28,23.2,6.81,25.6,21.3,2,1.4,Mild Deficit,35-44
Female,Remote Tech,Night Owl,87,TikTok / Reels,62,1,0,18,53.7,5.65,21.2,21.7,3,4.8,Moderate Debt,<25
Non-Binary,Student,Night Owl,59,Streaming (Netflix/Hulu),52,1,56,44,32.3,5.42,26.4,20.5,2,3.6,Moderate Debt,<25
Female,Corporate 9-to-5,Morning Lark,88,Instagram / Reddit,67,0,0,22,53.6,6.46,14.0,21.4,4,5.6,Moderate Debt,25-34
Male,Healthcare / Shift Worker,Night Owl,42,YouTube,48,1,120,20,35.7,4.71,19.4,20.6,3,5.6,Moderate Debt,45-54
Male,Freelance / Creative,Intermediate,180,Messaging / Chat,43,1,0,34,77.4,4.23,22.6,21.8,6,7.9,Moderate Debt,25-34
Female,Student,Intermediate,132,Streaming (Netflix/Hulu),31,0,107,12,56.7,6.69,18.0,21.4,4,5.1,Moderate Debt,25-34
Female,Corporate 9-to-5,Night Owl,78,Instagram / Reddit,29,0,0,48,53.9,5.18,27.0,20.7,3,4.7,Moderate Debt,<25
Male,Healthcare / Shift Worker,Night Owl,38,Instagram / Reddit,76,1,0,37,43.4,3.88,20.5,16.5,4,7.1,Moderate Debt,35-44
Male,Healthcare / Shift Worker,Night Owl,88,YouTube,80,1,0,69,55.0,3.36,24.6,17.1,6,8.7,Severe Sleep Debt,45-54
Female,Student,Night Owl,17,TikTok / Reels,21,0,0,8,19.9,6.0,25.4,19.3,2,3.5,Moderate Debt,25-34
Male,Corporate 9-to-5,Night Owl,138,TikTok / Reels,54,1,148,41,88.3,3.2,16.9,13.6,7,10.0,Severe Sleep Debt,35-44
Male,Healthcare / Shift Worker,Morning Lark,120,YouTube,57,0,0,33,62.1,4.9,15.2,19.1,5,6.8,Moderate Debt,55+
Female,Corporate 9-to-5,Intermediate,72,TikTok / Reels,42,1,0,58,53.0,5.29,23.6,15.5,4,5.5,Moderate Debt,<25
Female,Corporate 9-to-5,Intermediate,26,TikTok / Reels,39,1,31,64,46.3,7.3,24.3,15.9,3,2.5,Mild Deficit,25-34
Male,Remote Tech,Night Owl,41,TikTok / Reels,57,1,0,26,25.7,6.09,27.4,20.9,3,2.9,Moderate Debt,25-34
Male,Corporate 9-to-5,Intermediate,8,YouTube,41,0,79,35,27.2,8.41,25.5,23.5,0,1.0,Optimal Recovery,35-44
Male,Student,Morning Lark,8,Streaming (Netflix/Hulu),56,1,0,24,21.2,7.93,24.6,25.5,1,1.0,Optimal Recovery,35-44
Male,Student,Night Owl,46,YouTube,33,0,49,54,39.6,6.43,22.2,22.7,3,3.9,Moderate Debt,35-44
Female,Corporate 9-to-5,Night Owl,24,Instagram / Reddit,43,0,22,50,23.8,5.74,19.7,19.5,3,4.7,Moderate Debt,35-44
Female,Student,Intermediate,11,YouTube,49,1,93,27,30.2,7.78,21.7,15.9,1,1.7,Optimal Recovery,25-34
Female,Freelance / Creative,Morning Lark,38,Messaging / Chat,48,0,81,11,26.9,8.67,20.8,15.3,1,1.0,Optimal Recovery,45-54
Female,Corporate 9-to-5,Morning Lark,41,Streaming (Netflix/Hulu),78,1,0,24,25.7,8.04,24.1,19.1,1,1.0,Optimal Recovery,25-34
Male,Remote Tech,Morning Lark,20,Messaging / Chat,44,1,110,70,31.1,8.23,26.1,19.6,1,1.0,Optimal Recovery,<25
Male,Corporate 9-to-5,Intermediate,64,Streaming (Netflix/Hulu),74,1,0,22,39.3,6.95,22.1,21.4,4,2.3,Mild Deficit,35-44
Female,Remote Tech,Night Owl,97,TikTok / Reels,10,1,0,24,53.9,4.47,28.0,19.0,5,6.2,Moderate Debt,35-44
Female,Corporate 9-to-5,Morning Lark,66,YouTube,55,1,0,19,33.8,7.59,23.1,22.9,2,2.0,Mild Deficit,25-34
Male,Remote Tech,Intermediate,50,Streaming (Netflix/Hulu),13,1,0,46,43.3,7.09,24.7,21.2,2,1.2,Mild Deficit,45-54
Male,Corporate 9-to-5,Intermediate,53,Instagram / Reddit,80,0,0,17,48.7,7.62,16.8,20.2,2,2.1,Mild Deficit,45-54
Male,Freelance / Creative,Intermediate,43,YouTube,95,1,143,52,41.3,7.03,20.5,18.3,1,3.0,Mild Deficit,25-34
Male,Student,Intermediate,38,Streaming (Netflix/Hulu),54,1,0,40,28.0,8.25,25.4,20.0,2,1.0,Optimal Recovery,55+
Male,Remote Tech,Night Owl,66,TikTok / Reels,89,1,145,38,50.0,4.64,22.0,15.1,5,6.7,Moderate Debt,<25
Male,Remote Tech,Night Owl,68,Messaging / Chat,39,1,36,53,40.1,4.39,27.0,22.0,4,5.7,Moderate Debt,<25
Female,Remote Tech,Intermediate,53,YouTube,75,0,32,30,36.1,6.52,20.2,20.4,3,2.6,Moderate Debt,<25
Female,Remote Tech,Night Owl,39,Streaming (Netflix/Hulu),72,1,0,65,38.4,4.36,24.1,27.0,5,5.8,Moderate Debt,45-54
Female,Remote Tech,Intermediate,26,News / Reading,52,1,58,32,31.7,7.68,24.6,22.2,0,1.0,Mild Deficit,35-44
Male,Remote Tech,Morning Lark,14,Instagram / Reddit,55,0,46,10,34.3,7.56,19.8,21.7,1,1.3,Mild Deficit,<25
Male,Corporate 9-to-5,Morning Lark,26,Instagram / Reddit,62,0,0,32,20.6,9.8,22.9,19.7,0,1.0,Optimal Recovery,25-34
Male,Corporate 9-to-5,Intermediate,39,Messaging / Chat,59,0,0,8,30.5,6.17,22.9,19.0,3,2.9,Moderate Debt,35-44
Female,Remote Tech,Morning Lark,41,YouTube,62,1,32,61,28.4,8.33,21.2,17.1,1,1.0,Optimal Recovery,<25
Female,Healthcare / Shift Worker,Intermediate,180,Instagram / Reddit,98,0,0,40,98.4,3.2,11.6,15.8,7,10.0,Severe Sleep Debt,45-54
Female,Corporate 9-to-5,Intermediate,90,Messaging / Chat,95,0,29,22,61.5,6.32,15.6,20.0,5,7.1,Moderate Debt,45-54
Female,Corporate 9-to-5,Intermediate,66,TikTok / Reels,72,1,0,51,61.3,6.45,23.6,22.1,4,4.6,Moderate Debt,25-34
Male,Corporate 9-to-5,Morning Lark,78,Instagram / Reddit,96,0,0,38,56.5,7.75,19.4,16.9,3,3.1,Optimal Recovery,55+
Male,Freelance / Creative,Intermediate,180,YouTube,33,1,0,32,84.2,3.66,20.9,19.8,7,9.8,Severe Sleep Debt,25-34
Male,Healthcare / Shift Worker,Intermediate,32,Streaming (Netflix/Hulu),71,1,0,17,23.1,6.35,19.5,19.5,2,2.6,Moderate Debt,55+
Male,Remote Tech,Intermediate,142,TikTok / Reels,72,0,30,33,95.5,4.81,19.4,18.3,5,8.7,Severe Sleep Debt,35-44
Male,Freelance / Creative,Intermediate,5,Streaming (Netflix/Hulu),47,1,35,0,11.9,7.17,17.9,20.3,0,1.1,Mild Deficit,35-44
Male,Remote Tech,Night Owl,45,TikTok / Reels,98,1,0,67,35.8,6.31,20.4,22.4,2,2.9,Moderate Debt,<25
Female,Freelance / Creative,Morning Lark,23,TikTok / Reels,87,0,0,3,22.5,9.29,21.4,12.2,0,1.0,Optimal Recovery,45-54
Male,Corporate 9-to-5,Intermediate,13,News / Reading,66,0,0,52,23.2,8.6,24.1,17.9,0,1.0,Optimal Recovery,25-34
Male,Corporate 9-to-5,Morning Lark,120,TikTok / Reels,41,1,0,18,77.1,4.91,18.7,20.2,3,6.9,Moderate Debt,<25
Male,Student,Morning Lark,45,TikTok / Reels,24,1,0,34,40.7,7.78,20.5,16.8,2,1.0,Optimal Recovery,<25
Female,Remote Tech,Night Owl,39,YouTube,34,1,22,55,29.8,5.25,24.0,17.8,4,5.0,Moderate Debt,25-34
Female,Student,Intermediate,45,Streaming (Netflix/Hulu),88,0,0,60,34.6,6.82,23.6,19.8,2,2.8,Mild Deficit,25-34
Female,Corporate 9-to-5,Intermediate,57,Messaging / Chat,50,0,0,80,30.0,5.99,24.5,18.4,5,4.2,Moderate Debt,35-44
Male,Student,Night Owl,28,Messaging / Chat,78,0,241,63,41.0,6.31,22.6,13.7,3,4.5,Moderate Debt,45-54
Female,Corporate 9-to-5,Morning Lark,13,TikTok / Reels,62,0,135,23,36.2,8.63,17.4,17.7,1,1.0,Optimal Recovery,<25
Male,Corporate 9-to-5,Morning Lark,50,Instagram / Reddit,15,0,0,22,26.0,8.58,19.5,16.0,1,1.0,Optimal Recovery,35-44
Male,Freelance / Creative,Night Owl,58,Instagram / Reddit,50,0,0,47,45.1,5.97,21.1,17.1,2,3.4,Moderate Debt,<25
Female,Healthcare / Shift Worker,Night Owl,125,Streaming (Netflix/Hulu),36,0,0,38,51.2,3.2,25.6,21.7,6,8.0,Moderate Debt,45-54
Male,Freelance / Creative,Intermediate,49,Streaming (Netflix/Hulu),72,0,0,30,38.4,7.81,25.6,25.7,1,1.0,Optimal Recovery,45-54
Male,Student,Intermediate,55,Streaming (Netflix/Hulu),73,1,0,10,29.0,7.02,19.6,23.4,3,2.8,Mild Deficit,25-34
Female,Student,Night Owl,24,TikTok / Reels,51,0,0,40,33.0,5.42,19.4,16.8,3,3.7,Moderate Debt,35-44
Male,Remote Tech,Intermediate,24,TikTok / Reels,86,0,54,28,45.4,6.92,23.0,17.0,1,3.5,Mild Deficit,25-34
Female,Corporate 9-to-5,Morning Lark,66,Streaming (Netflix/Hulu),77,0,0,60,41.3,8.8,21.7,19.9,1,1.0,Optimal Recovery,25-34
Female,Corporate 9-to-5,Intermediate,84,Instagram / Reddit,46,0,20,67,46.9,6.62,25.7,16.1,3,3.5,Moderate Debt,45-54
Male,Corporate 9-to-5,Intermediate,101,Instagram / Reddit,66,0,0,8,58.9,5.38,19.9,19.8,3,5.5,Moderate Debt,25-34
Male,Healthcare / Shift Worker,Morning Lark,64,YouTube,39,1,0,33,36.7,7.3,22.0,17.9,1,1.0,Mild Deficit,25-34
Non-Binary,Corporate 9-to-5,Intermediate,28,YouTube,48,0,0,29,26.8,7.18,22.7,17.8,1,1.1,Mild Deficit,25-34
Male,Freelance / Creative,Night Owl,15,Streaming (Netflix/Hulu),67,0,143,39,18.3,6.89,21.9,19.6,1,2.7,Mild Deficit,45-54
Male,Remote Tech,Intermediate,23,TikTok / Reels,56,1,0,28,21.5,8.46,21.3,18.2,0,1.0,Optimal Recovery,25-34
Male,Student,Morning Lark,64,Instagram / Reddit,27,1,0,52,37.0,7.41,24.9,19.0,3,2.7,Mild Deficit,<25
Male,Corporate 9-to-5,Intermediate,16,YouTube,63,0,169,24,24.5,6.61,18.4,12.2,2,2.1,Moderate Debt,35-44
Male,Corporate 9-to-5,Night Owl,23,Streaming (Netflix/Hulu),49,1,32,56,25.2,7.59,21.5,20.5,1,1.0,Mild Deficit,45-54
Female,Freelance / Creative,Morning Lark,31,Instagram / Reddit,39,1,88,31,47.2,8.06,19.8,17.9,1,1.0,Optimal Recovery,<25
Male,Corporate 9-to-5,Morning Lark,74,YouTube,33,0,54,49,55.1,5.28,23.0,15.8,4,5.6,Moderate Debt,25-34
Female,Corporate 9-to-5,Intermediate,114,TikTok / Reels,51,0,0,9,75.2,4.86,17.3,19.1,5,8.8,Severe Sleep Debt,<25
Male,Corporate 9-to-5,Morning Lark,54,TikTok / Reels,60,1,0,32,55.5,7.1,23.2,19.9,2,2.8,Mild Deficit,25-34
Female,Corporate 9-to-5,Night Owl,61,TikTok / Reels,50,1,0,48,49.1,4.8,26.1,17.8,4,6.3,Moderate Debt,25-34
Male,Corporate 9-to-5,Intermediate,50,TikTok / Reels,61,0,0,39,48.1,7.11,16.2,16.3,3,3.0,Mild Deficit,35-44
Female,Student,Intermediate,45,TikTok / Reels,50,0,126,9,50.5,6.56,15.2,16.3,2,4.3,Moderate Debt,35-44
Female,Remote Tech,Night Owl,69,Streaming (Netflix/Hulu),67,1,55,41,45.5,6.12,23.4,18.2,2,3.2,Moderate Debt,35-44
Male,Remote Tech,Intermediate,46,Messaging / Chat,52,1,74,0,34.3,7.29,19.4,20.0,3,2.9,Mild Deficit,25-34
Female,Corporate 9-to-5,Morning Lark,136,TikTok / Reels,22,1,0,0,80.2,5.47,21.8,14.0,4,4.9,Moderate Debt,45-54
Male,Healthcare / Shift Worker,Morning Lark,59,TikTok / Reels,31,0,76,31,41.3,4.57,21.3,16.0,4,5.8,Moderate Debt,25-34
Female,Healthcare / Shift Worker,Intermediate,63,Messaging / Chat,44,0,0,9,36.9,4.85,22.1,20.8,4,5.4,Moderate Debt,55+
Female,Corporate 9-to-5,Morning Lark,51,Streaming (Netflix/Hulu),80,0,0,36,34.7,7.82,23.6,22.5,1,1.2,Optimal Recovery,35-44
Female,Remote Tech,Intermediate,87,YouTube,36,0,0,2,45.6,5.6,22.6,17.6,2,3.8,Moderate Debt,<25
Male,Corporate 9-to-5,Morning Lark,30,News / Reading,63,0,79,79,25.3,7.83,22.8,17.8,0,1.0,Optimal Recovery,35-44
Female,Healthcare / Shift Worker,Morning Lark,24,YouTube,63,0,112,19,33.5,6.53,21.7,17.5,3,2.9,Moderate Debt,25-34
Male,Student,Intermediate,79,Streaming (Netflix/Hulu),31,0,43,63,29.7,5.99,23.7,15.4,2,2.1,Moderate Debt,35-44
Female,Freelance / Creative,Night Owl,58,Instagram / Reddit,50,0,32,37,40.5,4.74,19.9,20.7,6,7.9,Moderate Debt,<25
Female,Corporate 9-to-5,Night Owl,80,TikTok / Reels,58,1,0,36,50.1,4.33,22.0,16.7,5,6.9,Moderate Debt,<25
Female,Remote Tech,Intermediate,41,Instagram / Reddit,49,1,0,29,42.2,6.02,25.3,17.6,2,3.1,Moderate Debt,45-54
Female,Corporate 9-to-5,Night Owl,56,TikTok / Reels,66,1,0,56,39.0,4.14,21.8,18.0,4,6.5,Moderate Debt,25-34
Male,Remote Tech,Morning Lark,37,Instagram / Reddit,66,1,250,50,50.3,7.98,22.4,13.9,2,1.0,Optimal Recovery,45-54
Male,Remote Tech,Morning Lark,49,TikTok / Reels,59,1,0,34,39.0,7.31,23.2,22.3,4,2.7,Mild Deficit,25-34
Male,Corporate 9-to-5,Intermediate,15,YouTube,73,0,29,38,19.9,8.12,25.4,20.1,1,1.0,Optimal Recovery,35-44
Female,Student,Intermediate,8,YouTube,55,0,0,65,12.1,7.18,25.8,21.2,2,1.0,Mild Deficit,35-44
Female,Remote Tech,Intermediate,17,YouTube,57,0,0,36,20.8,7.7,21.9,21.3,1,1.0,Mild Deficit,25-34
Female,Healthcare / Shift Worker,Morning Lark,85,TikTok / Reels,61,0,0,34,62.8,5.74,18.8,20.4,3,5.5,Moderate Debt,25-34
Male,Corporate 9-to-5,Morning Lark,83,Instagram / Reddit,33,0,79,12,46.8,7.47,18.3,19.3,2,1.5,Mild Deficit,<25
Female,Freelance / Creative,Intermediate,140,YouTube,67,1,0,38,63.5,3.69,24.2,20.3,5,9.6,Severe Sleep Debt,<25
Male,Freelance / Creative,Night Owl,81,Streaming (Netflix/Hulu),43,1,0,36,40.6,4.64,26.0,20.3,4,6.1,Moderate Debt,25-34
Female,Freelance / Creative,Intermediate,39,Messaging / Chat,51,1,109,60,36.4,6.52,18.6,22.4,2,2.9,Moderate Debt,35-44
Female,Student,Morning Lark,50,YouTube,66,1,0,45,25.7,9.25,19.6,26.2,0,1.0,Optimal Recovery,55+
Female,Healthcare / Shift Worker,Night Owl,8,Instagram / Reddit,64,0,21,47,33.0,3.86,24.5,17.1,5,7.2,Moderate Debt,45-54
Female,Remote Tech,Intermediate,39,Streaming (Netflix/Hulu),27,1,28,62,38.4,7.35,23.8,19.9,3,1.2,Mild Deficit,35-44
Male,Corporate 9-to-5,Morning Lark,56,Instagram / Reddit,27,0,47,13,49.2,6.92,16.8,20.4,2,1.7,Mild Deficit,35-44
Female,Student,Intermediate,96,Messaging / Chat,35,1,0,48,52.4,6.29,28.0,22.9,3,2.1,Moderate Debt,35-44
Male,Student,Night Owl,53,YouTube,59,1,70,1,26.2,4.25,20.7,19.0,4,6.0,Moderate Debt,25-34
Female,Freelance / Creative,Night Owl,21,Streaming (Netflix/Hulu),81,1,71,0,20.3,6.7,22.1,15.3,2,1.9,Moderate Debt,45-54
Male,Remote Tech,Intermediate,92,Messaging / Chat,45,1,57,22,53.1,6.08,22.6,19.2,4,4.5,Moderate Debt,35-44
Female,Corporate 9-to-5,Intermediate,36,TikTok / Reels,36,0,41,28,32.3,8.09,21.2,17.7,1,1.0,Optimal Recovery,25-34
Male,Student,Intermediate,28,YouTube,36,1,0,0,18.1,8.47,23.0,22.3,0,1.0,Optimal Recovery,<25
Male,Freelance / Creative,Morning Lark,48,TikTok / Reels,64,0,0,17,33.3,8.05,23.6,21.6,2,1.0,Optimal Recovery,25-34
Male,Corporate 9-to-5,Night Owl,36,YouTube,77,0,85,25,44.0,5.76,20.4,18.9,3,4.7,Moderate Debt,25-34
Female,Corporate 9-to-5,Intermediate,56,YouTube,75,0,144,17,55.2,6.62,21.6,16.3,5,5.8,Moderate Debt,45-54
Male,Remote Tech,Morning Lark,77,Instagram / Reddit,42,0,0,57,43.5,7.38,25.4,24.4,3,2.9,Mild Deficit,25-34
Female,Corporate 9-to-5,Intermediate,40,Streaming (Netflix/Hulu),25,0,0,52,20.1,6.73,20.3,18.0,1,1.0,Moderate Debt,25-34
Female,Corporate 9-to-5,Intermediate,40,TikTok / Reels,57,0,0,30,36.4,6.84,24.3,15.2,2,2.1,Mild Deficit,55+
Female,Corporate 9-to-5,Night Owl,77,Instagram / Reddit,85,0,120,47,63.2,4.87,16.0,16.2,6,8.4,Moderate Debt,<25
Female,Healthcare / Shift Worker,Night Owl,77,TikTok / Reels,64,0,0,40,49.2,3.2,18.2,20.7,4,9.6,Severe Sleep Debt,25-34
Non-Binary,Corporate 9-to-5,Morning Lark,59,TikTok / Reels,28,0,49,0,52.1,7.78,21.4,18.4,2,1.6,Optimal Recovery,<25
Female,Remote Tech,Night Owl,46,News / Reading,54,0,45,61,29.0,4.64,22.4,21.9,3,5.3,Moderate Debt,35-44
Male,Student,Intermediate,106,TikTok / Reels,35,1,0,48,72.6,5.06,23.6,18.9,5,7.3,Moderate Debt,45-54
Male,Freelance / Creative,Morning Lark,31,TikTok / Reels,62,0,64,24,34.0,7.49,15.1,16.8,2,1.5,Mild Deficit,25-34
Male,Freelance / Creative,Intermediate,78,YouTube,54,0,0,80,46.6,4.61,25.5,16.4,4,5.6,Moderate Debt,45-54
Male,Remote Tech,Intermediate,30,TikTok / Reels,50,1,0,20,31.7,6.97,26.3,17.5,2,2.2,Mild Deficit,25-34
Female,Freelance / Creative,Morning Lark,55,YouTube,42,1,77,16,37.8,7.42,22.2,20.3,1,1.0,Mild Deficit,45-54
Male,Corporate 9-to-5,Intermediate,19,TikTok / Reels,64,1,0,53,25.3,7.61,23.4,15.3,1,1.0,Mild Deficit,35-44
Female,Student,Intermediate,56,Instagram / Reddit,79,0,20,22,57.5,7.0,19.0,17.8,3,4.4,Mild Deficit,45-54
Male,Student,Morning Lark,110,YouTube,87,0,0,45,55.2,6.2,20.4,19.4,5,5.8,Moderate Debt,<25
Male,Corporate 9-to-5,Intermediate,89,Streaming (Netflix/Hulu),63,0,0,0,51.3,6.3,20.2,21.6,3,4.7,Moderate Debt,55+
Non-Binary,Remote Tech,Intermediate,10,Messaging / Chat,80,0,0,41,37.0,6.02,24.7,19.9,4,4.0,Moderate Debt,35-44
Female,Corporate 9-to-5,Morning Lark,108,TikTok / Reels,35,1,90,36,61.9,5.75,21.7,17.1,3,5.2,Moderate Debt,25-34
Female,Healthcare / Shift Worker,Night Owl,35,Instagram / Reddit,48,0,0,55,33.2,4.39,27.4,19.6,2,4.8,Moderate Debt,45-54
Female,Remote Tech,Morning Lark,70,TikTok / Reels,36,0,110,11,64.7,6.47,16.6,16.1,3,5.0,Moderate Debt,25-34
Female,Student,Morning Lark,50,TikTok / Reels,45,1,0,50,54.7,6.22,15.6,21.0,3,4.2,Moderate Debt,45-54
Female,Corporate 9-to-5,Morning Lark,33,Streaming (Netflix/Hulu),34,0,0,32,22.2,9.41,19.2,23.3,0,1.0,Optimal Recovery,<25
Male,Corporate 9-to-5,Intermediate,65,Streaming (Netflix/Hulu),88,0,0,46,33.8,7.87,24.6,24.2,0,1.0,Optimal Recovery,35-44
Female,Freelance / Creative,Intermediate,34,TikTok / Reels,48,0,0,31,29.0,6.53,25.9,19.2,3,2.2,Moderate Debt,25-34
Female,Student,Intermediate,80,TikTok / Reels,52,1,0,30,48.8,6.04,25.1,16.1,2,2.9,Moderate Debt,<25
Male,Freelance / Creative,Intermediate,33,TikTok / Reels,24,0,193,32,35.6,7.71,25.4,18.2,2,1.0,Mild Deficit,25-34
Male,Corporate 9-to-5,Night Owl,31,Streaming (Netflix/Hulu),15,0,0,33,13.1,5.85,24.9,21.4,2,1.1,Moderate Debt,<25
Female,Corporate 9-to-5,Morning Lark,81,Streaming (Netflix/Hulu),89,1,0,0,43.2,7.65,22.8,20.4,2,1.6,Mild Deficit,25-34
Female,Remote Tech,Intermediate,175,YouTube,50,1,100,33,78.2,4.62,19.0,17.1,5,8.7,Severe Sleep Debt,25-34
Female,Remote Tech,Morning Lark,95,TikTok / Reels,100,0,36,17,64.7,6.6,18.6,17.4,4,5.2,Moderate Debt,35-44
Female,Corporate 9-to-5,Morning Lark,86,YouTube,52,1,36,35,44.5,7.72,26.9,20.9,2,1.0,Mild Deficit,25-34
Male,Student,Intermediate,52,Streaming (Netflix/Hulu),30,1,80,74,28.1,7.05,19.9,25.3,1,1.2,Mild Deficit,25-34
Female,Remote Tech,Morning Lark,77,Instagram / Reddit,55,1,0,61,58.5,8.01,25.1,21.2,2,2.0,Optimal Recovery,35-44
Male,Corporate 9-to-5,Intermediate,40,TikTok / Reels,56,0,0,45,48.9,7.62,23.0,19.2,2,1.2,Mild Deficit,<25
Male,Corporate 9-to-5,Night Owl,121,TikTok / Reels,58,0,0,0,77.5,3.83,19.2,23.7,7,10.0,Severe Sleep Debt,45-54
Male,Remote Tech,Morning Lark,13,YouTube,54,0,0,16,12.7,9.37,23.5,22.3,0,1.0,Optimal Recovery,45-54
Female,Student,Night Owl,50,TikTok / Reels,25,1,0,24,25.4,4.16,18.3,19.9,4,6.2,Moderate Debt,35-44
Female,Remote Tech,Intermediate,42,Streaming (Netflix/Hulu),24,1,0,55,23.2,6.63,24.6,19.8,2,1.7,Moderate Debt,35-44
Male,Remote Tech,Intermediate,52,YouTube,78,1,40,46,40.3,7.18,19.7,23.6,2,1.9,Mild Deficit,45-54
Female,Corporate 9-to-5,Intermediate,32,Streaming (Netflix/Hulu),94,1,0,66,29.9,7.91,23.7,19.1,1,1.0,Optimal Recovery,<25
Female,Freelance / Creative,Intermediate,58,Instagram / Reddit,49,0,0,46,36.2,7.1,23.9,18.9,2,2.3,Mild Deficit,<25
Female,Freelance / Creative,Morning Lark,31,YouTube,18,0,0,50,34.0,8.96,24.8,20.8,1,1.0,Optimal Recovery,25-34
Female,Student,Night Owl,38,Streaming (Netflix/Hulu),79,0,0,43,21.7,5.1,23.4,22.4,2,3.6,Moderate Debt,35-44
Male,Corporate 9-to-5,Intermediate,71,TikTok / Reels,38,1,0,40,43.2,5.77,23.2,23.4,4,4.1,Moderate Debt,<25
Female,Remote Tech,Night Owl,180,TikTok / Reels,62,0,78,0,101.7,3.2,8.1,18.0,7,10.0,Severe Sleep Debt,35-44
Male,Student,Night Owl,37,News / Reading,45,1,59,25,29.2,5.0,22.4,19.9,2,4.6,Moderate Debt,55+
Female,Freelance / Creative,Morning Lark,65,Instagram / Reddit,45,0,0,53,49.6,6.4,21.9,19.8,5,5.1,Moderate Debt,45-54
Male,Freelance / Creative,Morning Lark,103,TikTok / Reels,38,1,103,69,61.8,6.46,22.1,18.6,3,4.4,Moderate Debt,25-34
Male,Healthcare / Shift Worker,Morning Lark,67,TikTok / Reels,83,0,0,27,45.6,6.51,18.1,21.4,3,3.9,Moderate Debt,<25
Male,Corporate 9-to-5,Night Owl,45,TikTok / Reels,64,0,0,57,31.8,5.98,23.3,17.1,2,3.2,Moderate Debt,45-54
Female,Freelance / Creative,Night Owl,45,YouTube,62,1,0,23,24.7,5.16,21.6,18.9,4,5.3,Moderate Debt,35-44
Female,Student,Intermediate,108,TikTok / Reels,56,0,0,27,72.5,5.33,18.5,17.9,4,6.2,Moderate Debt,<25
Female,Healthcare / Shift Worker,Morning Lark,10,TikTok / Reels,63,0,0,0,15.7,7.34,21.1,17.9,1,1.0,Mild Deficit,<25
Male,Remote Tech,Morning Lark,57,Streaming (Netflix/Hulu),31,0,0,63,36.4,7.32,22.2,19.1,2,1.8,Mild Deficit,45-54
Male,Corporate 9-to-5,Night Owl,41,Messaging / Chat,65,0,0,42,35.4,5.94,19.6,21.9,3,3.6,Moderate Debt,35-44
Male,Remote Tech,Night Owl,15,YouTube,79,1,0,20,13.6,7.2,24.4,20.0,1,1.0,Mild Deficit,45-54
Female,Corporate 9-to-5,Morning Lark,54,Instagram / Reddit,59,0,0,74,47.2,7.16,26.5,18.5,3,1.9,Mild Deficit,45-54
Male,Remote Tech,Morning Lark,33,TikTok / Reels,72,1,169,33,37.0,8.44,23.3,15.8,1,1.0,Optimal Recovery,35-44
Female,Healthcare / Shift Worker,Intermediate,23,TikTok / Reels,47,1,0,66,26.8,6.97,22.0,21.3,1,1.0,Mild Deficit,25-34
Male,Corporate 9-to-5,Morning Lark,116,Instagram / Reddit,63,0,86,5,82.1,5.92,17.7,15.9,4,7.4,Moderate Debt,25-34
Female,Corporate 9-to-5,Night Owl,26,Streaming (Netflix/Hulu),47,1,0,61,20.9,6.67,26.0,18.8,3,1.9,Moderate Debt,25-34
Male,Corporate 9-to-5,Intermediate,22,TikTok / Reels,22,0,0,56,26.6,7.46,26.2,16.5,2,1.8,Mild Deficit,25-34
Female,Remote Tech,Intermediate,17,Instagram / Reddit,50,0,0,33,20.4,8.92,23.2,17.5,0,1.0,Optimal Recovery,35-44
Female,Freelance / Creative,Intermediate,63,News / Reading,78,0,75,26,43.1,6.44,24.0,21.8,2,2.4,Moderate Debt,35-44
Male,Corporate 9-to-5,Intermediate,67,Streaming (Netflix/Hulu),28,0,0,18,33.7,5.12,20.8,21.4,5,7.0,Moderate Debt,45-54
Female,Corporate 9-to-5,Morning Lark,173,YouTube,88,0,0,60,86.1,4.86,13.5,19.0,5,10.0,Severe Sleep Debt,25-34
Male,Freelance / Creative,Night Owl,42,YouTube,44,0,66,20,28.7,6.21,24.3,18.8,3,3.8,Moderate Debt,35-44
Male,Healthcare / Shift Worker,Intermediate,37,News / Reading,66,0,0,0,25.3,5.93,22.9,21.5,3,3.1,Moderate Debt,35-44
Male,Corporate 9-to-5,Intermediate,21,YouTube,85,1,0,61,25.1,7.91,27.6,22.9,0,1.0,Optimal Recovery,35-44
Female,Student,Intermediate,70,Instagram / Reddit,92,1,0,42,46.4,7.61,18.7,19.0,3,2.2,Mild Deficit,35-44
Female,Student,Morning Lark,16,TikTok / Reels,87,1,104,30,38.9,7.43,17.1,16.6,2,2.0,Mild Deficit,25-34
Male,Student,Morning Lark,33,Instagram / Reddit,40,1,0,28,34.1,8.95,23.2,19.6,1,1.0,Optimal Recovery,25-34
Female,Remote Tech,Intermediate,61,TikTok / Reels,78,1,20,88,49.0,6.67,22.0,19.4,3,3.3,Moderate Debt,<25
Male,Freelance / Creative,Intermediate,34,Instagram / Reddit,43,1,0,29,31.5,6.51,23.2,19.6,1,1.0,Moderate Debt,25-34
Female,Corporate 9-to-5,Intermediate,33,YouTube,36,0,20,27,25.7,7.63,19.0,19.2,2,1.1,Mild Deficit,25-34
Female,Corporate 9-to-5,Night Owl,29,Streaming (Netflix/Hulu),43,0,40,28,24.5,6.56,17.5,13.2,1,1.8,Moderate Debt,35-44
Female,Remote Tech,Intermediate,120,YouTube,80,0,0,20,71.9,4.52,16.6,19.3,3,8.3,Moderate Debt,55+
Female,Remote Tech,Intermediate,32,YouTube,46,0,0,27,20.5,8.05,21.1,18.1,1,1.0,Optimal Recovery,35-44
Female,Freelance / Creative,Morning Lark,71,Streaming (Netflix/Hulu),39,1,44,42,40.2,8.25,21.7,14.7,1,1.0,Optimal Recovery,35-44
Male,Remote Tech,Night Owl,31,News / Reading,87,1,0,25,26.3,4.53,21.9,18.4,3,4.8,Moderate Debt,25-34
Male,Corporate 9-to-5,Intermediate,37,Messaging / Chat,52,1,0,0,27.1,6.25,23.6,18.3,2,2.5,Moderate Debt,35-44
Female,Remote Tech,Morning Lark,52,TikTok / Reels,68,1,0,5,38.9,7.74,22.6,20.3,1,1.0,Mild Deficit,<25
Male,Remote Tech,Intermediate,113,YouTube,36,1,0,48,54.4,6.51,22.7,18.4,3,3.3,Moderate Debt,25-34
Female,Freelance / Creative,Intermediate,8,Instagram / Reddit,47,0,0,9,25.4,7.41,23.5,19.2,2,1.6,Mild Deficit,25-34
Male,Remote Tech,Night Owl,105,Instagram / Reddit,51,1,32,44,60.7,5.06,23.6,18.3,5,7.4,Moderate Debt,25-34
Male,Student,Night Owl,26,Instagram / Reddit,43,1,0,62,21.3,5.71,24.1,22.6,2,2.8,Moderate Debt,<25
Male,Student,Intermediate,57,News / Reading,53,0,0,47,38.9,6.91,22.6,21.1,2,3.1,Mild Deficit,<25
Female,Student,Night Owl,48,TikTok / Reels,37,0,0,38,34.5,5.39,23.5,25.6,3,4.7,Moderate Debt,25-34
Female,Student,Morning Lark,19,Streaming (Netflix/Hulu),53,1,0,36,14.9,9.75,23.2,24.5,0,1.0,Optimal Recovery,55+
Female,Corporate 9-to-5,Intermediate,34,TikTok / Reels,78,0,0,38,22.3,7.05,21.9,19.0,1,1.2,Mild Deficit,25-34
Male,Healthcare / Shift Worker,Night Owl,48,Messaging / Chat,22,0,28,34,33.3,3.57,22.8,21.8,5,6.2,Moderate Debt,25-34
Female,Student,Intermediate,18,Instagram / Reddit,52,1,43,9,16.9,7.62,22.1,20.6,0,1.0,Mild Deficit,<25
Male,Student,Intermediate,92,Instagram / Reddit,45,1,0,32,45.7,6.4,19.9,19.5,3,2.4,Moderate Debt,35-44
Female,Freelance / Creative,Night Owl,52,Streaming (Netflix/Hulu),43,0,0,54,26.4,5.52,25.4,17.5,3,3.7,Moderate Debt,25-34
Male,Healthcare / Shift Worker,Morning Lark,35,Instagram / Reddit,94,0,92,59,32.6,6.05,20.8,19.5,2,3.2,Moderate Debt,<25
Female,Healthcare / Shift Worker,Morning Lark,40,Instagram / Reddit,84,0,0,30,40.7,6.05,20.3,22.2,2,3.4,Moderate Debt,25-34
Female,Freelance / Creative,Intermediate,91,Messaging / Chat,45,1,31,46,42.1,5.25,21.0,21.2,4,4.6,Moderate Debt,<25
Female,Corporate 9-to-5,Night Owl,105,TikTok / Reels,28,1,92,44,64.2,3.98,24.0,16.7,4,7.6,Moderate Debt,<25
Female,Remote Tech,Night Owl,28,News / Reading,85,1,0,38,23.7,6.13,22.4,20.8,2,2.5,Moderate Debt,25-34
Female,Remote Tech,Intermediate,21,TikTok / Reels,63,0,0,39,19.4,7.41,20.7,18.8,0,1.0,Mild Deficit,<25
Male,Corporate 9-to-5,Night Owl,77,YouTube,32,0,86,39,40.6,4.97,19.0,15.6,2,4.9,Moderate Debt,<25
Female,Healthcare / Shift Worker,Night Owl,23,TikTok / Reels,37,0,129,33,27.1,5.99,21.2,17.5,4,3.3,Moderate Debt,25-34
Female,Student,Morning Lark,68,YouTube,57,0,0,35,43.5,6.95,21.7,18.0,3,3.2,Mild Deficit,45-54
Male,Student,Night Owl,25,Streaming (Netflix/Hulu),90,1,52,51,24.8,6.55,25.1,21.0,2,1.7,Moderate Debt,35-44
Female,Freelance / Creative,Morning Lark,25,TikTok / Reels,48,0,49,17,34.7,9.26,17.0,17.0,0,1.0,Optimal Recovery,25-34
Male,Corporate 9-to-5,Morning Lark,15,Messaging / Chat,64,0,0,6,11.8,9.34,24.3,18.1,0,1.0,Optimal Recovery,25-34
Non-Binary,Student,Intermediate,147,YouTube,43,0,0,20,70.4,5.28,19.7,16.2,5,7.1,Moderate Debt,55+
Female,Remote Tech,Intermediate,105,TikTok / Reels,64,0,0,30,69.9,5.66,19.4,17.9,4,6.1,Moderate Debt,25-34
Female,Corporate 9-to-5,Intermediate,41,Streaming (Netflix/Hulu),22,1,64,36,26.2,7.46,22.0,18.8,0,1.0,Mild Deficit,<25
Female,Corporate 9-to-5,Morning Lark,59,Streaming (Netflix/Hulu),68,1,191,40,54.2,8.11,22.6,14.4,1,1.3,Optimal Recovery,35-44
Male,Healthcare / Shift Worker,Intermediate,58,Instagram / Reddit,60,0,0,22,38.2,4.9,25.1,20.0,2,3.8,Moderate Debt,<25
Male,Remote Tech,Morning Lark,148,TikTok / Reels,38,1,0,74,86.0,5.47,27.1,16.7,4,5.9,Moderate Debt,25-34
Male,Healthcare / Shift Worker,Intermediate,65,Streaming (Netflix/Hulu),10,1,0,48,27.8,5.53,25.2,18.1,3,3.2,Moderate Debt,25-34
Male,Remote Tech,Night Owl,86,YouTube,88,1,167,27,57.6,4.21,22.6,17.5,5,9.9,Severe Sleep Debt,45-54
Female,Corporate 9-to-5,Night Owl,115,News / Reading,20,0,0,27,33.0,4.8,20.0,24.2,3,4.7,Moderate Debt,25-34
Male,Corporate 9-to-5,Night Owl,27,Streaming (Netflix/Hulu),80,1,53,32,29.7,5.03,19.1,20.1,3,5.0,Moderate Debt,35-44
Male,Remote Tech,Intermediate,31,Messaging / Chat,38,0,0,50,20.9,6.69,28.0,22.1,2,1.0,Moderate Debt,55+
Male,Freelance / Creative,Night Owl,105,Instagram / Reddit,63,0,0,66,58.3,3.6,19.3,18.8,5,9.2,Severe Sleep Debt,<25
Male,Corporate 9-to-5,Intermediate,40,YouTube,67,0,74,70,38.5,7.49,24.3,18.6,1,1.0,Mild Deficit,25-34
Male,Freelance / Creative,Morning Lark,24,Instagram / Reddit,88,0,0,51,32.0,7.8,27.8,21.9,1,1.0,Optimal Recovery,25-34
Female,Freelance / Creative,Intermediate,55,Streaming (Netflix/Hulu),33,0,0,17,34.7,7.0,22.7,16.5,2,1.1,Mild Deficit,25-34
Female,Freelance / Creative,Intermediate,103,TikTok / Reels,54,1,0,66,75.0,6.54,26.8,21.3,3,2.0,Moderate Debt,25-34
Female,Remote Tech,Night Owl,158,YouTube,36,0,0,31,68.3,3.2,17.9,21.1,6,10.0,Severe Sleep Debt,45-54
Female,Freelance / Creative,Intermediate,130,YouTube,34,1,36,34,56.9,6.8,25.5,14.9,2,3.3,Mild Deficit,35-44
Male,Remote Tech,Morning Lark,6,Streaming (Netflix/Hulu),57,1,72,37,23.9,8.66,24.0,19.3,1,1.0,Optimal Recovery,35-44
Female,Corporate 9-to-5,Night Owl,41,YouTube,72,1,0,21,40.9,5.21,21.3,16.6,5,5.1,Moderate Debt,25-34
Male,Corporate 9-to-5,Intermediate,20,Streaming (Netflix/Hulu),100,1,0,33,13.4,7.9,18.2,22.3,0,1.0,Optimal Recovery,45-54
Female,Freelance / Creative,Night Owl,28,Messaging / Chat,51,0,0,18,33.3,5.93,24.6,17.5,1,2.6,Moderate Debt,55+
Female,Corporate 9-to-5,Night Owl,57,Instagram / Reddit,54,1,0,60,36.3,5.42,22.3,17.5,2,4.7,Moderate Debt,45-54
Male,Remote Tech,Intermediate,56,TikTok / Reels,55,1,0,8,32.6,7.16,22.1,20.7,1,1.0,Mild Deficit,<25
Male,Corporate 9-to-5,Morning Lark,6,TikTok / Reels,58,1,0,69,11.4,8.79,24.9,17.7,0,1.0,Optimal Recovery,35-44
Male,Corporate 9-to-5,Morning Lark,28,TikTok / Reels,60,0,0,48,34.3,7.8,24.6,17.7,2,1.0,Optimal Recovery,<25
Female,Corporate 9-to-5,Morning Lark,136,TikTok / Reels,32,0,104,39,76.4,6.17,21.2,15.6,5,6.9,Moderate Debt,25-34
Female,Healthcare / Shift Worker,Morning Lark,16,TikTok / Reels,10,0,0,20,20.9,7.74,23.0,19.2,1,1.0,Mild Deficit,<25
Female,Remote Tech,Intermediate,103,Streaming (Netflix/Hulu),50,1,163,74,53.8,4.4,21.9,16.7,4,6.6,Moderate Debt,35-44
Female,Freelance / Creative,Night Owl,35,TikTok / Reels,94,1,0,74,30.3,6.15,27.6,19.0,2,3.0,Moderate Debt,35-44
Female,Student,Night Owl,50,TikTok / Reels,56,1,0,40,39.3,5.64,20.5,18.9,4,3.9,Moderate Debt,<25
Male,Freelance / Creative,Night Owl,111,News / Reading,52,0,0,15,60.5,3.77,19.9,21.6,4,7.6,Moderate Debt,25-34
Male,Remote Tech,Morning Lark,43,News / Reading,55,1,0,22,41.9,8.36,23.1,17.8,1,1.0,Optimal Recovery,25-34
Male,Student,Intermediate,141,Instagram / Reddit,41,0,39,34,73.4,4.98,18.2,21.7,4,8.0,Moderate Debt,25-34
Male,Remote Tech,Intermediate,16,TikTok / Reels,53,1,0,18,23.1,8.08,21.6,17.4,1,1.0,Optimal Recovery,<25
Female,Remote Tech,Morning Lark,90,Messaging / Chat,56,1,0,33,49.0,7.14,20.7,22.6,2,2.6,Mild Deficit,25-34
Male,Healthcare / Shift Worker,Night Owl,83,Instagram / Reddit,56,0,42,16,66.3,3.36,22.1,19.1,6,10.0,Severe Sleep Debt,35-44
Female,Student,Night Owl,131,TikTok / Reels,57,1,83,26,93.6,3.2,20.1,16.0,6,10.0,Severe Sleep Debt,<25
Male,Healthcare / Shift Worker,Intermediate,74,YouTube,57,0,40,43,43.5,4.69,18.8,22.7,5,7.4,Moderate Debt,<25
Female,Healthcare / Shift Worker,Night Owl,46,TikTok / Reels,54,1,60,28,36.7,3.6,21.1,19.9,5,8.9,Severe Sleep Debt,25-34
Female,Corporate 9-to-5,Morning Lark,27,News / Reading,78,0,0,24,24.4,8.27,23.2,20.5,1,1.0,Optimal Recovery,55+
Male,Student,Intermediate,40,Messaging / Chat,93,0,22,30,36.3,7.41,25.3,17.3,3,2.5,Mild Deficit,35-44
Male,Corporate 9-to-5,Morning Lark,14,YouTube,21,0,0,20,11.6,8.93,26.5,18.2,0,1.0,Optimal Recovery,35-44
Male,Remote Tech,Morning Lark,87,YouTube,44,1,77,22,58.9,6.84,22.7,22.5,2,3.4,Mild Deficit,25-34
Male,Student,Night Owl,50,YouTube,11,0,0,87,26.7,5.68,28.0,18.8,2,3.1,Moderate Debt,35-44
Female,Freelance / Creative,Night Owl,45,Streaming (Netflix/Hulu),65,0,62,21,36.4,5.41,19.7,18.0,3,5.2,Moderate Debt,<25
Female,Corporate 9-to-5,Intermediate,38,YouTube,80,0,0,43,28.2,6.8,21.9,18.5,3,1.1,Mild Deficit,35-44
Female,Corporate 9-to-5,Intermediate,80,TikTok / Reels,57,1,0,14,49.0,7.18,24.3,19.0,2,1.2,Mild Deficit,45-54
Male,Corporate 9-to-5,Intermediate,45,YouTube,57,1,0,0,31.9,7.9,19.7,21.1,1,1.0,Optimal Recovery,35-44
Male,Remote Tech,Night Owl,53,YouTube,43,0,0,18,30.8,5.81,21.3,17.7,4,3.4,Moderate Debt,45-54
Female,Healthcare / Shift Worker,Night Owl,53,News / Reading,59,0,0,33,26.2,3.53,26.8,20.0,6,8.7,Severe Sleep Debt,35-44
Male,Healthcare / Shift Worker,Night Owl,74,Messaging / Chat,54,0,0,19,44.1,3.2,19.4,15.6,6,8.6,Severe Sleep Debt,<25
Male,Student,Night Owl,70,YouTube,77,1,0,0,45.4,4.96,21.8,20.8,5,5.5,Moderate Debt,45-54
Female,Healthcare / Shift Worker,Intermediate,111,TikTok / Reels,96,0,250,25,80.4,3.23,13.6,14.3,7,10.0,Severe Sleep Debt,<25
Male,Corporate 9-to-5,Intermediate,102,Instagram / Reddit,86,1,0,36,57.2,6.07,21.5,20.6,2,3.8,Moderate Debt,25-34
Male,Corporate 9-to-5,Morning Lark,38,Instagram / Reddit,100,1,52,50,30.5,7.79,20.6,21.1,1,1.0,Optimal Recovery,<25
Male,Corporate 9-to-5,Morning Lark,154,TikTok / Reels,68,1,0,33,91.4,5.26,19.6,16.0,6,8.3,Moderate Debt,<25
Female,Healthcare / Shift Worker,Night Owl,69,Instagram / Reddit,62,0,0,17,44.7,3.8,18.2,15.0,4,7.8,Moderate Debt,25-34
Female,Student,Night Owl,174,TikTok / Reels,55,1,80,60,97.9,3.2,21.4,17.7,7,10.0,Severe Sleep Debt,25-34
Female,Student,Intermediate,63,YouTube,62,1,0,77,35.4,7.73,23.7,21.1,1,1.1,Mild Deficit,25-34
Female,Corporate 9-to-5,Intermediate,40,Streaming (Netflix/Hulu),62,0,0,41,19.9,6.86,18.3,22.1,2,1.7,Mild Deficit,35-44
Male,Remote Tech,Morning Lark,34,YouTube,81,0,0,66,30.8,8.07,28.0,20.1,2,1.0,Optimal Recovery,<25
Female,Freelance / Creative,Intermediate,13,YouTube,51,0,0,51,32.1,7.99,24.8,20.4,2,1.0,Optimal Recovery,<25
Male,Corporate 9-to-5,Intermediate,60,Messaging / Chat,34,0,45,77,45.3,6.26,22.7,18.0,3,3.3,Moderate Debt,25-34
Male,Student,Intermediate,62,Instagram / Reddit,54,1,0,38,45.7,7.17,24.7,18.5,2,1.7,Mild Deficit,25-34
Female,Corporate 9-to-5,Night Owl,50,YouTube,37,0,83,54,30.1,4.88,23.8,16.6,3,5.6,Moderate Debt,35-44
Female,Corporate 9-to-5,Morning Lark,66,Instagram / Reddit,51,1,0,65,40.2,7.18,24.3,20.1,1,1.0,Mild Deficit,35-44
Male,Student,Intermediate,18,Messaging / Chat,21,1,0,36,15.4,7.94,27.8,21.8,0,1.0,Optimal Recovery,45-54
Male,Corporate 9-to-5,Intermediate,48,Instagram / Reddit,56,0,106,51,39.0,7.99,24.0,16.6,1,1.5,Optimal Recovery,35-44
Female,Student,Night Owl,22,Streaming (Netflix/Hulu),37,0,0,37,43.4,5.75,21.2,20.4,3,4.2,Moderate Debt,25-34
Male,Student,Night Owl,67,YouTube,70,0,0,21,37.6,4.93,23.6,20.9,3,5.1,Moderate Debt,35-44
Female,Remote Tech,Intermediate,57,TikTok / Reels,47,1,81,4,45.3,7.06,16.0,15.9,2,3.5,Mild Deficit,25-34
Female,Student,Night Owl,102,TikTok / Reels,17,1,0,62,49.7,3.2,24.0,18.4,6,8.0,Moderate Debt,25-34
Male,Remote Tech,Intermediate,41,Instagram / Reddit,47,1,20,69,29.7,7.79,25.8,17.8,2,1.0,Optimal Recovery,35-44
Female,Corporate 9-to-5,Morning Lark,101,YouTube,53,1,111,32,57.1,6.19,20.1,16.4,4,3.7,Moderate Debt,25-34
Male,Student,Intermediate,47,Messaging / Chat,62,0,0,17,33.3,8.29,23.4,22.1,0,1.0,Optimal Recovery,45-54
Female,Remote Tech,Morning Lark,79,Instagram / Reddit,66,1,0,47,43.6,6.97,21.5,20.8,5,3.6,Mild Deficit,45-54
Female,Corporate 9-to-5,Intermediate,29,Streaming (Netflix/Hulu),39,0,77,44,34.1,7.91,22.0,21.5,2,1.1,Optimal Recovery,45-54
Female,Freelance / Creative,Night Owl,53,Streaming (Netflix/Hulu),40,0,104,2,33.0,5.73,15.4,16.4,5,5.7,Moderate Debt,45-54
Male,Remote Tech,Night Owl,49,Instagram / Reddit,54,0,52,66,34.3,4.3,21.8,17.6,4,4.6,Moderate Debt,25-34
Male,Healthcare / Shift Worker,Intermediate,106,Instagram / Reddit,61,1,0,21,60.4,4.19,17.0,20.1,5,8.2,Moderate Debt,25-34
Male,Healthcare / Shift Worker,Intermediate,49,Messaging / Chat,64,1,54,28,35.3,6.42,19.5,18.3,3,3.5,Moderate Debt,35-44
Female,Remote Tech,Morning Lark,49,TikTok / Reels,74,0,0,20,43.2,7.26,24.0,18.2,2,1.6,Mild Deficit,25-34
Female,Remote Tech,Intermediate,166,TikTok / Reels,21,1,78,13,95.6,4.46,19.5,15.8,7,10.0,Severe Sleep Debt,35-44
Male,Remote Tech,Morning Lark,88,News / Reading,74,0,0,0,49.5,7.42,19.3,20.0,2,2.7,Mild Deficit,35-44
Female,Remote Tech,Intermediate,42,Streaming (Netflix/Hulu),71,1,0,39,23.7,7.32,24.0,21.8,1,1.0,Mild Deficit,35-44
Male,Healthcare / Shift Worker,Night Owl,74,Instagram / Reddit,72,0,37,10,63.0,3.74,15.3,20.2,6,9.4,Severe Sleep Debt,25-34
Female,Healthcare / Shift Worker,Night Owl,93,Instagram / Reddit,51,0,111,49,54.7,3.2,18.6,17.4,5,10.0,Severe Sleep Debt,<25
Male,Corporate 9-to-5,Morning Lark,56,Streaming (Netflix/Hulu),60,0,55,35,44.8,7.9,20.0,22.4,3,1.4,Optimal Recovery,25-34
Female,Student,Intermediate,86,YouTube,65,1,0,32,37.6,6.73,17.4,23.8,3,3.2,Moderate Debt,<25
Male,Freelance / Creative,Intermediate,53,News / Reading,51,1,0,29,23.8,7.56,21.2,21.3,1,1.0,Mild Deficit,45-54
Female,Remote Tech,Morning Lark,106,Instagram / Reddit,74,1,0,46,70.8,5.79,19.4,27.0,5,6.7,Moderate Debt,25-34
Female,Healthcare / Shift Worker,Intermediate,11,Streaming (Netflix/Hulu),31,0,104,37,18.8,6.44,21.0,20.3,2,1.8,Moderate Debt,<25
Female,Student,Intermediate,26,YouTube,69,1,0,64,13.4,7.87,25.5,19.3,0,1.0,Optimal Recovery,<25
Female,Remote Tech,Intermediate,39,News / Reading,65,1,37,17,28.8,7.01,21.9,21.2,1,1.0,Mild Deficit,35-44
Female,Remote Tech,Night Owl,85,Streaming (Netflix/Hulu),85,1,0,80,40.2,3.49,26.3,23.3,6,8.6,Severe Sleep Debt,35-44
Male,Student,Intermediate,66,Instagram / Reddit,94,1,0,70,47.0,6.35,21.1,18.5,2,4.2,Moderate Debt,25-34
Male,Remote Tech,Night Owl,30,TikTok / Reels,51,0,0,61,25.0,5.35,26.5,20.3,3,3.3,Moderate Debt,<25
Male,Remote Tech,Morning Lark,57,Instagram / Reddit,86,1,0,30,36.4,8.08,23.1,20.6,2,1.0,Optimal Recovery,25-34
Male,Student,Night Owl,12,TikTok / Reels,61,0,0,55,22.3,5.76,24.0,18.6,3,2.7,Moderate Debt,25-34
Male,Student,Morning Lark,17,Streaming (Netflix/Hulu),62,1,0,47,8.3,9.5,24.4,20.4,0,1.0,Optimal Recovery,35-44
Female,Corporate 9-to-5,Morning Lark,15,Instagram / Reddit,63,1,0,19,29.1,9.62,23.6,20.8,0,1.0,Optimal Recovery,35-44
Female,Corporate 9-to-5,Morning Lark,23,TikTok / Reels,28,1,0,17,33.8,8.77,20.5,17.0,1,1.0,Optimal Recovery,25-34
Female,Corporate 9-to-5,Intermediate,83,YouTube,78,0,207,32,49.4,5.65,12.6,14.4,4,7.4,Moderate Debt,<25
Male,Remote Tech,Intermediate,67,Instagram / Reddit,27,1,0,0,38.7,6.94,19.5,17.0,1,1.2,Mild Deficit,55+
Female,Corporate 9-to-5,Night Owl,43,Streaming (Netflix/Hulu),65,1,0,19,37.8,4.92,22.5,19.3,4,5.6,Moderate Debt,25-34
Female,Remote Tech,Night Owl,85,Instagram / Reddit,10,1,0,26,42.2,4.77,22.9,23.3,3,4.9,Moderate Debt,35-44
Male,Corporate 9-to-5,Intermediate,110,YouTube,51,0,73,43,81.3,5.29,22.0,19.2,5,8.7,Severe Sleep Debt,<25
Female,Remote Tech,Intermediate,23,Streaming (Netflix/Hulu),55,1,58,43,19.9,8.03,19.5,18.0,1,1.0,Optimal Recovery,25-34
Male,Remote Tech,Intermediate,104,Instagram / Reddit,68,1,0,0,60.2,5.97,18.2,19.1,4,6.4,Moderate Debt,<25
Male,Remote Tech,Night Owl,30,News / Reading,84,0,0,68,34.9,5.75,26.0,23.1,3,3.8,Moderate Debt,25-34
Female,Remote Tech,Night Owl,34,YouTube,53,1,0,6,15.3,5.33,19.7,22.8,4,3.7,Moderate Debt,55+
Female,Corporate 9-to-5,Intermediate,147,Instagram / Reddit,30,1,20,0,65.1,5.88,16.2,19.4,4,6.3,Moderate Debt,25-34
Female,Freelance / Creative,Intermediate,59,TikTok / Reels,46,0,0,50,47.1,5.17,25.3,17.7,3,5.1,Moderate Debt,<25
Male,Corporate 9-to-5,Night Owl,38,Streaming (Netflix/Hulu),60,1,0,61,36.2,5.91,27.5,15.6,3,3.6,Moderate Debt,<25
Female,Student,Morning Lark,75,Instagram / Reddit,58,1,0,37,43.1,6.79,22.7,17.9,2,1.3,Mild Deficit,25-34
Male,Freelance / Creative,Morning Lark,91,Instagram / Reddit,20,0,42,46,58.0,8.08,25.2,19.8,2,1.0,Optimal Recovery,<25
Male,Remote Tech,Intermediate,59,TikTok / Reels,45,0,0,51,43.0,7.63,25.6,19.0,2,1.9,Mild Deficit,<25
Female,Healthcare / Shift Worker,Night Owl,38,News / Reading,44,1,101,36,27.0,4.49,19.9,19.1,5,7.6,Moderate Debt,35-44
Female,Corporate 9-to-5,Intermediate,65,News / Reading,51,0,0,43,37.9,5.78,28.0,18.6,4,2.9,Moderate Debt,25-34
Male,Remote Tech,Night Owl,79,TikTok / Reels,67,1,0,25,51.4,3.67,21.2,21.8,6,9.1,Severe Sleep Debt,25-34
Female,Remote Tech,Morning Lark,48,Instagram / Reddit,39,0,119,30,34.9,7.44,19.5,14.5,0,1.5,Mild Deficit,45-54
Male,Corporate 9-to-5,Intermediate,141,Streaming (Netflix/Hulu),76,0,139,51,77.7,3.36,18.3,17.8,6,10.0,Severe Sleep Debt,<25
Female,Remote Tech,Intermediate,63,Instagram / Reddit,70,0,0,62,48.8,6.11,15.8,20.4,4,5.8,Moderate Debt,55+
Male,Remote Tech,Night Owl,88,YouTube,13,0,54,30,44.2,5.48,25.3,21.9,4,5.1,Moderate Debt,25-34
Male,Student,Intermediate,90,Streaming (Netflix/Hulu),47,1,0,16,57.9,6.95,20.3,20.5,4,3.7,Mild Deficit,45-54
Male,Freelance / Creative,Intermediate,17,Streaming (Netflix/Hulu),59,0,0,94,24.7,8.71,23.0,21.6,0,1.0,Optimal Recovery,35-44
Female,Corporate 9-to-5,Morning Lark,76,Instagram / Reddit,85,1,0,41,46.7,6.73,21.4,18.8,3,3.4,Moderate Debt,45-54
Female,Corporate 9-to-5,Intermediate,81,Instagram / Reddit,31,1,54,0,75.4,5.5,16.6,19.0,4,7.6,Moderate Debt,55+
Male,Remote Tech,Night Owl,37,YouTube,21,0,0,23,23.7,6.13,27.5,19.5,3,1.3,Moderate Debt,25-34
Female,Remote Tech,Intermediate,33,Messaging / Chat,59,1,50,0,18.4,7.05,17.9,16.7,1,1.1,Mild Deficit,55+
Female,Student,Night Owl,17,Streaming (Netflix/Hulu),35,0,20,39,36.6,5.33,24.0,21.9,2,3.5,Moderate Debt,25-34
Male,Remote Tech,Night Owl,116,Instagram / Reddit,54,1,0,39,66.6,3.85,22.4,21.5,5,8.0,Moderate Debt,25-34
Female,Corporate 9-to-5,Morning Lark,29,YouTube,40,0,0,36,25.7,8.68,21.8,22.6,1,1.0,Optimal Recovery,25-34
Female,Student,Night Owl,17,Messaging / Chat,73,0,64,26,36.7,5.99,20.7,17.8,3,3.4,Moderate Debt,25-34
Female,Healthcare / Shift Worker,Intermediate,42,YouTube,70,0,58,33,36.2,5.98,20.3,19.4,3,3.8,Moderate Debt,<25
Male,Remote Tech,Morning Lark,25,Streaming (Netflix/Hulu),43,1,26,49,22.2,8.83,21.7,20.7,0,1.0,Optimal Recovery,25-34
Male,Remote Tech,Intermediate,17,Instagram / Reddit,85,1,35,57,26.1,7.62,28.0,21.2,0,1.0,Mild Deficit,25-34
Female,Corporate 9-to-5,Night Owl,180,YouTube,56,0,0,30,77.3,3.2,16.4,20.1,5,10.0,Severe Sleep Debt,35-44
Female,Corporate 9-to-5,Intermediate,24,Instagram / Reddit,62,1,0,42,34.7,7.88,26.2,21.8,2,1.0,Optimal Recovery,45-54
Female,Corporate 9-to-5,Morning Lark,30,Messaging / Chat,42,1,20,51,23.9,8.21,21.0,21.2,0,1.0,Optimal Recovery,25-34
Male,Remote Tech,Night Owl,57,Messaging / Chat,40,1,91,62,44.5,4.85,24.4,21.0,5,6.3,Moderate Debt,25-34
Female,Freelance / Creative,Night Owl,17,TikTok / Reels,86,0,81,23,25.2,5.6,22.9,17.0,2,3.5,Moderate Debt,25-34
Male,Remote Tech,Intermediate,49,YouTube,57,1,0,74,39.3,6.44,23.3,20.1,1,2.6,Moderate Debt,<25
Female,Corporate 9-to-5,Intermediate,77,YouTube,60,0,69,55,49.9,6.51,22.7,16.7,3,2.8,Moderate Debt,<25
Non-Binary,Corporate 9-to-5,Morning Lark,61,YouTube,45,1,66,35,32.4,7.27,21.2,16.3,2,1.1,Mild Deficit,25-34
Female,Remote Tech,Intermediate,70,News / Reading,60,1,55,34,34.6,5.68,17.2,17.6,4,5.8,Moderate Debt,25-34
Male,Student,Intermediate,48,Instagram / Reddit,55,1,0,39,22.4,7.19,19.8,19.0,1,1.0,Mild Deficit,55+
Female,Remote Tech,Intermediate,38,Messaging / Chat,55,1,0,12,23.6,6.82,23.9,18.3,1,1.0,Mild Deficit,25-34
Female,Remote Tech,Morning Lark,70,Instagram / Reddit,88,1,124,18,50.2,7.9,15.6,17.1,2,2.4,Optimal Recovery,25-34
Male,Remote Tech,Night Owl,67,TikTok / Reels,58,1,158,8,53.9,4.57,18.1,13.2,6,8.5,Moderate Debt,35-44
Male,Corporate 9-to-5,Intermediate,23,Instagram / Reddit,32,0,109,47,31.8,8.25,22.1,18.1,1,1.0,Optimal Recovery,<25
Female,Corporate 9-to-5,Intermediate,57,Streaming (Netflix/Hulu),65,0,61,31,45.8,6.25,21.2,22.4,4,5.1,Moderate Debt,25-34
Male,Corporate 9-to-5,Intermediate,50,Streaming (Netflix/Hulu),48,1,0,43,32.2,7.42,23.6,19.9,2,1.0,Mild Deficit,35-44
Male,Corporate 9-to-5,Intermediate,79,TikTok / Reels,35,0,0,55,54.4,5.66,24.1,16.8,4,6.0,Moderate Debt,25-34
Male,Corporate 9-to-5,Morning Lark,65,TikTok / Reels,41,1,65,56,46.6,7.59,26.2,16.8,2,2.3,Mild Deficit,25-34
Female,Corporate 9-to-5,Intermediate,109,Streaming (Netflix/Hulu),77,0,37,0,62.7,5.46,20.9,21.3,5,7.6,Moderate Debt,55+
Male,Student,Intermediate,92,YouTube,34,1,0,29,60.0,5.4,20.3,24.6,4,6.0,Moderate Debt,45-54
Female,Student,Morning Lark,99,News / Reading,35,1,0,5,47.2,7.03,19.0,22.9,2,1.5,Mild Deficit,35-44
Female,Student,Morning Lark,80,Instagram / Reddit,56,0,0,21,46.6,8.09,20.6,20.9,1,1.0,Optimal Recovery,35-44
Male,Healthcare / Shift Worker,Intermediate,96,TikTok / Reels,48,1,0,0,51.4,5.52,18.2,22.4,4,4.4,Moderate Debt,35-44
Female,Corporate 9-to-5,Morning Lark,40,Instagram / Reddit,35,0,0,54,27.0,7.86,22.6,17.8,0,1.0,Optimal Recovery,<25
Female,Healthcare / Shift Worker,Intermediate,90,YouTube,73,0,32,0,54.6,4.24,15.7,17.7,6,9.8,Severe Sleep Debt,25-34
Male,Remote Tech,Intermediate,51,TikTok / Reels,47,1,35,12,45.5,5.99,24.7,19.4,3,3.0,Moderate Debt,<25
Male,Remote Tech,Intermediate,18,TikTok / Reels,29,1,0,15,16.3,7.56,22.3,17.9,3,1.0,Mild Deficit,25-34
Female,Remote Tech,Night Owl,89,YouTube,61,0,116,56,60.2,3.96,21.7,17.8,4,7.7,Moderate Debt,25-34
Female,Corporate 9-to-5,Intermediate,61,TikTok / Reels,71,1,0,37,39.1,6.74,24.5,18.8,2,2.2,Moderate Debt,25-34
Male,Freelance / Creative,Night Owl,121,Streaming (Netflix/Hulu),64,1,0,21,49.6,3.92,18.9,20.8,4,8.4,Moderate Debt,55+
Female,Corporate 9-to-5,Night Owl,56,Streaming (Netflix/Hulu),68,0,71,10,42.9,4.31,16.8,20.2,5,6.8,Moderate Debt,45-54
Male,Corporate 9-to-5,Night Owl,30,YouTube,68,1,0,43,38.7,5.09,24.7,21.4,4,4.8,Moderate Debt,35-44
Male,Corporate 9-to-5,Morning Lark,35,Streaming (Netflix/Hulu),50,0,0,0,24.1,8.43,25.3,21.8,1,1.0,Optimal Recovery,25-34
Female,Corporate 9-to-5,Night Owl,45,Messaging / Chat,46,0,85,16,31.0,4.59,22.1,16.2,3,4.2,Moderate Debt,45-54
Male,Corporate 9-to-5,Night Owl,62,Instagram / Reddit,42,0,0,74,41.0,4.51,22.3,20.0,3,5.7,Moderate Debt,<25
Male,Corporate 9-to-5,Intermediate,97,Streaming (Netflix/Hulu),55,1,92,57,56.1,6.14,22.8,18.0,5,3.8,Moderate Debt,35-44
Female,Corporate 9-to-5,Intermediate,62,TikTok / Reels,22,0,35,3,38.6,6.37,21.0,16.9,5,4.7,Moderate Debt,<25
Male,Healthcare / Shift Worker,Night Owl,23,TikTok / Reels,32,1,0,63,29.4,3.69,26.8,21.1,3,5.8,Moderate Debt,35-44
Male,Corporate 9-to-5,Intermediate,63,TikTok / Reels,82,0,0,35,47.7,7.26,20.5,15.3,2,3.7,Mild Deficit,25-34
Male,Corporate 9-to-5,Intermediate,107,Streaming (Netflix/Hulu),73,0,0,52,55.6,5.84,23.5,18.3,3,4.7,Moderate Debt,45-54
Male,Student,Night Owl,57,Streaming (Netflix/Hulu),58,1,0,44,39.4,5.18,20.9,18.8,3,5.1,Moderate Debt,55+
Female,Freelance / Creative,Intermediate,69,Messaging / Chat,86,0,41,31,40.3,5.64,21.5,18.7,3,4.6,Moderate Debt,<25
Female,Corporate 9-to-5,Morning Lark,49,Streaming (Netflix/Hulu),63,1,0,39,34.4,8.2,24.6,20.1,1,1.0,Optimal Recovery,25-34
Female,Corporate 9-to-5,Intermediate,49,Instagram / Reddit,56,1,57,62,29.8,8.5,23.1,14.7,0,1.0,Optimal Recovery,55+
Female,Freelance / Creative,Intermediate,99,Messaging / Chat,28,1,0,71,44.1,5.46,26.3,19.4,3,3.8,Moderate Debt,25-34
Female,Corporate 9-to-5,Night Owl,85,TikTok / Reels,49,1,0,41,48.4,4.09,24.1,19.5,5,7.1,Moderate Debt,45-54
Male,Remote Tech,Intermediate,180,Messaging / Chat,75,1,81,17,85.8,3.58,15.9,17.5,6,10.0,Severe Sleep Debt,35-44
Male,Corporate 9-to-5,Night Owl,38,TikTok / Reels,66,0,36,34,62.5,5.74,20.5,14.9,4,6.5,Moderate Debt,25-34
Male,Freelance / Creative,Intermediate,33,TikTok / Reels,94,1,0,82,22.7,8.41,21.4,21.5,0,1.0,Optimal Recovery,25-34
Male,Freelance / Creative,Intermediate,18,TikTok / Reels,55,0,0,51,14.5,7.46,24.3,14.9,1,1.0,Mild Deficit,<25
Male,Healthcare / Shift Worker,Morning Lark,45,News / Reading,10,0,0,52,24.5,5.88,19.8,20.2,2,2.3,Moderate Debt,35-44
Female,Corporate 9-to-5,Intermediate,51,Instagram / Reddit,63,1,0,41,25.0,6.87,25.8,20.5,1,1.4,Mild Deficit,25-34
Male,Remote Tech,Night Owl,32,TikTok / Reels,10,0,0,53,26.4,4.65,24.9,18.9,4,4.9,Moderate Debt,25-34
Female,Corporate 9-to-5,Morning Lark,70,YouTube,45,0,0,28,41.4,7.89,20.4,21.1,1,1.0,Optimal Recovery,25-34
Male,Healthcare / Shift Worker,Night Owl,86,YouTube,73,0,0,43,54.0,3.2,24.6,20.5,5,9.1,Severe Sleep Debt,35-44
Male,Freelance / Creative,Intermediate,68,TikTok / Reels,89,0,48,15,62.6,5.88,20.0,14.9,5,6.8,Moderate Debt,45-54
Female,Remote Tech,Morning Lark,25,TikTok / Reels,34,0,0,7,17.4,8.72,21.2,15.7,1,1.0,Optimal Recovery,55+
Male,Student,Morning Lark,33,Instagram / Reddit,63,1,0,14,34.4,8.42,23.7,16.0,2,1.0,Optimal Recovery,25-34
Male,Corporate 9-to-5,Night Owl,55,Messaging / Chat,87,0,119,63,44.3,4.75,21.7,20.1,4,6.8,Moderate Debt,45-54
Female,Remote Tech,Intermediate,103,News / Reading,57,0,87,7,49.3,5.73,21.2,19.8,2,4.5,Moderate Debt,35-44
Male,Student,Intermediate,48,TikTok / Reels,43,1,127,80,45.7,7.06,21.6,16.2,4,3.2,Mild Deficit,35-44
Female,Remote Tech,Intermediate,10,Messaging / Chat,92,0,25,55,17.0,7.8,25.5,20.7,2,1.0,Optimal Recovery,55+
Female,Remote Tech,Intermediate,45,TikTok / Reels,75,0,99,57,35.9,5.84,24.0,19.0,4,4.7,Moderate Debt,<25
Male,Corporate 9-to-5,Intermediate,53,TikTok / Reels,56,1,0,6,39.6,5.91,26.6,19.0,3,3.4,Moderate Debt,<25
Male,Healthcare / Shift Worker,Intermediate,129,TikTok / Reels,24,1,0,24,72.2,3.2,24.4,17.4,7,10.0,Severe Sleep Debt,45-54
Male,Healthcare / Shift Worker,Night Owl,10,News / Reading,48,1,0,42,16.5,5.45,23.9,21.1,2,2.4,Moderate Debt,25-34
Male,Freelance / Creative,Intermediate,86,News / Reading,40,0,40,36,40.6,4.8,19.1,17.8,3,5.2,Moderate Debt,45-54
Female,Student,Morning Lark,18,Messaging / Chat,21,1,0,65,17.5,8.31,23.3,19.9,0,1.0,Optimal Recovery,45-54
Male,Remote Tech,Intermediate,39,TikTok / Reels,82,1,0,26,34.2,6.21,20.1,19.7,3,3.4,Moderate Debt,<25
Male,Corporate 9-to-5,Intermediate,67,Messaging / Chat,66,1,0,56,62.2,6.05,24.2,21.8,4,3.8,Moderate Debt,45-54
Male,Freelance / Creative,Intermediate,93,Streaming (Netflix/Hulu),41,0,54,58,48.4,5.83,19.9,21.3,3,4.7,Moderate Debt,25-34
Female,Remote Tech,Night Owl,33,TikTok / Reels,43,0,0,40,35.5,5.15,23.9,22.2,4,4.2,Moderate Debt,25-34
Male,Student,Night Owl,40,YouTube,46,0,0,34,28.5,6.14,24.3,17.7,2,2.2,Moderate Debt,35-44
Male,Student,Intermediate,47,Streaming (Netflix/Hulu),35,1,0,2,26.0,6.81,23.2,20.8,3,1.6,Mild Deficit,55+
Male,Healthcare / Shift Worker,Intermediate,32,Streaming (Netflix/Hulu),100,0,241,41,39.1,4.88,17.9,14.7,6,7.2,Moderate Debt,<25
Male,Corporate 9-to-5,Night Owl,121,Messaging / Chat,41,0,0,55,50.5,4.45,24.4,19.0,4,7.4,Moderate Debt,25-34
Female,Corporate 9-to-5,Night Owl,61,Instagram / Reddit,49,0,0,20,46.0,5.14,20.9,19.4,3,4.7,Moderate Debt,35-44
Male,Student,Intermediate,82,Instagram / Reddit,41,0,91,8,59.4,7.13,17.6,17.6,3,3.3,Mild Deficit,35-44
Male,Healthcare / Shift Worker,Intermediate,48,Streaming (Netflix/Hulu),19,1,149,22,31.8,5.6,20.3,19.9,3,4.1,Moderate Debt,35-44
Female,Student,Night Owl,10,Instagram / Reddit,30,1,179,30,23.9,6.32,18.3,18.4,1,2.6,Moderate Debt,<25
Male,Remote Tech,Intermediate,48,TikTok / Reels,76,1,235,48,60.5,6.31,19.0,10.3,2,5.1,Moderate Debt,25-34
Female,Remote Tech,Intermediate,98,Instagram / Reddit,48,1,24,38,47.3,4.93,19.5,18.0,5,6.7,Moderate Debt,25-34
Female,Student,Night Owl,53,YouTube,63,1,0,17,25.7,6.24,23.9,20.8,3,2.8,Moderate Debt,45-54
Male,Student,Night Owl,74,YouTube,64,0,0,0,48.6,4.78,20.8,21.0,4,7.0,Moderate Debt,25-34
Female,Student,Morning Lark,42,TikTok / Reels,64,1,0,66,31.6,8.51,25.0,17.0,1,1.0,Optimal Recovery,<25
Female,Corporate 9-to-5,Intermediate,34,Streaming (Netflix/Hulu),41,0,107,3,26.4,8.09,19.1,15.6,2,1.0,Optimal Recovery,55+
Male,Freelance / Creative,Intermediate,60,TikTok / Reels,89,1,45,29,57.7,5.63,16.6,18.1,5,6.5,Moderate Debt,<25
Female,Remote Tech,Night Owl,30,News / Reading,73,1,183,32,29.2,6.69,24.1,15.5,1,2.7,Moderate Debt,55+
Female,Healthcare / Shift Worker,Night Owl,16,Streaming (Netflix/Hulu),65,0,0,0,27.2,4.27,23.4,20.7,3,4.6,Moderate Debt,35-44
Female,Corporate 9-to-5,Night Owl,42,News / Reading,60,1,0,1,23.6,6.13,26.1,22.1,2,2.2,Moderate Debt,45-54
Female,Corporate 9-to-5,Intermediate,138,TikTok / Reels,27,0,30,0,98.7,5.17,22.6,19.5,5,8.4,Moderate Debt,25-34
Male,Healthcare / Shift Worker,Morning Lark,72,Instagram / Reddit,72,0,56,54,53.0,5.94,24.3,19.2,3,5.0,Moderate Debt,<25
Male,Corporate 9-to-5,Intermediate,37,News / Reading,52,1,0,28,15.0,6.88,20.2,20.9,1,1.0,Mild Deficit,35-44
Male,Remote Tech,Intermediate,74,YouTube,39,1,0,31,39.7,7.48,24.0,19.3,2,1.7,Mild Deficit,45-54
Male,Remote Tech,Intermediate,107,TikTok / Reels,35,0,0,35,73.1,5.43,24.1,21.5,5,8.0,Moderate Debt,35-44
Female,Student,Intermediate,32,Instagram / Reddit,75,1,0,0,21.1,8.19,23.7,19.0,1,1.0,Optimal Recovery,<25
Male,Corporate 9-to-5,Intermediate,74,YouTube,27,0,0,0,52.5,6.13,22.5,16.1,5,4.6,Moderate Debt,35-44
Male,Corporate 9-to-5,Night Owl,41,YouTube,47,0,77,40,44.1,6.03,21.6,19.0,3,4.9,Moderate Debt,35-44
Male,Freelance / Creative,Morning Lark,114,News / Reading,58,1,29,28,48.0,7.49,22.7,20.4,3,2.1,Mild Deficit,35-44
Male,Remote Tech,Night Owl,37,Streaming (Netflix/Hulu),52,1,139,0,37.5,4.66,19.4,16.7,1,5.0,Moderate Debt,35-44
Male,Corporate 9-to-5,Intermediate,40,Instagram / Reddit,63,0,0,38,32.7,7.06,21.9,20.3,2,1.6,Mild Deficit,45-54
Male,Corporate 9-to-5,Night Owl,69,TikTok / Reels,78,0,0,40,63.7,5.74,24.3,20.1,5,6.2,Moderate Debt,35-44
Female,Freelance / Creative,Intermediate,29,TikTok / Reels,67,0,222,49,43.6,6.09,21.9,16.0,2,3.7,Moderate Debt,<25
Male,Corporate 9-to-5,Morning Lark,27,YouTube,56,0,0,44,18.0,8.47,21.1,21.6,1,1.0,Optimal Recovery,25-34
Female,Student,Intermediate,111,YouTube,46,0,0,43,65.1,6.17,20.0,22.5,4,4.7,Moderate Debt,<25
Female,Remote Tech,Morning Lark,98,YouTube,26,1,121,31,56.2,6.13,17.9,17.7,2,4.7,Moderate Debt,25-34
Female,Healthcare / Shift Worker,Morning Lark,83,TikTok / Reels,54,0,0,55,60.5,4.81,18.2,18.6,5,7.6,Moderate Debt,25-34
Female,Student,Night Owl,34,Messaging / Chat,48,0,58,50,29.4,5.47,25.7,18.6,3,3.5,Moderate Debt,<25
Female,Remote Tech,Morning Lark,164,YouTube,66,1,20,26,93.5,6.17,27.7,19.4,4,6.0,Moderate Debt,25-34
Female,Corporate 9-to-5,Intermediate,54,TikTok / Reels,52,0,51,0,53.1,5.86,21.6,19.9,4,5.7,Moderate Debt,<25
Male,Healthcare / Shift Worker,Morning Lark,59,Streaming (Netflix/Hulu),76,0,56,20,42.4,5.19,18.8,21.9,4,5.3,Moderate Debt,45-54
Male,Remote Tech,Intermediate,133,TikTok / Reels,46,0,0,9,74.2,5.06,17.8,20.4,5,8.2,Moderate Debt,55+
Non-Binary,Freelance / Creative,Night Owl,51,Instagram / Reddit,44,0,0,95,33.9,4.66,23.1,20.3,4,5.0,Moderate Debt,<25
Female,Remote Tech,Intermediate,31,Streaming (Netflix/Hulu),63,1,0,10,18.9,7.84,25.2,22.9,0,1.0,Optimal Recovery,55+
Male,Student,Intermediate,79,News / Reading,57,1,0,55,38.7,6.58,20.6,23.6,2,2.5,Moderate Debt,25-34
Male,Corporate 9-to-5,Night Owl,59,TikTok / Reels,63,0,0,0,51.6,4.62,21.7,20.7,5,6.5,Moderate Debt,25-34
Female,Student,Morning Lark,85,TikTok / Reels,52,0,0,0,52.0,6.44,19.8,18.2,2,3.5,Moderate Debt,<25
Male,Corporate 9-to-5,Night Owl,120,TikTok / Reels,56,1,28,58,72.7,3.21,23.7,16.4,6,10.0,Severe Sleep Debt,25-34
Male,Remote Tech,Intermediate,124,TikTok / Reels,49,1,46,21,88.9,4.95,22.3,14.2,5,7.6,Moderate Debt,35-44
Female,Corporate 9-to-5,Morning Lark,36,Messaging / Chat,58,0,0,86,25.2,7.95,25.3,19.2,2,1.0,Optimal Recovery,35-44
Male,Corporate 9-to-5,Intermediate,42,Instagram / Reddit,80,1,0,69,35.0,6.72,21.9,21.8,2,1.8,Moderate Debt,<25
Male,Corporate 9-to-5,Morning Lark,8,News / Reading,45,1,0,25,25.3,7.93,26.9,24.1,0,1.0,Optimal Recovery,<25
Female,Corporate 9-to-5,Night Owl,31,TikTok / Reels,43,0,104,2,36.1,5.21,22.0,15.0,3,5.1,Moderate Debt,25-34
Female,Healthcare / Shift Worker,Morning Lark,50,Streaming (Netflix/Hulu),61,1,0,50,25.2,5.96,22.7,22.8,3,3.8,Moderate Debt,25-34
Female,Remote Tech,Morning Lark,113,TikTok / Reels,51,1,98,29,76.6,6.11,19.2,15.8,4,4.5,Moderate Debt,25-34
Female,Student,Intermediate,49,Messaging / Chat,83,0,0,59,33.6,5.57,23.7,20.4,3,4.4,Moderate Debt,25-34
Female,Corporate 9-to-5,Intermediate,93,TikTok / Reels,69,1,0,71,57.6,6.15,27.0,17.2,3,4.1,Moderate Debt,45-54
Male,Remote Tech,Night Owl,35,Messaging / Chat,72,1,0,22,19.2,6.36,27.3,23.2,2,1.0,Moderate Debt,55+
Female,Remote Tech,Intermediate,24,TikTok / Reels,74,1,0,46,23.2,7.57,22.7,22.0,1,1.0,Mild Deficit,25-34
Male,Freelance / Creative,Night Owl,53,YouTube,42,0,0,20,34.5,3.79,15.6,16.9,5,8.1,Moderate Debt,45-54
Female,Healthcare / Shift Worker,Night Owl,64,Instagram / Reddit,57,1,101,58,51.4,3.2,21.2,16.7,6,9.7,Severe Sleep Debt,25-34
Female,Remote Tech,Intermediate,31,Messaging / Chat,69,1,0,13,21.3,7.63,22.7,21.8,2,1.0,Mild Deficit,25-34
Female,Student,Night Owl,21,Instagram / Reddit,55,0,0,54,28.8,5.72,28.0,18.4,3,3.5,Moderate Debt,25-34
Male,Corporate 9-to-5,Intermediate,38,YouTube,37,0,20,42,24.8,7.05,24.3,19.3,3,1.7,Mild Deficit,35-44
Female,Remote Tech,Morning Lark,78,YouTube,74,1,0,3,39.1,7.79,18.3,17.4,1,1.2,Optimal Recovery,55+
Female,Corporate 9-to-5,Intermediate,53,YouTube,52,0,20,5,34.4,7.6,23.8,18.6,1,1.0,Mild Deficit,35-44
Female,Corporate 9-to-5,Morning Lark,27,Streaming (Netflix/Hulu),61,0,27,31,32.1,8.28,20.7,19.3,0,1.0,Optimal Recovery,25-34
Male,Corporate 9-to-5,Night Owl,30,TikTok / Reels,67,1,28,21,33.5,5.33,21.9,16.7,4,4.3,Moderate Debt,35-44
Non-Binary,Student,Morning Lark,84,Messaging / Chat,85,1,0,0,41.2,7.36,21.0,21.3,2,1.6,Mild Deficit,<25
Female,Remote Tech,Intermediate,47,Streaming (Netflix/Hulu),59,1,102,0,42.3,7.38,19.7,19.3,1,2.8,Mild Deficit,45-54
Female,Student,Intermediate,17,Streaming (Netflix/Hulu),15,0,0,6,19.1,7.9,26.3,18.6,2,1.0,Optimal Recovery,25-34
Male,Remote Tech,Intermediate,105,Messaging / Chat,59,1,0,48,58.0,5.47,22.7,18.4,5,6.2,Moderate Debt,25-34
Male,Corporate 9-to-5,Morning Lark,18,Streaming (Netflix/Hulu),61,0,86,32,32.8,7.45,22.3,15.9,1,1.0,Mild Deficit,35-44
Female,Student,Night Owl,96,YouTube,22,0,0,13,49.5,5.11,16.8,19.9,3,6.6,Moderate Debt,35-44
Male,Healthcare / Shift Worker,Morning Lark,36,TikTok / Reels,84,1,0,23,39.9,6.37,20.0,14.1,2,3.0,Moderate Debt,<25
Male,Freelance / Creative,Night Owl,26,TikTok / Reels,10,1,0,55,11.7,5.83,23.3,19.3,3,2.4,Moderate Debt,35-44
Female,Remote Tech,Night Owl,58,YouTube,67,1,20,67,35.5,6.6,20.8,23.2,3,3.2,Moderate Debt,25-34
Male,Student,Intermediate,45,TikTok / Reels,24,1,216,2,46.8,6.32,15.7,10.0,3,5.5,Moderate Debt,35-44
Male,Student,Morning Lark,37,Streaming (Netflix/Hulu),76,0,20,20,32.4,7.25,21.5,19.1,1,2.0,Mild Deficit,45-54
Male,Corporate 9-to-5,Morning Lark,60,TikTok / Reels,66,1,78,44,45.8,6.77,16.6,16.0,2,3.0,Mild Deficit,45-54
Female,Corporate 9-to-5,Night Owl,20,Messaging / Chat,84,0,66,27,42.0,6.33,20.2,20.2,2,1.7,Moderate Debt,25-34
Female,Corporate 9-to-5,Morning Lark,56,Streaming (Netflix/Hulu),65,0,0,61,51.0,7.45,23.7,18.0,3,1.7,Mild Deficit,25-34
Female,Corporate 9-to-5,Morning Lark,58,Streaming (Netflix/Hulu),62,0,30,10,29.1,7.27,21.2,22.0,3,2.0,Mild Deficit,<25
Female,Remote Tech,Intermediate,35,TikTok / Reels,48,0,0,24,41.3,6.6,25.0,20.1,4,3.7,Moderate Debt,35-44
Male,Freelance / Creative,Intermediate,3,Instagram / Reddit,20,0,79,39,14.4,7.13,25.5,16.3,2,1.0,Mild Deficit,25-34
Male,Remote Tech,Morning Lark,46,Messaging / Chat,99,0,0,34,26.2,7.53,18.8,20.8,0,1.0,Mild Deficit,25-34
Male,Student,Intermediate,45,TikTok / Reels,45,1,0,26,31.2,7.71,25.2,18.9,2,1.0,Mild Deficit,25-34
Non-Binary,Student,Intermediate,42,News / Reading,62,1,0,40,22.5,6.99,21.9,20.5,1,1.0,Mild Deficit,<25
Female,Corporate 9-to-5,Morning Lark,13,YouTube,39,1,0,49,25.3,9.23,28.0,19.8,1,1.0,Optimal Recovery,35-44
Male,Corporate 9-to-5,Intermediate,56,TikTok / Reels,34,0,78,22,41.8,5.97,18.4,19.2,3,4.8,Moderate Debt,<25
Male,Remote Tech,Intermediate,90,Instagram / Reddit,56,0,0,32,53.2,6.53,26.6,25.6,4,4.2,Moderate Debt,35-44
Female,Student,Night Owl,43,TikTok / Reels,63,1,0,7,32.5,4.94,20.2,17.0,4,6.1,Moderate Debt,25-34
Male,Freelance / Creative,Morning Lark,20,Streaming (Netflix/Hulu),90,0,108,14,21.7,8.7,22.6,17.7,0,1.0,Optimal Recovery,<25
Female,Remote Tech,Intermediate,68,YouTube,75,0,0,15,44.0,6.26,19.2,16.0,3,4.3,Moderate Debt,25-34
Male,Healthcare / Shift Worker,Intermediate,121,YouTube,61,0,218,35,73.1,3.79,17.0,19.2,7,10.0,Severe Sleep Debt,<25
Male,Remote Tech,Intermediate,27,Instagram / Reddit,54,1,20,32,32.2,7.6,22.7,16.5,1,1.0,Mild Deficit,25-34
Female,Student,Morning Lark,27,Messaging / Chat,62,1,0,59,19.7,9.15,27.2,17.4,1,1.0,Optimal Recovery,35-44
Male,Remote Tech,Morning Lark,107,TikTok / Reels,50,0,0,15,70.9,6.9,17.2,24.2,2,4.1,Mild Deficit,<25
Male,Corporate 9-to-5,Night Owl,46,Streaming (Netflix/Hulu),60,1,116,21,31.1,5.74,14.8,17.4,3,4.5,Moderate Debt,45-54
Female,Corporate 9-to-5,Intermediate,12,TikTok / Reels,39,1,0,20,13.0,8.23,20.3,14.9,0,1.0,Optimal Recovery,<25
Female,Corporate 9-to-5,Intermediate,144,Instagram / Reddit,44,1,0,96,79.8,3.8,27.0,14.9,7,8.5,Moderate Debt,25-34
Female,Remote Tech,Night Owl,6,News / Reading,54,0,0,56,21.5,5.41,26.6,25.3,3,2.2,Moderate Debt,35-44
Male,Student,Intermediate,10,TikTok / Reels,61,1,0,15,32.9,7.07,27.4,21.8,1,1.0,Mild Deficit,25-34
Male,Corporate 9-to-5,Intermediate,22,TikTok / Reels,53,0,0,14,18.5,7.58,24.5,17.6,0,1.0,Mild Deficit,<25
Male,Student,Intermediate,80,YouTube,59,1,0,6,39.3,5.39,18.1,22.5,4,5.6,Moderate Debt,25-34
Male,Corporate 9-to-5,Night Owl,84,TikTok / Reels,37,0,31,49,54.3,5.24,23.8,19.5,4,6.0,Moderate Debt,25-34
Male,Healthcare / Shift Worker,Intermediate,18,YouTube,31,0,0,73,19.9,6.08,24.4,17.5,3,2.4,Moderate Debt,45-54
Female,Healthcare / Shift Worker,Intermediate,28,TikTok / Reels,54,1,0,44,29.1,5.61,23.5,17.3,1,2.1,Moderate Debt,25-34
Male,Student,Intermediate,63,Instagram / Reddit,21,1,28,30,42.0,6.56,23.2,20.8,3,3.5,Moderate Debt,35-44
Female,Remote Tech,Night Owl,120,YouTube,72,0,38,14,68.9,3.2,25.0,19.5,6,10.0,Severe Sleep Debt,45-54
Female,Corporate 9-to-5,Night Owl,5,Instagram / Reddit,28,0,0,59,14.1,6.32,24.7,21.8,2,2.3,Moderate Debt,25-34
Male,Healthcare / Shift Worker,Intermediate,11,Instagram / Reddit,47,0,24,26,22.6,6.21,21.2,20.7,1,2.6,Moderate Debt,45-54
Female,Corporate 9-to-5,Intermediate,35,Instagram / Reddit,65,0,0,53,30.2,7.25,23.1,19.0,2,1.0,Mild Deficit,25-34
Male,Corporate 9-to-5,Intermediate,15,News / Reading,73,0,86,72,30.0,7.8,21.6,15.2,0,1.0,Optimal Recovery,55+
Male,Corporate 9-to-5,Morning Lark,103,YouTube,68,1,0,13,43.4,6.22,24.7,22.5,3,3.9,Moderate Debt,<25
Female,Student,Night Owl,49,YouTube,65,0,0,64,25.4,5.75,24.6,20.6,3,3.9,Moderate Debt,35-44
Female,Student,Morning Lark,97,YouTube,100,1,0,38,62.3,6.97,21.8,26.5,3,4.0,Mild Deficit,25-34
Male,Student,Intermediate,63,Instagram / Reddit,34,1,0,43,60.6,5.46,28.0,17.6,5,4.9,Moderate Debt,25-34
Male,Remote Tech,Intermediate,78,News / Reading,61,1,139,56,51.0,5.59,21.5,20.6,4,6.8,Moderate Debt,35-44
Female,Corporate 9-to-5,Intermediate,31,Streaming (Netflix/Hulu),68,0,0,0,26.0,7.21,19.1,26.8,2,1.0,Mild Deficit,35-44
Female,Freelance / Creative,Intermediate,9,TikTok / Reels,62,0,78,50,21.5,8.25,24.6,13.7,0,1.0,Optimal Recovery,<25
Male,Remote Tech,Night Owl,44,Streaming (Netflix/Hulu),46,1,36,40,25.0,5.72,24.9,19.3,1,2.0,Moderate Debt,<25
Male,Remote Tech,Intermediate,90,Streaming (Netflix/Hulu),66,0,0,53,48.4,5.38,21.5,22.1,4,6.3,Moderate Debt,35-44
Female,Remote Tech,Morning Lark,142,TikTok / Reels,65,0,20,39,105.6,5.96,17.7,20.5,6,8.9,Moderate Debt,35-44
Female,Corporate 9-to-5,Intermediate,42,Streaming (Netflix/Hulu),80,0,0,24,31.9,7.52,26.0,21.8,1,1.0,Mild Deficit,55+
Male,Corporate 9-to-5,Morning Lark,80,YouTube,64,1,0,25,44.0,6.53,20.3,17.7,2,2.3,Moderate Debt,35-44
Male,Remote Tech,Morning Lark,31,Instagram / Reddit,17,1,82,27,24.7,8.11,20.5,16.4,2,1.7,Optimal Recovery,55+
Non-Binary,Corporate 9-to-5,Morning Lark,38,YouTube,71,1,0,48,20.7,9.44,23.3,20.0,0,1.0,Optimal Recovery,35-44
Male,Corporate 9-to-5,Morning Lark,48,TikTok / Reels,47,0,100,70,47.2,7.11,22.3,13.7,3,3.1,Mild Deficit,25-34
Male,Healthcare / Shift Worker,Intermediate,126,Instagram / Reddit,51,1,132,1,80.0,4.44,15.8,14.4,6,9.7,Severe Sleep Debt,<25
Female,Remote Tech,Intermediate,79,Messaging / Chat,32,1,20,14,44.0,5.96,19.4,17.7,2,4.5,Moderate Debt,35-44
Male,Remote Tech,Morning Lark,72,YouTube,58,1,0,22,49.6,6.64,26.2,19.3,4,3.6,Moderate Debt,35-44
Female,Student,Night Owl,122,TikTok / Reels,94,1,0,0,72.6,3.2,17.8,16.8,6,9.9,Severe Sleep Debt,<25
Male,Freelance / Creative,Morning Lark,28,YouTube,76,0,0,9,31.1,8.57,18.8,21.3,0,1.0,Optimal Recovery,25-34
Female,Corporate 9-to-5,Night Owl,42,Messaging / Chat,31,0,0,20,36.3,6.33,19.3,22.5,3,3.8,Moderate Debt,55+
Female,Healthcare / Shift Worker,Intermediate,72,TikTok / Reels,51,0,0,39,38.7,5.48,22.7,21.0,3,5.4,Moderate Debt,25-34
Male,Remote Tech,Morning Lark,34,Messaging / Chat,75,1,113,41,36.9,8.47,17.6,14.8,0,1.0,Optimal Recovery,25-34
Male,Corporate 9-to-5,Night Owl,41,News / Reading,51,1,0,17,18.2,5.97,20.1,18.3,1,1.7,Moderate Debt,25-34
Female,Corporate 9-to-5,Intermediate,59,YouTube,14,0,0,79,33.5,6.95,24.7,20.8,2,2.4,Mild Deficit,<25
Male,Remote Tech,Intermediate,49,TikTok / Reels,44,0,91,25,52.2,6.82,25.4,15.7,2,3.2,Mild Deficit,25-34
Female,Student,Intermediate,22,TikTok / Reels,83,0,0,44,26.0,8.12,22.2,15.3,1,1.0,Optimal Recovery,25-34
Female,Corporate 9-to-5,Night Owl,30,TikTok / Reels,85,0,0,39,31.9,5.18,27.1,19.5,4,4.2,Moderate Debt,<25
Male,Remote Tech,Intermediate,22,YouTube,51,0,35,45,27.7,8.11,22.5,16.2,0,1.0,Optimal Recovery,35-44
Female,Student,Morning Lark,80,Messaging / Chat,50,0,0,57,40.4,6.91,17.7,17.4,3,3.7,Mild Deficit,25-34
Male,Remote Tech,Morning Lark,30,TikTok / Reels,10,0,0,33,25.4,8.42,28.0,15.7,0,1.0,Optimal Recovery,45-54
Female,Healthcare / Shift Worker,Night Owl,72,YouTube,53,0,137,54,48.7,3.79,19.0,18.1,5,8.2,Moderate Debt,45-54
Male,Healthcare / Shift Worker,Morning Lark,56,YouTube,44,0,245,52,46.9,5.29,15.2,11.0,3,7.4,Moderate Debt,<25
Male,Remote Tech,Morning Lark,50,Messaging / Chat,17,1,0,49,20.8,8.23,21.0,15.8,1,1.0,Optimal Recovery,35-44
Female,Freelance / Creative,Intermediate,19,YouTube,36,1,0,40,18.3,6.66,23.2,20.4,2,1.5,Moderate Debt,25-34
Female,Corporate 9-to-5,Night Owl,56,Streaming (Netflix/Hulu),29,0,0,11,30.3,6.91,22.1,21.8,2,1.3,Mild Deficit,45-54
Male,Corporate 9-to-5,Intermediate,67,YouTube,56,1,90,15,36.7,5.8,18.9,18.9,2,4.5,Moderate Debt,<25
Male,Remote Tech,Intermediate,81,Streaming (Netflix/Hulu),86,0,0,0,45.5,6.53,19.3,16.6,3,4.0,Moderate Debt,35-44
Female,Student,Night Owl,22,Messaging / Chat,52,1,0,58,24.0,7.29,20.8,21.6,1,1.0,Mild Deficit,35-44
Male,Student,Morning Lark,43,TikTok / Reels,60,1,0,36,30.2,7.76,24.1,18.1,2,1.0,Optimal Recovery,25-34
Female,Remote Tech,Intermediate,94,YouTube,100,0,0,59,46.6,6.45,16.4,14.9,4,3.7,Moderate Debt,<25
Female,Corporate 9-to-5,Night Owl,88,Streaming (Netflix/Hulu),17,0,0,7,36.8,4.64,23.6,19.4,4,5.5,Moderate Debt,35-44
Female,Corporate 9-to-5,Night Owl,48,Messaging / Chat,59,0,0,35,30.0,5.59,21.1,20.7,4,4.4,Moderate Debt,35-44
Female,Healthcare / Shift Worker,Morning Lark,19,TikTok / Reels,78,1,63,21,32.8,7.39,22.9,20.2,2,1.0,Mild Deficit,25-34
Male,Healthcare / Shift Worker,Intermediate,83,YouTube,61,0,0,16,51.8,3.65,22.5,19.6,6,7.6,Moderate Debt,35-44
Male,Student,Morning Lark,51,TikTok / Reels,22,0,51,16,31.4,7.9,25.0,19.3,1,1.0,Optimal Recovery,25-34
Male,Student,Night Owl,26,Messaging / Chat,94,1,0,97,24.7,5.66,27.1,21.6,2,2.4,Moderate Debt,35-44
Male,Remote Tech,Night Owl,44,Streaming (Netflix/Hulu),72,1,0,54,27.6,5.49,20.3,19.4,3,3.4,Moderate Debt,<25
Male,Corporate 9-to-5,Morning Lark,19,Instagram / Reddit,60,0,250,21,39.0,7.95,18.2,10.8,1,1.7,Optimal Recovery,45-54
Male,Remote Tech,Intermediate,83,TikTok / Reels,27,0,0,10,59.5,6.79,20.7,18.5,3,4.1,Mild Deficit,25-34
Male,Student,Night Owl,12,TikTok / Reels,100,1,250,23,45.4,6.36,18.1,15.8,1,3.6,Moderate Debt,25-34
Non-Binary,Remote Tech,Morning Lark,98,Instagram / Reddit,67,1,51,71,50.3,6.05,22.2,20.8,3,4.6,Moderate Debt,<25
Male,Corporate 9-to-5,Morning Lark,61,News / Reading,64,0,20,20,31.9,7.13,18.6,22.8,2,3.8,Mild Deficit,<25
Female,Freelance / Creative,Morning Lark,20,Messaging / Chat,67,0,0,9,22.8,8.4,24.4,19.5,1,1.0,Optimal Recovery,25-34
Male,Healthcare / Shift Worker,Intermediate,41,Instagram / Reddit,74,0,0,10,37.1,6.01,23.5,18.5,1,2.9,Moderate Debt,25-34
Male,Corporate 9-to-5,Night Owl,38,Instagram / Reddit,57,0,93,58,43.3,5.0,21.3,19.1,5,7.2,Moderate Debt,45-54
Male,Student,Night Owl,27,News / Reading,53,1,0,14,20.7,5.09,23.6,22.4,4,4.4,Moderate Debt,<25
Male,Freelance / Creative,Morning Lark,57,Streaming (Netflix/Hulu),10,1,0,63,18.6,7.56,25.9,14.4,1,1.0,Mild Deficit,25-34
Male,Corporate 9-to-5,Morning Lark,123,TikTok / Reels,39,0,0,38,71.6,5.18,20.5,17.9,5,8.1,Moderate Debt,25-34
Non-Binary,Remote Tech,Intermediate,29,Instagram / Reddit,95,1,24,54,15.6,7.59,21.0,19.7,1,1.0,Mild Deficit,<25
Female,Remote Tech,Night Owl,53,YouTube,38,1,0,65,29.8,5.31,27.7,21.3,3,3.8,Moderate Debt,<25
Male,Remote Tech,Intermediate,51,Streaming (Netflix/Hulu),49,1,39,21,28.3,7.71,25.9,17.2,1,1.0,Mild Deficit,25-34
Female,Healthcare / Shift Worker,Intermediate,57,News / Reading,32,0,34,52,23.7,5.43,26.2,21.6,4,5.0,Moderate Debt,25-34
Male,Remote Tech,Intermediate,6,TikTok / Reels,65,0,88,34,19.2,8.18,20.9,13.7,2,1.0,Optimal Recovery,25-34
Male,Corporate 9-to-5,Morning Lark,102,Messaging / Chat,50,1,45,42,49.2,8.23,18.9,18.3,2,1.0,Optimal Recovery,25-34
Female,Corporate 9-to-5,Intermediate,180,Streaming (Netflix/Hulu),49,0,85,88,80.0,3.24,19.9,21.0,5,10.0,Severe Sleep Debt,35-44
Female,Corporate 9-to-5,Night Owl,51,Messaging / Chat,39,0,88,34,37.9,4.83,19.9,22.4,4,6.3,Moderate Debt,<25
Male,Remote Tech,Morning Lark,79,TikTok / Reels,63,0,165,56,71.5,6.55,21.1,13.1,4,6.1,Moderate Debt,25-34
Female,Student,Intermediate,66,Streaming (Netflix/Hulu),84,1,0,75,45.8,7.13,23.4,19.5,4,2.7,Mild Deficit,55+
Female,Corporate 9-to-5,Intermediate,22,TikTok / Reels,21,1,0,22,23.5,8.34,20.9,20.4,0,1.0,Optimal Recovery,25-34
Male,Student,Intermediate,48,YouTube,49,0,110,16,40.1,7.4,22.9,16.6,3,2.3,Mild Deficit,35-44
Female,Student,Intermediate,31,TikTok / Reels,52,0,95,32,35.1,7.44,22.9,17.8,1,1.9,Mild Deficit,25-34
Female,Corporate 9-to-5,Intermediate,45,Instagram / Reddit,40,1,84,14,39.3,6.74,21.1,14.3,4,3.0,Moderate Debt,35-44
Male,Student,Night Owl,52,News / Reading,78,1,0,25,29.5,5.68,21.3,24.5,3,3.5,Moderate Debt,35-44
Female,Student,Intermediate,55,TikTok / Reels,78,1,0,25,32.3,7.21,23.4,19.1,2,2.2,Mild Deficit,25-34
Female,Remote Tech,Intermediate,29,TikTok / Reels,60,1,0,31,25.0,8.28,25.9,19.1,1,1.0,Optimal Recovery,55+
Male,Corporate 9-to-5,Morning Lark,55,TikTok / Reels,41,0,45,14,34.9,7.63,17.5,16.4,3,1.2,Mild Deficit,<25
Male,Student,Night Owl,46,YouTube,78,1,75,41,45.1,5.37,18.6,15.6,2,5.4,Moderate Debt,<25
Male,Freelance / Creative,Intermediate,97,TikTok / Reels,49,0,149,25,75.0,4.96,14.3,18.7,5,8.4,Moderate Debt,35-44
Male,Remote Tech,Night Owl,77,News / Reading,75,1,0,28,38.6,5.84,20.7,22.3,3,5.0,Moderate Debt,45-54
Male,Remote Tech,Intermediate,87,YouTube,100,0,0,49,53.1,6.56,19.6,16.4,2,3.9,Moderate Debt,<25
Female,Remote Tech,Morning Lark,91,Streaming (Netflix/Hulu),55,0,0,42,41.9,7.2,26.9,20.2,3,2.0,Mild Deficit,25-34
Female,Corporate 9-to-5,Morning Lark,25,Instagram / Reddit,58,0,0,60,28.4,8.08,21.3,21.8,2,1.0,Optimal Recovery,<25
Female,Remote Tech,Night Owl,75,Instagram / Reddit,41,1,0,63,36.9,5.39,24.5,19.3,4,4.3,Moderate Debt,25-34
Female,Corporate 9-to-5,Intermediate,24,News / Reading,75,0,36,27,21.7,7.76,22.0,22.5,0,1.0,Optimal Recovery,35-44
Male,Corporate 9-to-5,Morning Lark,114,News / Reading,59,0,66,38,42.7,7.16,19.7,22.1,1,1.8,Mild Deficit,25-34
Male,Remote Tech,Morning Lark,74,TikTok / Reels,30,0,0,43,60.4,7.1,22.9,20.7,3,2.5,Mild Deficit,25-34
Female,Corporate 9-to-5,Intermediate,23,Messaging / Chat,41,0,0,22,22.1,7.49,22.4,18.4,0,1.0,Mild Deficit,25-34
Male,Remote Tech,Morning Lark,56,YouTube,94,1,0,14,30.6,8.5,26.8,20.8,1,1.0,Optimal Recovery,<25
Female,Corporate 9-to-5,Intermediate,28,TikTok / Reels,50,1,0,52,30.2,7.35,22.0,20.9,1,1.0,Mild Deficit,25-34
Female,Corporate 9-to-5,Morning Lark,36,Streaming (Netflix/Hulu),33,1,0,60,24.1,8.38,21.3,21.4,0,1.0,Optimal Recovery,35-44
Male,Healthcare / Shift Worker,Intermediate,62,YouTube,59,0,0,17,39.1,3.84,19.9,22.3,5,7.0,Moderate Debt,55+
Female,Freelance / Creative,Morning Lark,33,Instagram / Reddit,44,0,0,40,22.3,8.87,24.8,22.7,0,1.0,Optimal Recovery,45-54
Female,Corporate 9-to-5,Intermediate,42,Streaming (Netflix/Hulu),51,0,0,21,25.8,7.63,26.1,21.0,1,1.6,Mild Deficit,<25
Female,Remote Tech,Intermediate,92,TikTok / Reels,66,1,108,22,70.5,4.35,21.6,17.6,6,9.9,Severe Sleep Debt,45-54
Female,Corporate 9-to-5,Morning Lark,45,YouTube,62,0,0,27,31.0,8.62,22.3,22.2,1,1.0,Optimal Recovery,35-44
Male,Remote Tech,Intermediate,25,News / Reading,56,0,0,52,24.4,8.47,23.1,19.2,0,1.0,Optimal Recovery,35-44
Male,Remote Tech,Intermediate,11,Instagram / Reddit,43,1,0,45,22.8,7.35,25.2,21.7,3,1.0,Mild Deficit,25-34
Female,Corporate 9-to-5,Morning Lark,77,TikTok / Reels,19,0,0,55,41.6,7.25,21.5,16.6,4,3.2,Mild Deficit,25-34
Female,Student,Intermediate,77,Messaging / Chat,93,0,0,37,45.4,7.13,17.5,21.9,3,4.5,Mild Deficit,25-34
Male,Corporate 9-to-5,Intermediate,56,Messaging / Chat,92,0,0,5,41.6,6.33,21.0,20.8,1,2.0,Moderate Debt,<25
Male,Corporate 9-to-5,Intermediate,172,TikTok / Reels,55,1,0,63,89.5,5.43,20.5,18.0,5,7.0,Moderate Debt,25-34
Female,Student,Morning Lark,41,TikTok / Reels,72,0,98,55,44.1,8.81,19.7,17.7,0,1.0,Optimal Recovery,25-34
Female,Student,Intermediate,98,News / Reading,54,0,43,0,49.5,6.51,23.7,20.5,4,4.9,Moderate Debt,25-34
Male,Remote Tech,Morning Lark,31,TikTok / Reels,40,0,0,29,28.3,8.26,28.0,15.7,0,1.0,Optimal Recovery,35-44
Male,Remote Tech,Intermediate,80,Instagram / Reddit,56,1,0,33,40.6,8.36,22.6,18.3,1,1.0,Optimal Recovery,25-34
Female,Remote Tech,Intermediate,23,TikTok / Reels,58,1,0,48,20.7,7.62,22.0,16.6,1,1.0,Mild Deficit,<25
Male,Remote Tech,Intermediate,79,Streaming (Netflix/Hulu),85,0,55,54,46.7,5.92,24.9,17.5,4,5.6,Moderate Debt,55+
Female,Remote Tech,Night Owl,42,TikTok / Reels,57,1,0,46,35.2,4.11,23.1,17.9,4,6.3,Moderate Debt,55+
Male,Remote Tech,Morning Lark,69,Streaming (Netflix/Hulu),89,0,0,34,34.5,7.07,23.8,21.9,3,2.6,Mild Deficit,35-44
Male,Remote Tech,Night Owl,58,TikTok / Reels,52,1,0,7,35.6,6.26,21.6,16.7,2,2.5,Moderate Debt,55+
Male,Student,Morning Lark,76,YouTube,44,0,0,82,47.4,7.97,27.7,16.8,1,1.0,Optimal Recovery,25-34
Female,Student,Night Owl,10,TikTok / Reels,85,1,0,70,17.2,5.62,24.0,15.5,3,1.8,Moderate Debt,55+
Female,Remote Tech,Intermediate,46,TikTok / Reels,83,0,0,60,32.0,6.94,22.7,16.7,4,3.5,Mild Deficit,<25
Female,Remote Tech,Night Owl,95,Streaming (Netflix/Hulu),57,1,0,68,42.2,4.8,23.5,18.4,4,5.1,Moderate Debt,25-34
Male,Remote Tech,Morning Lark,103,Messaging / Chat,62,0,0,13,60.2,6.09,18.9,17.8,5,6.3,Moderate Debt,25-34
Female,Remote Tech,Intermediate,67,Instagram / Reddit,61,1,0,51,47.4,6.17,19.0,18.7,4,5.4,Moderate Debt,<25
Female,Remote Tech,Intermediate,97,YouTube,59,1,0,53,49.0,4.88,23.1,18.9,4,5.5,Moderate Debt,<25
Female,Healthcare / Shift Worker,Night Owl,44,YouTube,48,0,78,0,34.0,4.69,19.8,19.0,5,6.4,Moderate Debt,35-44
Male,Student,Night Owl,1,YouTube,100,1,0,46,11.8,7.01,23.2,16.8,2,1.0,Mild Deficit,35-44
Female,Healthcare / Shift Worker,Morning Lark,32,YouTube,47,0,112,18,47.3,6.43,16.5,16.5,3,4.4,Moderate Debt,35-44
Female,Student,Intermediate,53,Instagram / Reddit,66,1,122,46,41.6,6.82,22.4,16.1,2,1.0,Mild Deficit,<25
Female,Freelance / Creative,Intermediate,58,YouTube,59,0,109,53,40.9,6.02,17.0,16.0,5,4.9,Moderate Debt,45-54
Male,Student,Morning Lark,65,News / Reading,10,1,45,35,37.7,7.7,26.2,16.4,1,1.0,Mild Deficit,35-44
Male,Freelance / Creative,Morning Lark,51,Instagram / Reddit,57,1,0,57,28.8,8.63,20.6,22.2,0,1.0,Optimal Recovery,25-34
Male,Corporate 9-to-5,Night Owl,51,News / Reading,49,1,0,58,27.2,6.16,21.4,22.9,2,2.2,Moderate Debt,35-44
Male,Corporate 9-to-5,Intermediate,82,YouTube,44,1,0,14,38.6,6.94,24.1,14.0,3,2.1,Mild Deficit,25-34
Male,Remote Tech,Morning Lark,27,YouTube,34,1,57,0,19.9,9.3,20.6,17.9,0,1.0,Optimal Recovery,25-34
Female,Freelance / Creative,Morning Lark,58,YouTube,91,1,101,6,41.4,7.18,19.1,17.4,3,2.6,Mild Deficit,45-54
Male,Remote Tech,Intermediate,67,Instagram / Reddit,33,0,51,77,38.3,6.34,22.0,19.0,2,3.0,Moderate Debt,25-34
Female,Corporate 9-to-5,Intermediate,33,News / Reading,51,0,0,10,27.1,6.96,25.2,25.9,3,1.1,Mild Deficit,25-34
Female,Remote Tech,Intermediate,42,TikTok / Reels,45,1,211,29,44.2,6.76,21.9,12.4,2,3.9,Mild Deficit,45-54
Male,Student,Intermediate,126,YouTube,34,0,0,37,60.6,4.29,25.1,21.3,4,7.5,Moderate Debt,35-44
Female,Corporate 9-to-5,Morning Lark,56,TikTok / Reels,70,0,0,13,46.8,9.22,20.8,17.5,1,1.0,Optimal Recovery,<25
Female,Student,Intermediate,180,News / Reading,64,1,32,29,61.7,4.55,22.4,20.4,6,8.9,Severe Sleep Debt,<25
Female,Freelance / Creative,Morning Lark,53,TikTok / Reels,45,0,0,0,42.8,6.87,18.8,16.8,2,2.6,Mild Deficit,<25
Male,Healthcare / Shift Worker,Night Owl,85,Messaging / Chat,37,1,0,61,40.4,4.72,25.8,23.0,4,4.9,Moderate Debt,35-44
Female,Corporate 9-to-5,Morning Lark,16,YouTube,65,0,86,49,32.3,7.77,22.1,19.9,1,1.0,Optimal Recovery,25-34
Male,Corporate 9-to-5,Night Owl,10,Streaming (Netflix/Hulu),64,1,0,68,6.0,6.73,25.5,24.9,1,1.0,Moderate Debt,<25
Male,Remote Tech,Intermediate,24,Instagram / Reddit,52,0,0,27,19.2,6.26,24.2,22.4,2,1.2,Moderate Debt,55+
Male,Remote Tech,Intermediate,91,YouTube,84,1,0,28,52.0,6.31,22.2,21.4,4,5.2,Moderate Debt,25-34
Female,Corporate 9-to-5,Intermediate,42,Instagram / Reddit,86,1,81,41,36.7,7.02,22.8,18.8,2,2.8,Mild Deficit,25-34
Male,Student,Intermediate,15,Messaging / Chat,45,1,23,25,26.6,7.97,19.5,17.8,1,1.0,Optimal Recovery,25-34
Female,Remote Tech,Night Owl,53,Instagram / Reddit,97,1,0,20,36.6,5.9,20.6,17.2,3,4.2,Moderate Debt,35-44
Female,Healthcare / Shift Worker,Intermediate,86,Instagram / Reddit,49,0,110,0,55.3,3.81,17.6,15.2,4,8.8,Severe Sleep Debt,<25
Female,Freelance / Creative,Morning Lark,27,TikTok / Reels,50,0,148,76,33.0,7.05,20.3,18.2,3,1.4,Mild Deficit,25-34
Male,Corporate 9-to-5,Intermediate,89,News / Reading,69,1,0,16,49.3,5.03,20.1,17.6,4,6.7,Moderate Debt,45-54
Female,Freelance / Creative,Morning Lark,19,TikTok / Reels,62,1,0,32,29.2,6.67,19.3,19.2,2,1.8,Moderate Debt,25-34
Female,Student,Intermediate,85,YouTube,56,0,0,26,50.7,5.06,19.3,19.5,4,6.8,Moderate Debt,25-34
Female,Remote Tech,Morning Lark,99,YouTube,17,0,0,32,47.3,7.05,19.2,18.8,2,1.0,Mild Deficit,25-34
Female,Remote Tech,Intermediate,32,TikTok / Reels,23,1,0,18,23.0,7.27,27.3,20.8,2,1.0,Mild Deficit,<25
Male,Remote Tech,Intermediate,108,YouTube,29,0,0,27,64.6,5.59,22.4,22.5,5,6.8,Moderate Debt,<25
Male,Corporate 9-to-5,Morning Lark,121,Instagram / Reddit,55,0,20,77,73.2,6.92,24.5,19.4,4,5.3,Mild Deficit,25-34
Male,Student,Intermediate,65,YouTube,45,1,0,51,35.9,6.53,25.8,20.9,2,3.3,Moderate Debt,<25
Female,Corporate 9-to-5,Intermediate,33,TikTok / Reels,47,0,0,8,30.6,7.84,20.1,15.9,2,1.1,Optimal Recovery,<25
Female,Student,Morning Lark,180,YouTube,49,1,0,24,85.8,4.72,17.6,19.4,6,9.2,Severe Sleep Debt,45-54
Male,Corporate 9-to-5,Intermediate,30,Messaging / Chat,75,0,0,8,26.1,6.44,18.9,23.9,2,2.1,Moderate Debt,55+
Female,Corporate 9-to-5,Intermediate,131,Messaging / Chat,70,0,0,2,75.2,5.59,16.7,24.6,2,6.1,Moderate Debt,35-44
Male,Remote Tech,Morning Lark,160,YouTube,47,1,84,56,73.7,4.71,21.9,20.0,7,9.2,Severe Sleep Debt,45-54
Female,Remote Tech,Night Owl,67,YouTube,49,1,54,31,48.1,3.59,21.9,19.4,6,7.5,Moderate Debt,25-34
Male,Remote Tech,Intermediate,23,YouTube,38,1,73,64,31.4,7.4,23.1,20.8,2,1.7,Mild Deficit,55+
Female,Corporate 9-to-5,Morning Lark,63,Streaming (Netflix/Hulu),48,0,20,16,54.2,8.32,19.5,16.4,1,1.0,Optimal Recovery,<25
Female,Healthcare / Shift Worker,Night Owl,175,News / Reading,81,0,0,59,60.5,3.2,18.8,23.4,6,10.0,Severe Sleep Debt,55+
Male,Student,Intermediate,33,YouTube,73,0,141,36,33.1,7.32,20.6,15.5,2,1.8,Mild Deficit,55+
Male,Corporate 9-to-5,Intermediate,48,Messaging / Chat,63,1,20,34,28.9,7.4,18.6,16.1,1,1.3,Mild Deficit,35-44
Female,Remote Tech,Intermediate,8,YouTube,34,1,136,57,24.6,8.15,25.6,14.5,0,1.0,Optimal Recovery,55+
Male,Remote Tech,Night Owl,49,TikTok / Reels,54,0,0,41,32.3,4.91,23.7,22.1,4,4.2,Moderate Debt,35-44
Male,Corporate 9-to-5,Night Owl,78,YouTube,47,0,0,40,41.2,4.27,20.9,23.7,5,6.8,Moderate Debt,25-34
Female,Student,Intermediate,25,Instagram / Reddit,52,1,68,50,35.4,6.89,22.2,16.4,2,1.3,Mild Deficit,25-34
Female,Healthcare / Shift Worker,Morning Lark,128,Streaming (Netflix/Hulu),71,0,65,0,65.8,4.47,11.1,18.4,5,9.2,Severe Sleep Debt,35-44
Female,Student,Intermediate,17,Instagram / Reddit,77,0,0,49,28.1,6.67,23.9,13.0,2,1.0,Moderate Debt,<25
Female,Corporate 9-to-5,Intermediate,34,News / Reading,100,0,161,23,35.2,6.45,16.4,18.4,3,4.1,Moderate Debt,35-44
Male,Healthcare / Shift Worker,Morning Lark,114,Instagram / Reddit,37,1,0,10,59.6,4.93,23.3,21.3,4,6.6,Moderate Debt,55+
Female,Corporate 9-to-5,Intermediate,46,YouTube,80,1,0,22,48.5,6.53,19.0,16.4,3,3.1,Moderate Debt,<25
Female,Freelance / Creative,Intermediate,145,Instagram / Reddit,52,0,66,18,83.3,4.14,16.9,19.2,5,10.0,Severe Sleep Debt,35-44
Female,Corporate 9-to-5,Night Owl,11,YouTube,41,0,0,70,21.2,6.96,22.9,15.9,1,1.0,Mild Deficit,45-54
Male,Remote Tech,Intermediate,40,Streaming (Netflix/Hulu),98,1,108,16,49.0,6.79,12.4,16.1,1,3.7,Mild Deficit,55+
Female,Remote Tech,Morning Lark,64,Messaging / Chat,90,1,0,47,27.8,7.22,26.7,22.2,1,1.0,Mild Deficit,55+
Female,Corporate 9-to-5,Night Owl,172,TikTok / Reels,49,0,0,47,106.4,3.2,20.7,16.8,7,10.0,Severe Sleep Debt,25-34
Female,Student,Night Owl,57,News / Reading,41,0,39,26,17.4,6.68,21.2,23.3,1,2.0,Moderate Debt,55+
Male,Student,Intermediate,74,Streaming (Netflix/Hulu),20,1,0,20,25.6,5.61,17.9,20.4,2,2.4,Moderate Debt,35-44
Female,Corporate 9-to-5,Morning Lark,51,Instagram / Reddit,80,1,0,34,38.7,8.05,21.0,18.9,0,1.0,Optimal Recovery,<25
Male,Student,Intermediate,47,News / Reading,14,0,0,16,26.8,7.02,22.8,22.3,1,1.0,Mild Deficit,25-34
Female,Remote Tech,Night Owl,33,Instagram / Reddit,52,0,0,18,23.4,6.47,23.0,21.2,1,1.9,Moderate Debt,35-44
Female,Corporate 9-to-5,Morning Lark,68,TikTok / Reels,37,0,0,58,45.8,7.09,24.6,20.1,2,2.9,Mild Deficit,25-34
Female,Freelance / Creative,Intermediate,43,Messaging / Chat,83,0,0,73,28.6,7.65,24.4,19.1,3,1.3,Mild Deficit,35-44
Female,Healthcare / Shift Worker,Intermediate,77,Messaging / Chat,92,0,20,35,51.1,4.57,17.3,22.7,4,5.6,Moderate Debt,35-44
Male,Corporate 9-to-5,Intermediate,56,TikTok / Reels,21,0,0,5,41.3,5.6,25.2,18.9,4,4.2,Moderate Debt,<25
Male,Remote Tech,Night Owl,40,TikTok / Reels,57,0,0,61,35.3,4.83,25.8,20.4,4,4.7,Moderate Debt,35-44
Male,Corporate 9-to-5,Intermediate,129,TikTok / Reels,60,0,0,46,82.3,5.61,19.4,16.2,5,7.7,Moderate Debt,35-44
Male,Student,Intermediate,31,YouTube,49,0,45,59,22.6,7.71,21.9,17.5,0,1.0,Mild Deficit,25-34
Female,Freelance / Creative,Intermediate,34,Messaging / Chat,42,0,0,26,28.0,7.23,19.7,20.2,2,1.0,Mild Deficit,<25
Female,Remote Tech,Morning Lark,7,TikTok / Reels,86,1,0,58,23.8,9.0,23.6,17.5,0,1.0,Optimal Recovery,<25
Male,Healthcare / Shift Worker,Intermediate,44,Streaming (Netflix/Hulu),45,0,0,29,26.7,5.85,23.7,22.7,2,2.9,Moderate Debt,25-34
Male,Remote Tech,Night Owl,123,Messaging / Chat,95,1,0,16,49.9,3.97,22.8,21.5,6,7.7,Moderate Debt,55+
Male,Remote Tech,Night Owl,125,Streaming (Netflix/Hulu),42,1,38,9,48.1,3.2,19.9,18.4,5,10.0,Severe Sleep Debt,25-34
Female,Freelance / Creative,Intermediate,37,TikTok / Reels,70,1,91,35,46.2,6.91,24.7,13.2,2,2.4,Mild Deficit,35-44
Female,Remote Tech,Morning Lark,73,Instagram / Reddit,72,1,29,77,55.0,7.96,27.2,17.3,2,1.6,Optimal Recovery,25-34
Male,Remote Tech,Night Owl,83,Messaging / Chat,42,1,0,51,28.9,6.19,21.2,16.5,2,2.0,Moderate Debt,25-34
Female,Student,Intermediate,16,TikTok / Reels,19,0,0,18,18.1,7.91,22.2,15.3,1,1.0,Optimal Recovery,45-54
Female,Corporate 9-to-5,Night Owl,105,TikTok / Reels,38,0,0,30,63.9,4.15,22.0,14.0,6,8.1,Moderate Debt,35-44
Female,Corporate 9-to-5,Morning Lark,19,Streaming (Netflix/Hulu),31,1,147,70,28.8,8.65,24.4,16.8,0,1.0,Optimal Recovery,<25
Male,Freelance / Creative,Intermediate,39,Streaming (Netflix/Hulu),71,0,0,46,29.1,6.49,21.7,21.9,2,2.2,Moderate Debt,25-34
Female,Student,Morning Lark,23,Instagram / Reddit,47,1,46,45,15.2,8.71,25.2,20.7,1,1.0,Optimal Recovery,<25
Male,Healthcare / Shift Worker,Night Owl,64,News / Reading,82,0,0,31,31.9,3.2,19.0,22.3,6,9.0,Severe Sleep Debt,25-34
Female,Corporate 9-to-5,Night Owl,28,Streaming (Netflix/Hulu),66,0,0,17,23.4,6.64,21.0,20.0,3,1.5,Moderate Debt,35-44
Male,Remote Tech,Intermediate,33,YouTube,51,1,0,85,29.2,7.09,25.5,17.4,1,1.6,Mild Deficit,<25
Male,Freelance / Creative,Morning Lark,93,YouTube,57,0,0,23,55.4,6.62,14.8,21.6,3,4.4,Moderate Debt,25-34
Female,Corporate 9-to-5,Morning Lark,36,TikTok / Reels,28,0,0,66,36.4,9.28,24.8,19.3,0,1.0,Optimal Recovery,25-34
Male,Corporate 9-to-5,Intermediate,51,YouTube,51,0,105,34,43.1,7.14,20.0,18.6,1,1.5,Mild Deficit,45-54
Female,Remote Tech,Intermediate,19,Instagram / Reddit,58,1,0,3,31.7,6.91,21.6,20.3,1,1.0,Mild Deficit,55+
Female,Remote Tech,Intermediate,14,TikTok / Reels,47,1,150,45,28.2,6.87,23.3,16.0,1,1.6,Mild Deficit,<25
Male,Corporate 9-to-5,Intermediate,58,News / Reading,44,0,212,74,50.4,6.72,18.6,17.3,2,4.3,Moderate Debt,35-44
Female,Healthcare / Shift Worker,Intermediate,35,TikTok / Reels,75,0,0,29,17.6,6.3,22.1,16.2,2,2.1,Moderate Debt,25-34
Female,Freelance / Creative,Morning Lark,142,YouTube,36,0,0,25,70.7,4.94,17.7,19.0,5,8.9,Severe Sleep Debt,25-34
Female,Remote Tech,Intermediate,180,Streaming (Netflix/Hulu),67,1,0,37,69.1,4.86,18.0,20.5,5,8.1,Moderate Debt,35-44
Female,Student,Intermediate,20,Streaming (Netflix/Hulu),77,0,0,8,21.6,7.52,21.8,22.0,1,1.0,Mild Deficit,45-54
Male,Healthcare / Shift Worker,Night Owl,14,Streaming (Netflix/Hulu),65,0,70,22,29.5,4.44,22.9,18.6,4,6.5,Moderate Debt,55+
Female,Student,Intermediate,144,Instagram / Reddit,31,0,0,66,75.5,4.62,28.0,22.9,5,8.4,Moderate Debt,35-44
Male,Corporate 9-to-5,Intermediate,69,Messaging / Chat,57,1,0,28,32.6,7.24,24.7,21.6,1,1.0,Mild Deficit,25-34
Male,Corporate 9-to-5,Intermediate,57,YouTube,73,0,0,5,31.7,6.77,21.8,19.6,3,3.4,Mild Deficit,35-44
Female,Corporate 9-to-5,Night Owl,16,Instagram / Reddit,49,1,210,28,33.7,5.76,18.9,16.4,3,5.0,Moderate Debt,25-34
Female,Corporate 9-to-5,Morning Lark,174,News / Reading,38,1,0,32,56.7,5.77,24.8,20.2,1,3.8,Moderate Debt,25-34
Male,Corporate 9-to-5,Intermediate,28,TikTok / Reels,37,1,136,34,25.7,7.88,25.6,16.0,0,1.0,Optimal Recovery,25-34
Female,Remote Tech,Night Owl,85,News / Reading,61,1,0,69,43.7,3.77,26.1,19.8,5,7.7,Moderate Debt,35-44
Female,Corporate 9-to-5,Intermediate,82,Instagram / Reddit,48,1,0,88,51.3,5.35,24.1,17.1,4,3.3,Moderate Debt,25-34
Female,Corporate 9-to-5,Intermediate,13,Instagram / Reddit,43,0,0,40,15.3,8.68,23.9,20.4,1,1.0,Optimal Recovery,<25
Male,Remote Tech,Morning Lark,32,YouTube,13,0,0,63,21.9,7.55,27.1,18.1,2,1.0,Mild Deficit,45-54
Male,Corporate 9-to-5,Night Owl,17,Messaging / Chat,91,1,93,39,30.3,5.49,23.2,19.0,2,4.6,Moderate Debt,<25
Female,Healthcare / Shift Worker,Morning Lark,9,TikTok / Reels,49,0,0,0,20.1,7.08,17.8,17.6,1,1.5,Mild Deficit,25-34
Female,Corporate 9-to-5,Morning Lark,44,YouTube,71,0,0,0,24.0,7.27,18.5,19.2,1,1.0,Mild Deficit,25-34
Male,Healthcare / Shift Worker,Morning Lark,19,Instagram / Reddit,82,0,0,25,16.2,7.7,19.7,20.3,0,1.0,Mild Deficit,<25
Male,Freelance / Creative,Morning Lark,28,Streaming (Netflix/Hulu),100,1,0,12,34.6,7.94,17.6,21.1,1,1.0,Optimal Recovery,<25
Male,Student,Night Owl,16,TikTok / Reels,69,1,43,14,23.9,6.23,21.1,13.9,2,1.5,Moderate Debt,<25
Male,Student,Intermediate,40,TikTok / Reels,62,0,39,0,42.7,6.42,20.9,18.6,1,2.2,Moderate Debt,45-54
Female,Freelance / Creative,Intermediate,142,Streaming (Netflix/Hulu),24,1,0,75,56.0,5.17,24.0,18.1,3,4.7,Moderate Debt,25-34
Male,Corporate 9-to-5,Night Owl,63,Instagram / Reddit,14,0,83,73,47.2,5.0,22.9,16.8,4,6.3,Moderate Debt,55+
Female,Freelance / Creative,Morning Lark,35,TikTok / Reels,10,0,0,45,32.9,8.59,19.6,18.6,2,1.0,Optimal Recovery,35-44
Female,Student,Morning Lark,49,TikTok / Reels,52,0,61,16,38.4,7.59,17.7,14.7,2,1.6,Mild Deficit,25-34
Male,Student,Intermediate,60,Streaming (Netflix/Hulu),35,1,0,49,24.8,6.05,22.7,16.3,4,2.9,Moderate Debt,35-44
Female,Remote Tech,Intermediate,61,Streaming (Netflix/Hulu),45,1,22,41,37.5,6.06,22.3,22.1,2,3.0,Moderate Debt,25-34
Non-Binary,Remote Tech,Intermediate,41,Messaging / Chat,84,1,41,50,18.4,7.73,25.2,22.8,0,1.0,Mild Deficit,35-44
Female,Student,Morning Lark,30,TikTok / Reels,65,1,0,26,25.5,8.89,21.7,14.5,0,1.0,Optimal Recovery,25-34
Male,Student,Intermediate,85,Streaming (Netflix/Hulu),55,1,0,2,42.7,6.49,23.1,22.0,2,2.2,Moderate Debt,25-34
Male,Student,Intermediate,21,Messaging / Chat,59,0,85,28,27.1,7.81,21.9,18.9,0,1.0,Optimal Recovery,45-54
Female,Corporate 9-to-5,Intermediate,86,Instagram / Reddit,41,1,52,31,40.2,5.99,22.2,14.4,1,3.7,Moderate Debt,55+
Male,Remote Tech,Morning Lark,37,TikTok / Reels,45,1,0,37,28.3,8.45,19.2,16.9,1,1.0,Optimal Recovery,45-54
Female,Remote Tech,Intermediate,106,News / Reading,27,1,0,12,35.1,5.66,21.3,20.9,1,2.7,Moderate Debt,25-34
Male,Corporate 9-to-5,Intermediate,24,TikTok / Reels,71,0,0,28,18.4,7.82,25.0,19.4,0,1.0,Optimal Recovery,35-44
Female,Corporate 9-to-5,Intermediate,23,Streaming (Netflix/Hulu),90,0,162,48,36.2,6.29,15.5,15.5,3,3.8,Moderate Debt,25-34
Male,Corporate 9-to-5,Night Owl,53,Instagram / Reddit,82,0,81,34,41.7,5.04,22.4,18.4,5,7.1,Moderate Debt,25-34
Female,Remote Tech,Night Owl,27,Streaming (Netflix/Hulu),55,1,144,51,31.2,5.23,27.0,14.7,3,4.1,Moderate Debt,<25
Female,Remote Tech,Intermediate,145,Instagram / Reddit,74,0,44,1,83.3,4.05,11.6,18.6,6,10.0,Severe Sleep Debt,35-44
Female,Corporate 9-to-5,Night Owl,31,YouTube,66,0,30,57,37.0,5.61,19.6,16.8,4,4.5,Moderate Debt,<25
Female,Freelance / Creative,Night Owl,25,Streaming (Netflix/Hulu),58,1,0,14,18.8,6.68,23.7,19.3,1,1.0,Moderate Debt,25-34
Male,Student,Intermediate,68,News / Reading,62,0,21,44,39.7,6.66,22.1,21.1,2,3.9,Moderate Debt,45-54
Male,Student,Intermediate,6,YouTube,29,0,20,38,17.4,7.79,20.2,24.5,0,1.2,Optimal Recovery,<25
Male,Corporate 9-to-5,Night Owl,151,YouTube,45,0,0,8,70.2,3.29,22.2,18.3,6,9.6,Severe Sleep Debt,<25
Female,Student,Intermediate,76,Streaming (Netflix/Hulu),41,1,0,11,35.2,5.59,19.8,23.0,2,4.0,Moderate Debt,<25
Female,Remote Tech,Morning Lark,60,Messaging / Chat,25,1,0,23,24.0,7.55,18.9,21.1,2,1.0,Mild Deficit,55+
Female,Freelance / Creative,Intermediate,29,YouTube,67,0,0,45,28.4,7.45,22.4,17.7,1,1.0,Mild Deficit,25-34
Male,Student,Morning Lark,46,YouTube,69,1,127,55,44.5,8.28,24.5,19.3,1,1.7,Optimal Recovery,25-34
Non-Binary,Remote Tech,Intermediate,32,TikTok / Reels,10,1,42,52,29.3,6.54,22.0,17.9,2,2.9,Moderate Debt,45-54
Female,Healthcare / Shift Worker,Morning Lark,36,Streaming (Netflix/Hulu),55,0,170,44,42.8,8.09,20.5,16.9,1,1.0,Optimal Recovery,45-54
Female,Corporate 9-to-5,Morning Lark,90,Streaming (Netflix/Hulu),48,0,194,53,57.5,6.62,14.8,17.9,4,5.7,Moderate Debt,25-34
Female,Corporate 9-to-5,Morning Lark,65,YouTube,43,0,0,24,36.2,7.22,25.4,17.7,4,2.7,Mild Deficit,35-44
Male,Student,Night Owl,39,YouTube,22,0,0,13,29.5,6.73,18.9,20.1,1,1.0,Moderate Debt,35-44
Male,Corporate 9-to-5,Intermediate,12,Instagram / Reddit,56,0,58,38,17.3,8.19,21.5,21.1,2,1.0,Optimal Recovery,35-44
Male,Corporate 9-to-5,Morning Lark,180,Streaming (Netflix/Hulu),55,1,78,78,76.1,5.64,25.4,14.3,5,7.1,Moderate Debt,<25
Female,Student,Morning Lark,22,Streaming (Netflix/Hulu),47,1,0,31,24.9,9.72,19.6,19.1,0,1.0,Optimal Recovery,45-54
Male,Corporate 9-to-5,Intermediate,91,YouTube,71,0,0,38,54.8,5.37,19.9,19.8,5,7.5,Moderate Debt,25-34
Male,Student,Night Owl,31,TikTok / Reels,70,1,0,45,26.2,6.88,22.1,19.5,1,1.1,Mild Deficit,25-34
Female,Freelance / Creative,Morning Lark,57,Streaming (Netflix/Hulu),18,0,0,33,31.1,7.16,25.2,20.3,2,1.8,Mild Deficit,25-34
Male,Corporate 9-to-5,Morning Lark,26,YouTube,70,0,54,58,24.6,9.12,21.2,19.5,0,1.0,Optimal Recovery,<25
Female,Corporate 9-to-5,Intermediate,30,YouTube,36,0,0,20,24.8,7.83,24.4,16.3,2,1.0,Optimal Recovery,<25
Female,Corporate 9-to-5,Intermediate,28,Streaming (Netflix/Hulu),50,1,0,89,25.0,6.88,24.4,22.9,2,1.0,Mild Deficit,35-44
Male,Corporate 9-to-5,Intermediate,54,YouTube,88,1,0,27,39.7,6.54,21.5,21.3,3,2.4,Moderate Debt,<25
Female,Corporate 9-to-5,Intermediate,29,Streaming (Netflix/Hulu),54,1,205,65,43.4,8.37,24.9,15.9,1,1.0,Optimal Recovery,25-34
Male,Corporate 9-to-5,Intermediate,53,Messaging / Chat,76,0,0,78,30.5,6.81,23.4,17.4,2,2.2,Mild Deficit,25-34
Male,Remote Tech,Intermediate,115,Streaming (Netflix/Hulu),50,0,0,5,64.2,6.07,23.3,21.9,4,6.0,Moderate Debt,<25
Female,Corporate 9-to-5,Night Owl,20,TikTok / Reels,74,1,0,33,14.1,5.63,24.5,18.1,4,3.5,Moderate Debt,55+
Male,Student,Morning Lark,20,YouTube,54,1,0,57,22.3,8.04,26.9,21.5,1,1.0,Optimal Recovery,25-34
Female,Healthcare / Shift Worker,Morning Lark,131,YouTube,50,0,61,51,65.3,4.19,20.4,20.1,4,8.3,Moderate Debt,25-34
Female,Healthcare / Shift Worker,Night Owl,77,TikTok / Reels,57,0,0,29,57.4,3.2,18.0,17.7,5,9.3,Severe Sleep Debt,25-34
Female,Remote Tech,Night Owl,51,Instagram / Reddit,33,1,27,44,39.8,5.24,16.5,19.1,4,5.0,Moderate Debt,25-34
Female,Corporate 9-to-5,Morning Lark,15,YouTube,45,1,0,0,20.3,7.76,18.9,22.0,0,1.0,Optimal Recovery,<25
Female,Student,Night Owl,13,Streaming (Netflix/Hulu),67,1,46,41,11.9,6.7,24.3,21.4,0,1.0,Moderate Debt,35-44
Female,Remote Tech,Intermediate,25,TikTok / Reels,72,0,0,38,27.6,8.21,21.2,21.5,0,1.0,Optimal Recovery,55+
Female,Corporate 9-to-5,Intermediate,55,TikTok / Reels,37,0,85,34,46.9,5.43,16.4,14.8,4,6.4,Moderate Debt,25-34
Female,Healthcare / Shift Worker,Intermediate,95,TikTok / Reels,89,0,20,23,59.4,3.76,14.0,14.4,3,8.4,Moderate Debt,35-44
Male,Corporate 9-to-5,Intermediate,54,Streaming (Netflix/Hulu),91,1,0,34,39.0,7.16,27.7,24.4,3,3.0,Mild Deficit,35-44
Female,Corporate 9-to-5,Morning Lark,57,News / Reading,37,1,110,12,34.5,6.38,20.5,15.9,3,2.5,Moderate Debt,45-54
Male,Healthcare / Shift Worker,Intermediate,103,Streaming (Netflix/Hulu),46,1,136,49,62.8,3.2,23.1,15.8,6,10.0,Severe Sleep Debt,25-34
Male,Freelance / Creative,Intermediate,67,Instagram / Reddit,54,0,52,44,43.5,7.11,20.0,19.6,1,2.4,Mild Deficit,25-34
Male,Corporate 9-to-5,Night Owl,34,TikTok / Reels,79,0,0,34,36.0,6.23,25.2,15.9,1,1.1,Moderate Debt,25-34
Female,Remote Tech,Intermediate,48,Instagram / Reddit,66,0,0,13,35.6,6.16,23.5,14.7,3,2.7,Moderate Debt,35-44
Male,Remote Tech,Intermediate,97,Instagram / Reddit,49,0,0,57,60.7,5.19,27.2,19.9,4,5.3,Moderate Debt,45-54
Male,Student,Intermediate,60,TikTok / Reels,30,1,75,10,47.2,6.47,21.4,17.9,2,3.8,Moderate Debt,<25
Male,Corporate 9-to-5,Intermediate,138,Instagram / Reddit,16,1,0,13,59.5,4.78,24.4,16.3,5,5.8,Moderate Debt,25-34
Female,Remote Tech,Night Owl,29,YouTube,61,0,109,104,37.1,6.74,24.1,17.6,3,1.6,Moderate Debt,45-54
Female,Freelance / Creative,Intermediate,22,Streaming (Netflix/Hulu),91,0,0,39,32.7,7.08,21.8,23.4,3,1.3,Mild Deficit,45-54
Male,Corporate 9-to-5,Intermediate,63,Instagram / Reddit,55,0,0,4,44.3,6.81,23.8,21.7,4,3.6,Mild Deficit,55+
Female,Freelance / Creative,Intermediate,53,News / Reading,63,0,94,44,42.2,6.2,22.8,21.1,3,4.3,Moderate Debt,35-44
Female,Freelance / Creative,Night Owl,20,TikTok / Reels,59,1,0,36,22.3,5.63,24.6,18.8,2,1.6,Moderate Debt,25-34
Female,Corporate 9-to-5,Morning Lark,32,TikTok / Reels,22,0,0,20,29.3,7.99,23.1,18.9,1,1.0,Optimal Recovery,35-44
Male,Student,Intermediate,115,News / Reading,86,1,0,46,41.6,6.08,20.2,18.5,3,4.8,Moderate Debt,35-44
Non-Binary,Corporate 9-to-5,Intermediate,69,TikTok / Reels,39,0,0,37,43.3,6.83,22.4,17.9,3,2.2,Mild Deficit,<25
Female,Student,Night Owl,34,Streaming (Netflix/Hulu),39,0,0,9,25.0,6.53,21.7,19.8,2,1.8,Moderate Debt,25-34
Male,Healthcare / Shift Worker,Intermediate,25,YouTube,64,0,33,38,13.8,5.82,22.2,18.9,3,2.3,Moderate Debt,35-44
Female,Corporate 9-to-5,Night Owl,39,Instagram / Reddit,41,1,46,29,27.2,4.6,21.9,20.0,4,5.4,Moderate Debt,<25
Female,Student,Morning Lark,94,Streaming (Netflix/Hulu),29,1,0,32,47.6,7.52,21.0,20.5,2,1.4,Mild Deficit,35-44
Male,Healthcare / Shift Worker,Intermediate,52,Streaming (Netflix/Hulu),74,1,0,35,32.4,5.69,20.3,23.0,4,5.1,Moderate Debt,35-44
Male,Remote Tech,Intermediate,48,TikTok / Reels,58,1,0,27,35.9,6.61,26.1,20.4,2,1.2,Moderate Debt,55+
Male,Corporate 9-to-5,Intermediate,97,Streaming (Netflix/Hulu),74,0,0,43,50.8,6.67,21.1,20.4,3,3.6,Moderate Debt,<25
Female,Corporate 9-to-5,Night Owl,21,YouTube,48,0,0,38,19.2,6.21,21.9,19.5,2,2.4,Moderate Debt,25-34
Male,Remote Tech,Night Owl,28,Instagram / Reddit,46,0,23,10,28.1,5.31,24.3,18.5,2,4.2,Moderate Debt,35-44
Female,Freelance / Creative,Intermediate,55,YouTube,60,0,21,45,41.0,7.83,27.3,22.9,2,2.1,Optimal Recovery,25-34
Female,Healthcare / Shift Worker,Intermediate,48,News / Reading,62,1,73,48,34.1,4.94,22.1,18.9,3,4.0,Moderate Debt,35-44
Female,Remote Tech,Night Owl,41,Messaging / Chat,42,1,0,0,19.6,6.2,28.0,24.8,3,1.9,Moderate Debt,35-44
Male,Remote Tech,Intermediate,100,TikTok / Reels,40,0,22,0,63.7,6.2,16.4,19.5,4,6.6,Moderate Debt,<25
Male,Corporate 9-to-5,Night Owl,10,Messaging / Chat,73,1,0,34,13.4,5.41,26.5,20.6,2,3.2,Moderate Debt,25-34
Female,Corporate 9-to-5,Night Owl,23,Instagram / Reddit,62,1,0,29,26.6,6.39,17.4,15.5,3,2.5,Moderate Debt,25-34
Female,Remote Tech,Intermediate,23,Streaming (Netflix/Hulu),60,1,59,49,31.3,7.87,21.4,16.1,1,1.0,Optimal Recovery,25-34
Male,Remote Tech,Night Owl,74,TikTok / Reels,15,1,0,19,43.7,5.26,19.2,21.0,4,5.4,Moderate Debt,55+
Female,Remote Tech,Intermediate,36,YouTube,60,0,0,40,24.4,7.34,19.1,18.7,1,1.0,Mild Deficit,45-54
Male,Freelance / Creative,Morning Lark,176,Instagram / Reddit,62,1,167,50,88.6,3.58,16.4,16.3,6,10.0,Severe Sleep Debt,35-44
Female,Student,Intermediate,103,Streaming (Netflix/Hulu),49,0,0,46,70.4,5.42,21.6,19.9,5,7.0,Moderate Debt,35-44
Female,Student,Morning Lark,37,YouTube,66,0,0,17,35.2,7.94,17.4,22.4,2,1.2,Optimal Recovery,25-34
Non-Binary,Corporate 9-to-5,Intermediate,72,YouTube,41,0,127,34,58.0,5.44,19.0,16.2,5,6.7,Moderate Debt,45-54
Female,Freelance / Creative,Night Owl,70,Streaming (Netflix/Hulu),62,1,121,21,48.0,5.23,20.7,21.2,3,7.0,Moderate Debt,35-44
Female,Student,Morning Lark,122,TikTok / Reels,24,1,0,38,75.0,6.5,25.4,20.5,3,4.6,Moderate Debt,35-44
Female,Healthcare / Shift Worker,Morning Lark,42,YouTube,73,0,0,42,29.2,6.73,24.6,19.1,3,3.4,Moderate Debt,45-54
Male,Remote Tech,Intermediate,33,Instagram / Reddit,40,0,144,63,48.7,7.32,21.8,16.7,3,2.9,Mild Deficit,25-34
Male,Remote Tech,Intermediate,67,Messaging / Chat,64,0,0,28,48.4,5.59,18.1,22.9,5,5.3,Moderate Debt,45-54
Female,Remote Tech,Intermediate,42,Instagram / Reddit,80,1,0,56,24.3,6.78,25.3,18.6,3,1.9,Mild Deficit,<25
Female,Corporate 9-to-5,Intermediate,78,YouTube,75,1,21,56,49.0,5.81,20.7,19.8,4,5.3,Moderate Debt,25-34
Male,Student,Morning Lark,114,TikTok / Reels,64,1,0,32,62.7,4.98,18.0,20.3,4,6.7,Moderate Debt,25-34
Female,Freelance / Creative,Morning Lark,25,Messaging / Chat,71,1,43,20,20.6,8.46,19.8,18.2,0,1.0,Optimal Recovery,55+
Male,Corporate 9-to-5,Night Owl,31,TikTok / Reels,85,1,133,33,37.7,6.55,20.1,18.2,3,3.5,Moderate Debt,45-54
Female,Corporate 9-to-5,Morning Lark,107,YouTube,57,0,167,51,60.6,6.56,18.4,18.3,3,4.5,Moderate Debt,35-44
Female,Student,Intermediate,50,TikTok / Reels,74,1,0,37,30.9,7.35,22.5,20.5,1,1.0,Mild Deficit,35-44
Male,Corporate 9-to-5,Night Owl,52,Streaming (Netflix/Hulu),31,1,0,10,24.7,4.7,25.3,21.6,6,6.1,Moderate Debt,25-34
Female,Student,Night Owl,96,Instagram / Reddit,41,1,0,37,46.8,4.49,24.9,22.3,4,7.3,Moderate Debt,55+
Male,Student,Morning Lark,47,News / Reading,85,1,111,14,25.1,6.78,21.2,18.7,2,3.2,Mild Deficit,25-34
Female,Corporate 9-to-5,Intermediate,85,TikTok / Reels,50,1,0,32,51.2,5.85,20.1,18.9,3,3.8,Moderate Debt,25-34
Female,Healthcare / Shift Worker,Night Owl,27,Streaming (Netflix/Hulu),45,0,20,75,26.0,5.07,23.2,21.7,3,4.4,Moderate Debt,<25
Non-Binary,Remote Tech,Intermediate,38,Instagram / Reddit,49,0,0,62,25.0,6.8,22.6,18.1,2,1.5,Mild Deficit,35-44
Female,Healthcare / Shift Worker,Night Owl,126,YouTube,41,0,0,26,55.6,3.2,24.1,17.1,7,9.9,Severe Sleep Debt,35-44
Male,Student,Intermediate,51,Instagram / Reddit,52,0,156,38,53.6,6.06,15.6,17.6,3,5.5,Moderate Debt,25-34
Female,Healthcare / Shift Worker,Morning Lark,26,Instagram / Reddit,34,0,0,56,24.8,7.26,24.3,15.8,2,1.0,Mild Deficit,<25
Male,Corporate 9-to-5,Intermediate,25,Instagram / Reddit,44,0,0,19,21.8,6.53,22.7,19.2,2,2.5,Moderate Debt,45-54
Male,Corporate 9-to-5,Intermediate,48,TikTok / Reels,57,1,58,98,44.3,8.15,27.2,16.9,1,1.0,Optimal Recovery,<25
Female,Corporate 9-to-5,Intermediate,87,News / Reading,86,1,38,1,48.1,5.36,23.4,18.9,3,5.7,Moderate Debt,35-44
Male,Remote Tech,Morning Lark,5,YouTube,54,1,0,44,18.2,8.31,24.5,24.0,2,1.0,Optimal Recovery,55+
Male,Healthcare / Shift Worker,Morning Lark,34,News / Reading,20,1,65,29,16.4,7.68,22.8,22.8,1,1.0,Mild Deficit,25-34
Female,Remote Tech,Night Owl,70,Instagram / Reddit,75,1,128,38,49.4,4.48,19.9,15.1,4,6.3,Moderate Debt,25-34
Male,Healthcare / Shift Worker,Morning Lark,59,Streaming (Netflix/Hulu),71,0,0,43,36.8,6.71,23.4,20.7,4,3.8,Moderate Debt,35-44
Male,Corporate 9-to-5,Intermediate,66,TikTok / Reels,39,1,21,38,42.8,6.03,21.2,19.1,3,3.4,Moderate Debt,45-54
Female,Corporate 9-to-5,Night Owl,29,Instagram / Reddit,71,0,104,9,39.3,5.06,23.5,17.8,5,6.0,Moderate Debt,25-34
Female,Healthcare / Shift Worker,Intermediate,55,Instagram / Reddit,52,0,69,25,46.7,4.72,20.8,15.1,4,6.0,Moderate Debt,55+
Female,Remote Tech,Morning Lark,98,TikTok / Reels,84,0,0,0,69.0,6.1,17.0,18.5,4,6.9,Moderate Debt,<25
Female,Healthcare / Shift Worker,Intermediate,37,TikTok / Reels,100,1,25,24,27.1,5.95,18.1,16.7,3,4.7,Moderate Debt,25-34
Male,Corporate 9-to-5,Intermediate,53,YouTube,63,1,0,40,38.8,6.59,23.8,20.5,3,1.9,Moderate Debt,35-44
Female,Freelance / Creative,Intermediate,12,TikTok / Reels,70,0,72,49,28.1,6.28,25.8,16.2,2,2.2,Moderate Debt,45-54
Male,Remote Tech,Night Owl,69,TikTok / Reels,87,0,0,18,53.4,3.94,18.9,15.8,5,8.1,Moderate Debt,<25
Female,Student,Intermediate,30,TikTok / Reels,74,0,0,37,25.9,8.51,24.0,16.2,1,1.0,Optimal Recovery,45-54
Female,Corporate 9-to-5,Intermediate,19,Streaming (Netflix/Hulu),64,0,62,25,20.8,7.41,22.1,21.6,0,1.0,Mild Deficit,25-34
Male,Remote Tech,Morning Lark,34,Instagram / Reddit,53,1,0,45,21.5,7.03,24.9,20.8,3,1.1,Mild Deficit,25-34
Male,Freelance / Creative,Intermediate,72,Messaging / Chat,32,0,0,29,35.7,6.0,18.8,19.0,3,3.3,Moderate Debt,<25
Male,Healthcare / Shift Worker,Night Owl,30,YouTube,49,1,0,45,34.1,5.01,23.8,18.9,4,4.0,Moderate Debt,45-54
Female,Corporate 9-to-5,Morning Lark,22,Instagram / Reddit,50,0,207,32,45.3,8.23,18.9,16.8,2,1.3,Optimal Recovery,<25
Female,Corporate 9-to-5,Intermediate,79,YouTube,55,0,0,57,35.8,5.73,22.2,20.5,3,4.2,Moderate Debt,25-34
Female,Remote Tech,Morning Lark,25,Instagram / Reddit,18,0,0,62,19.6,7.65,22.5,18.6,1,1.0,Mild Deficit,25-34
Non-Binary,Corporate 9-to-5,Morning Lark,170,Instagram / Reddit,48,0,39,0,90.5,3.72,16.6,18.2,5,9.6,Severe Sleep Debt,45-54
Female,Student,Intermediate,96,Streaming (Netflix/Hulu),50,1,0,35,42.8,5.45,24.7,18.9,2,3.7,Moderate Debt,35-44
Male,Corporate 9-to-5,Intermediate,126,TikTok / Reels,27,0,0,23,74.8,5.4,21.0,18.9,4,6.5,Moderate Debt,35-44
Male,Corporate 9-to-5,Morning Lark,56,TikTok / Reels,63,0,53,45,41.6,8.42,21.3,23.5,0,1.0,Optimal Recovery,25-34
Female,Student,Night Owl,29,TikTok / Reels,74,1,118,8,42.7,6.25,19.6,14.5,4,4.5,Moderate Debt,35-44
Male,Remote Tech,Morning Lark,100,YouTube,55,0,109,23,60.5,6.24,18.1,17.1,4,4.3,Moderate Debt,35-44
Male,Student,Morning Lark,20,Streaming (Netflix/Hulu),30,1,157,46,50.6,7.96,22.7,13.6,2,2.2,Optimal Recovery,45-54
Male,Freelance / Creative,Morning Lark,10,Streaming (Netflix/Hulu),53,0,0,43,24.0,9.8,21.9,20.8,0,1.0,Optimal Recovery,45-54
Female,Corporate 9-to-5,Morning Lark,66,Instagram / Reddit,70,0,178,31,62.5,7.12,16.5,13.3,3,5.9,Mild Deficit,<25
Female,Student,Morning Lark,17,YouTube,69,1,61,15,16.9,9.69,18.6,15.8,0,1.0,Optimal Recovery,35-44
Female,Corporate 9-to-5,Night Owl,47,Instagram / Reddit,54,1,0,39,29.6,5.79,19.7,15.7,4,3.4,Moderate Debt,<25
Female,Remote Tech,Intermediate,45,TikTok / Reels,63,0,89,54,37.0,7.03,22.4,18.7,1,1.6,Mild Deficit,25-34
Male,Corporate 9-to-5,Intermediate,85,TikTok / Reels,42,0,0,27,50.6,5.27,23.7,17.5,3,4.2,Moderate Debt,25-34
Male,Corporate 9-to-5,Night Owl,19,Instagram / Reddit,70,0,0,41,25.9,6.54,22.6,16.2,1,1.1,Moderate Debt,25-34
Female,Corporate 9-to-5,Intermediate,15,Instagram / Reddit,47,0,0,28,9.4,7.11,21.8,19.1,0,1.0,Mild Deficit,25-34
Male,Corporate 9-to-5,Morning Lark,43,Streaming (Netflix/Hulu),40,0,0,17,32.1,7.67,21.3,19.0,1,1.0,Mild Deficit,35-44
Male,Healthcare / Shift Worker,Intermediate,4,TikTok / Reels,74,0,65,14,18.1,6.08,16.7,16.9,3,3.1,Moderate Debt,25-34
Female,Student,Morning Lark,63,News / Reading,58,1,0,46,22.9,7.38,22.9,22.9,1,1.0,Mild Deficit,35-44
Female,Freelance / Creative,Intermediate,59,Streaming (Netflix/Hulu),57,1,0,54,27.0,6.1,20.3,22.7,4,3.8,Moderate Debt,25-34
Male,Remote Tech,Intermediate,60,YouTube,66,0,92,3,44.7,5.63,14.7,17.6,4,5.7,Moderate Debt,<25
Male,Corporate 9-to-5,Intermediate,42,News / Reading,54,0,30,29,26.9,8.77,21.5,20.3,0,1.0,Optimal Recovery,35-44
Male,Corporate 9-to-5,Intermediate,147,TikTok / Reels,36,0,73,37,87.1,4.28,22.2,17.3,7,10.0,Severe Sleep Debt,25-34
Female,Corporate 9-to-5,Night Owl,67,Instagram / Reddit,51,0,0,5,41.4,5.23,19.7,19.0,4,5.3,Moderate Debt,25-34
Female,Corporate 9-to-5,Night Owl,79,News / Reading,25,1,0,42,33.9,5.33,28.0,21.3,4,4.4,Moderate Debt,35-44
Female,Student,Morning Lark,32,YouTube,78,0,0,31,17.7,7.84,24.0,19.2,0,1.0,Optimal Recovery,25-34
Male,Remote Tech,Morning Lark,43,YouTube,33,0,91,18,36.9,8.56,19.8,18.5,1,1.0,Optimal Recovery,<25
Male,Remote Tech,Intermediate,26,TikTok / Reels,94,1,0,57,23.7,6.36,28.0,16.4,2,1.3,Moderate Debt,25-34
Female,Corporate 9-to-5,Morning Lark,55,YouTube,39,0,0,35,38.8,5.95,18.1,18.9,2,3.6,Moderate Debt,55+
Male,Corporate 9-to-5,Morning Lark,26,TikTok / Reels,67,1,0,33,22.7,8.45,25.0,19.3,0,1.0,Optimal Recovery,35-44
Male,Corporate 9-to-5,Intermediate,81,Instagram / Reddit,93,1,51,49,62.1,6.1,24.0,20.1,3,6.1,Moderate Debt,35-44
Male,Corporate 9-to-5,Intermediate,49,YouTube,60,0,113,25,36.8,6.84,18.0,20.8,3,2.6,Mild Deficit,35-44
Non-Binary,Healthcare / Shift Worker,Night Owl,2,TikTok / Reels,49,0,0,17,28.7,4.55,26.3,21.5,2,3.2,Moderate Debt,<25
Female,Corporate 9-to-5,Intermediate,24,Instagram / Reddit,56,1,20,15,29.8,6.79,20.0,22.6,1,1.0,Mild Deficit,25-34
Male,Student,Night Owl,119,Streaming (Netflix/Hulu),38,1,0,0,42.8,4.79,20.3,22.9,5,6.3,Moderate Debt,35-44
Female,Remote Tech,Night Owl,124,Instagram / Reddit,14,0,36,64,72.0,4.14,24.4,21.8,6,8.2,Moderate Debt,<25
Female,Corporate 9-to-5,Morning Lark,73,Streaming (Netflix/Hulu),67,0,46,64,40.3,8.26,20.8,21.3,1,1.4,Optimal Recovery,25-34
Male,Healthcare / Shift Worker,Intermediate,43,YouTube,14,0,20,1,36.7,5.79,19.9,23.4,4,3.0,Moderate Debt,25-34
Male,Remote Tech,Intermediate,109,YouTube,28,0,62,40,52.3,5.99,19.6,19.0,3,5.6,Moderate Debt,25-34
Female,Corporate 9-to-5,Intermediate,46,Streaming (Netflix/Hulu),56,0,0,10,33.5,7.13,20.4,23.5,1,2.5,Mild Deficit,55+
Male,Healthcare / Shift Worker,Intermediate,106,TikTok / Reels,42,0,0,0,59.9,3.47,22.4,19.6,5,8.6,Severe Sleep Debt,<25
Male,Corporate 9-to-5,Intermediate,54,Streaming (Netflix/Hulu),65,0,20,15,26.9,6.76,24.8,20.3,1,1.0,Mild Deficit,25-34
Male,Corporate 9-to-5,Intermediate,40,YouTube,87,0,59,44,48.4,6.96,15.5,19.8,2,4.4,Mild Deficit,<25
Female,Student,Intermediate,81,Instagram / Reddit,50,1,0,17,43.2,5.48,23.4,23.0,4,5.1,Moderate Debt,55+
Male,Student,Night Owl,22,TikTok / Reels,43,1,138,14,40.2,5.5,17.6,15.1,3,5.4,Moderate Debt,<25
Female,Corporate 9-to-5,Intermediate,26,TikTok / Reels,90,1,0,71,22.3,7.64,27.6,21.0,1,1.0,Mild Deficit,25-34
Female,Corporate 9-to-5,Morning Lark,16,Instagram / Reddit,69,0,0,38,17.5,8.1,25.5,19.3,1,1.0,Optimal Recovery,35-44
Female,Healthcare / Shift Worker,Morning Lark,68,YouTube,73,1,0,45,48.3,7.49,20.6,17.9,2,1.5,Mild Deficit,35-44
Female,Corporate 9-to-5,Night Owl,48,News / Reading,72,0,25,50,28.7,5.44,20.9,19.0,3,4.2,Moderate Debt,25-34
Male,Corporate 9-to-5,Intermediate,180,Messaging / Chat,50,0,66,17,79.1,3.24,16.2,19.5,6,10.0,Severe Sleep Debt,25-34
Male,Remote Tech,Night Owl,69,Instagram / Reddit,47,0,0,53,38.4,3.51,25.1,20.8,4,6.7,Moderate Debt,25-34
Male,Freelance / Creative,Night Owl,39,Messaging / Chat,36,0,0,16,32.3,6.32,22.2,19.1,4,2.6,Moderate Debt,25-34
Female,Corporate 9-to-5,Night Owl,45,Instagram / Reddit,70,1,84,37,31.8,5.21,19.1,15.2,2,3.7,Moderate Debt,<25
Male,Student,Intermediate,59,YouTube,63,0,67,23,52.5,6.21,18.7,19.1,2,5.1,Moderate Debt,25-34
Male,Remote Tech,Morning Lark,32,Instagram / Reddit,68,1,0,38,32.9,9.11,25.2,19.9,0,1.0,Optimal Recovery,25-34
Male,Remote Tech,Morning Lark,5,TikTok / Reels,18,0,0,28,14.0,9.08,25.7,21.7,1,1.0,Optimal Recovery,25-34
Male,Student,Intermediate,16,Streaming (Netflix/Hulu),74,0,0,37,19.5,7.55,19.5,18.9,2,1.0,Mild Deficit,35-44
Male,Freelance / Creative,Intermediate,36,TikTok / Reels,46,0,0,46,31.7,7.2,24.1,18.5,2,1.0,Mild Deficit,55+
Male,Corporate 9-to-5,Intermediate,12,Messaging / Chat,13,1,0,20,15.3,7.34,19.8,21.8,0,1.0,Mild Deficit,35-44
Male,Corporate 9-to-5,Intermediate,50,YouTube,29,1,0,50,34.5,6.72,25.2,23.6,3,2.0,Moderate Debt,<25
Female,Freelance / Creative,Intermediate,95,TikTok / Reels,45,0,0,27,56.1,5.07,21.1,19.7,4,6.1,Moderate Debt,<25
Male,Student,Morning Lark,27,Messaging / Chat,41,1,120,37,39.4,7.77,22.1,16.1,2,1.0,Optimal Recovery,55+
Female,Remote Tech,Morning Lark,36,Streaming (Netflix/Hulu),55,0,0,15,21.5,9.41,18.9,16.2,0,1.0,Optimal Recovery,25-34
Female,Remote Tech,Night Owl,45,Streaming (Netflix/Hulu),64,1,75,32,42.8,4.63,25.4,15.9,3,6.3,Moderate Debt,<25
Male,Student,Morning Lark,40,Streaming (Netflix/Hulu),53,0,90,51,29.2,7.79,23.7,15.3,1,1.0,Optimal Recovery,35-44
Female,Student,Intermediate,50,Streaming (Netflix/Hulu),46,1,0,38,30.4,7.5,23.3,21.1,1,1.0,Mild Deficit,35-44
Male,Freelance / Creative,Intermediate,8,YouTube,58,0,52,34,22.0,7.45,25.8,17.5,1,1.0,Mild Deficit,35-44
Female,Remote Tech,Night Owl,101,TikTok / Reels,58,0,88,73,60.1,3.2,25.5,16.7,5,9.7,Severe Sleep Debt,25-34
Female,Corporate 9-to-5,Night Owl,42,TikTok / Reels,80,0,0,21,29.7,4.69,20.3,20.7,4,5.5,Moderate Debt,<25
Female,Student,Intermediate,25,YouTube,43,0,27,72,19.3,7.94,23.9,18.3,1,1.0,Optimal Recovery,55+
Female,Remote Tech,Intermediate,61,TikTok / Reels,53,1,0,47,27.9,6.96,25.4,21.1,0,1.0,Mild Deficit,25-34
Male,Remote Tech,Morning Lark,92,Instagram / Reddit,88,1,0,74,62.0,6.29,18.8,19.8,5,4.7,Moderate Debt,35-44
Female,Remote Tech,Intermediate,21,YouTube,31,0,0,17,37.4,7.71,21.2,20.7,2,1.2,Mild Deficit,35-44
Female,Corporate 9-to-5,Night Owl,63,YouTube,48,0,0,22,50.8,4.96,19.8,22.4,4,7.0,Moderate Debt,35-44
Female,Remote Tech,Intermediate,112,Instagram / Reddit,37,0,0,57,62.1,4.94,23.4,17.4,5,6.8,Moderate Debt,25-34
Female,Student,Intermediate,113,TikTok / Reels,30,0,0,22,65.4,5.98,18.6,20.6,3,4.7,Moderate Debt,25-34
Male,Healthcare / Shift Worker,Morning Lark,82,TikTok / Reels,60,0,0,29,63.1,5.03,18.7,18.6,4,6.2,Moderate Debt,35-44
Female,Remote Tech,Night Owl,33,Instagram / Reddit,82,1,0,86,36.9,6.27,28.0,19.7,2,1.6,Moderate Debt,45-54
Male,Corporate 9-to-5,Intermediate,22,TikTok / Reels,97,0,40,0,45.9,7.64,24.7,13.8,2,1.1,Mild Deficit,55+
Male,Remote Tech,Night Owl,26,Messaging / Chat,54,1,0,34,26.4,6.46,27.2,20.0,2,1.3,Moderate Debt,<25
Male,Healthcare / Shift Worker,Intermediate,111,Instagram / Reddit,65,1,84,10,61.1,3.46,14.2,20.1,6,9.5,Severe Sleep Debt,<25
Male,Remote Tech,Intermediate,73,Instagram / Reddit,66,1,20,55,51.8,5.39,22.4,19.0,4,6.9,Moderate Debt,55+
Female,Student,Morning Lark,84,TikTok / Reels,51,1,0,21,49.1,6.72,21.3,20.5,4,3.5,Moderate Debt,35-44
Female,Remote Tech,Morning Lark,48,YouTube,81,0,0,29,35.1,7.88,26.0,21.4,1,1.0,Optimal Recovery,45-54
Male,Corporate 9-to-5,Night Owl,9,Instagram / Reddit,52,1,40,63,25.0,5.38,25.6,19.2,5,4.5,Moderate Debt,<25
Male,Healthcare / Shift Worker,Night Owl,62,News / Reading,77,1,0,18,25.7,3.54,17.7,22.4,5,6.7,Moderate Debt,35-44
Male,Corporate 9-to-5,Intermediate,24,Instagram / Reddit,48,1,21,32,25.5,7.09,24.2,20.3,1,1.2,Mild Deficit,35-44
Male,Remote Tech,Intermediate,97,Streaming (Netflix/Hulu),32,0,0,10,42.5,4.97,18.8,18.4,3,6.3,Moderate Debt,35-44
Female,Corporate 9-to-5,Intermediate,27,TikTok / Reels,33,1,0,0,25.2,6.4,21.4,17.6,2,2.5,Moderate Debt,25-34
Female,Corporate 9-to-5,Intermediate,57,Instagram / Reddit,23,1,0,0,38.6,6.17,20.4,17.4,4,4.4,Moderate Debt,<25
Male,Remote Tech,Intermediate,74,YouTube,80,1,0,0,35.5,6.04,20.9,23.2,2,4.9,Moderate Debt,35-44
Male,Remote Tech,Intermediate,180,TikTok / Reels,81,1,0,0,107.3,3.74,19.1,20.7,6,10.0,Severe Sleep Debt,25-34
Female,Student,Night Owl,47,Instagram / Reddit,41,1,0,11,27.2,6.42,22.7,20.7,2,3.1,Moderate Debt,25-34
Male,Student,Night Owl,48,YouTube,34,0,0,44,50.7,5.6,21.9,21.6,5,5.7,Moderate Debt,55+
Female,Student,Intermediate,97,Instagram / Reddit,39,0,0,14,43.6,6.21,21.0,20.1,3,3.4,Moderate Debt,25-34
Female,Remote Tech,Night Owl,43,News / Reading,59,1,140,19,37.7,6.87,16.5,18.6,3,3.0,Mild Deficit,45-54
Male,Student,Intermediate,37,YouTube,36,0,0,39,31.8,7.99,22.7,20.2,1,1.0,Optimal Recovery,<25
Male,Remote Tech,Morning Lark,30,YouTube,66,1,0,45,34.3,8.25,22.1,23.4,1,1.0,Optimal Recovery,35-44
Male,Remote Tech,Morning Lark,52,TikTok / Reels,49,0,0,47,35.8,8.27,17.0,17.9,0,1.0,Optimal Recovery,55+
Female,Remote Tech,Intermediate,34,YouTube,77,1,0,43,21.5,8.03,23.8,21.6,1,1.0,Optimal Recovery,<25
Female,Freelance / Creative,Night Owl,116,YouTube,68,1,20,59,57.9,3.47,20.2,15.1,6,8.5,Moderate Debt,<25
Male,Corporate 9-to-5,Night Owl,82,YouTube,33,0,32,45,35.0,3.95,19.2,24.0,4,7.1,Moderate Debt,25-34
Female,Freelance / Creative,Intermediate,55,Instagram / Reddit,30,0,0,22,28.1,7.49,25.5,23.0,1,1.0,Mild Deficit,<25
Male,Corporate 9-to-5,Morning Lark,52,Streaming (Netflix/Hulu),59,0,0,76,31.2,7.33,21.9,18.9,3,1.6,Mild Deficit,35-44
Male,Corporate 9-to-5,Morning Lark,29,TikTok / Reels,51,1,0,74,32.4,7.53,28.0,15.1,3,1.0,Mild Deficit,45-54
Male,Corporate 9-to-5,Intermediate,48,Streaming (Netflix/Hulu),80,0,0,12,34.0,6.99,18.9,20.4,2,2.0,Mild Deficit,25-34
Female,Student,Night Owl,44,Messaging / Chat,63,1,0,42,30.3,6.42,19.1,21.8,3,2.5,Moderate Debt,25-34
Male,Corporate 9-to-5,Night Owl,150,TikTok / Reels,46,1,250,28,104.8,3.2,15.8,12.8,7,10.0,Severe Sleep Debt,25-34
Female,Healthcare / Shift Worker,Morning Lark,42,Instagram / Reddit,89,0,0,55,34.0,7.16,23.7,21.6,3,2.1,Mild Deficit,35-44
Female,Healthcare / Shift Worker,Night Owl,69,Instagram / Reddit,46,0,0,51,47.6,3.48,24.6,21.7,7,9.8,Severe Sleep Debt,<25
Female,Student,Intermediate,72,Streaming (Netflix/Hulu),28,1,124,0,49.2,6.53,17.0,17.9,3,4.1,Moderate Debt,35-44
Female,Remote Tech,Morning Lark,24,YouTube,51,0,0,62,16.3,8.62,22.5,17.1,0,1.0,Optimal Recovery,35-44
Male,Freelance / Creative,Intermediate,42,Messaging / Chat,39,0,0,46,30.9,8.21,24.7,25.0,0,1.0,Optimal Recovery,35-44
Female,Healthcare / Shift Worker,Night Owl,80,YouTube,75,0,0,54,45.6,3.35,22.6,22.9,5,9.6,Severe Sleep Debt,25-34
Female,Remote Tech,Intermediate,22,Instagram / Reddit,32,0,49,59,21.5,6.08,26.7,23.1,2,1.9,Moderate Debt,35-44
Male,Student,Night Owl,173,Instagram / Reddit,72,1,69,37,98.0,3.2,16.2,19.7,7,10.0,Severe Sleep Debt,<25
Female,Remote Tech,Morning Lark,54,Messaging / Chat,50,1,24,43,35.2,8.37,19.5,18.1,1,1.0,Optimal Recovery,<25
Male,Remote Tech,Morning Lark,33,Messaging / Chat,23,0,0,40,25.2,8.17,22.1,18.5,1,1.0,Optimal Recovery,45-54
Female,Corporate 9-to-5,Morning Lark,18,News / Reading,64,1,0,38,31.8,7.23,26.1,20.7,2,1.0,Mild Deficit,35-44
Female,Remote Tech,Night Owl,130,TikTok / Reels,79,0,0,23,88.6,3.2,15.7,20.2,7,10.0,Severe Sleep Debt,<25
Male,Corporate 9-to-5,Intermediate,44,TikTok / Reels,57,1,0,32,34.7,7.63,20.7,17.6,0,1.0,Mild Deficit,25-34
Female,Remote Tech,Night Owl,68,YouTube,51,1,0,28,40.5,4.1,21.6,18.5,4,6.6,Moderate Debt,<25
Male,Student,Intermediate,21,TikTok / Reels,92,0,0,79,32.2,7.21,26.1,18.4,3,2.2,Mild Deficit,25-34
Female,Freelance / Creative,Intermediate,30,Instagram / Reddit,79,0,109,23,27.1,6.63,22.1,20.2,4,2.6,Moderate Debt,25-34
Female,Freelance / Creative,Night Owl,94,TikTok / Reels,70,0,0,38,64.4,4.58,19.1,16.4,4,6.6,Moderate Debt,<25
Female,Remote Tech,Intermediate,128,Instagram / Reddit,15,1,25,34,62.2,6.72,26.6,17.6,4,3.6,Moderate Debt,25-34
Female,Student,Night Owl,26,Streaming (Netflix/Hulu),41,1,0,47,16.4,6.37,21.7,19.0,2,2.4,Moderate Debt,35-44
Female,Corporate 9-to-5,Morning Lark,67,Instagram / Reddit,51,1,0,37,41.2,7.48,23.4,20.9,2,1.7,Mild Deficit,35-44
Male,Student,Intermediate,66,YouTube,64,1,0,69,38.6,7.38,22.8,23.0,1,1.0,Mild Deficit,35-44
Female,Corporate 9-to-5,Night Owl,94,Streaming (Netflix/Hulu),73,0,53,43,64.5,3.2,21.1,18.6,6,9.4,Severe Sleep Debt,<25
Female,Corporate 9-to-5,Night Owl,71,Streaming (Netflix/Hulu),34,0,0,57,40.0,4.66,28.0,19.0,4,5.7,Moderate Debt,55+
Female,Student,Morning Lark,79,Streaming (Netflix/Hulu),67,0,129,35,54.8,7.8,16.1,17.5,3,3.8,Optimal Recovery,45-54
Male,Corporate 9-to-5,Intermediate,8,Streaming (Netflix/Hulu),32,0,101,0,37.3,8.55,19.1,20.5,1,1.0,Optimal Recovery,45-54
Male,Corporate 9-to-5,Intermediate,65,Instagram / Reddit,69,0,0,20,37.4,6.85,22.0,20.5,2,2.7,Mild Deficit,45-54
Male,Healthcare / Shift Worker,Intermediate,18,YouTube,33,0,0,54,14.5,6.2,23.2,18.4,1,1.0,Moderate Debt,55+
Male,Corporate 9-to-5,Morning Lark,61,TikTok / Reels,80,0,0,50,54.9,7.74,22.7,19.1,3,2.2,Mild Deficit,25-34
Female,Corporate 9-to-5,Morning Lark,102,Streaming (Netflix/Hulu),60,0,0,56,43.3,5.47,23.9,18.4,5,5.5,Moderate Debt,<25
Female,Corporate 9-to-5,Night Owl,58,YouTube,47,0,62,52,42.8,5.26,22.4,20.4,4,4.9,Moderate Debt,35-44
Male,Corporate 9-to-5,Night Owl,80,Streaming (Netflix/Hulu),61,0,0,36,46.1,4.81,17.3,18.1,4,5.2,Moderate Debt,35-44
Male,Corporate 9-to-5,Intermediate,91,YouTube,42,0,0,50,41.6,7.01,21.1,19.5,2,1.5,Mild Deficit,35-44
Female,Student,Night Owl,86,Messaging / Chat,55,0,0,61,40.1,4.1,19.9,19.1,4,7.0,Moderate Debt,25-34
Female,Corporate 9-to-5,Morning Lark,61,TikTok / Reels,35,0,55,70,41.3,7.88,19.6,18.7,1,2.2,Optimal Recovery,<25
Non-Binary,Healthcare / Shift Worker,Intermediate,64,Instagram / Reddit,61,1,0,70,53.8,3.91,27.4,24.5,5,7.3,Moderate Debt,25-34
Male,Corporate 9-to-5,Night Owl,100,Messaging / Chat,50,0,22,87,47.0,4.88,22.8,19.6,4,5.7,Moderate Debt,45-54
Female,Remote Tech,Night Owl,180,Streaming (Netflix/Hulu),51,1,20,5,74.3,3.2,15.9,20.5,6,10.0,Severe Sleep Debt,35-44
Male,Student,Intermediate,28,Streaming (Netflix/Hulu),54,0,0,26,23.0,6.49,25.6,21.1,3,2.8,Moderate Debt,25-34
Female,Student,Night Owl,36,YouTube,37,0,0,9,27.1,5.93,23.4,19.9,3,3.0,Moderate Debt,25-34
Female,Student,Intermediate,87,YouTube,97,0,123,14,50.5,6.91,11.7,20.3,3,5.1,Mild Deficit,25-34
Female,Freelance / Creative,Night Owl,154,TikTok / Reels,51,0,0,59,95.6,3.2,22.0,19.4,7,10.0,Severe Sleep Debt,45-54
Female,Corporate 9-to-5,Intermediate,15,YouTube,77,0,79,34,24.2,7.64,23.1,17.5,1,1.0,Mild Deficit,35-44
Female,Remote Tech,Night Owl,18,Streaming (Netflix/Hulu),32,0,125,59,21.0,5.22,19.8,20.3,2,3.6,Moderate Debt,35-44
Male,Healthcare / Shift Worker,Morning Lark,53,News / Reading,10,0,95,28,52.8,5.52,19.4,23.1,4,5.7,Moderate Debt,25-34
Female,Corporate 9-to-5,Intermediate,90,Instagram / Reddit,60,0,0,64,51.9,7.09,23.3,18.4,4,3.5,Mild Deficit,35-44
Male,Corporate 9-to-5,Intermediate,53,Instagram / Reddit,76,1,37,40,41.1,6.68,23.9,16.5,2,1.6,Moderate Debt,25-34
Female,Corporate 9-to-5,Intermediate,58,Streaming (Netflix/Hulu),79,1,33,40,27.3,7.68,22.5,19.9,1,1.0,Mild Deficit,35-44
Female,Student,Intermediate,26,News / Reading,74,1,100,51,39.6,6.93,15.6,16.5,1,2.5,Mild Deficit,25-34
Male,Corporate 9-to-5,Night Owl,50,Messaging / Chat,51,0,0,34,40.5,5.81,19.2,16.4,3,4.2,Moderate Debt,25-34
Male,Corporate 9-to-5,Night Owl,33,Streaming (Netflix/Hulu),67,0,215,15,35.2,6.02,17.3,13.0,3,4.9,Moderate Debt,35-44
Male,Remote Tech,Morning Lark,63,TikTok / Reels,42,0,72,3,53.5,7.78,14.4,15.5,2,2.2,Optimal Recovery,55+
Non-Binary,Student,Night Owl,44,TikTok / Reels,43,0,22,72,32.5,5.57,24.9,14.2,2,3.5,Moderate Debt,<25
Female,Corporate 9-to-5,Morning Lark,28,YouTube,59,1,70,32,39.2,8.16,19.2,19.6,2,1.1,Optimal Recovery,45-54
Female,Corporate 9-to-5,Intermediate,132,Streaming (Netflix/Hulu),60,0,0,18,61.5,5.55,20.3,23.1,3,6.6,Moderate Debt,25-34
Male,Student,Night Owl,80,Instagram / Reddit,44,1,20,31,37.6,3.86,24.2,23.5,4,8.0,Moderate Debt,25-34
Non-Binary,Freelance / Creative,Morning Lark,64,YouTube,59,0,0,12,45.2,9.01,22.9,16.7,0,1.0,Optimal Recovery,<25
Male,Student,Night Owl,30,Messaging / Chat,78,0,60,45,24.4,7.38,16.1,21.6,3,1.7,Mild Deficit,25-34
Male,Healthcare / Shift Worker,Night Owl,79,Messaging / Chat,37,0,0,41,44.1,3.85,20.9,23.0,6,8.6,Severe Sleep Debt,25-34
Male,Remote Tech,Intermediate,24,Instagram / Reddit,68,1,0,46,15.8,7.49,25.2,18.5,0,1.0,Mild Deficit,<25
Female,Corporate 9-to-5,Intermediate,29,TikTok / Reels,28,1,34,29,40.8,7.85,21.2,15.2,2,1.2,Optimal Recovery,25-34
Male,Remote Tech,Intermediate,50,TikTok / Reels,21,0,20,69,32.3,6.21,28.0,17.5,2,2.8,Moderate Debt,55+
Male,Healthcare / Shift Worker,Night Owl,56,TikTok / Reels,61,1,25,48,42.8,3.2,25.3,20.8,5,7.6,Moderate Debt,<25
Male,Remote Tech,Morning Lark,37,Streaming (Netflix/Hulu),54,1,0,66,23.9,7.41,26.0,19.9,2,1.0,Mild Deficit,35-44
Female,Healthcare / Shift Worker,Intermediate,15,YouTube,57,0,52,16,29.9,6.01,17.5,17.4,2,2.8,Moderate Debt,25-34
Female,Freelance / Creative,Morning Lark,41,TikTok / Reels,57,0,20,62,41.0,7.4,23.6,19.7,2,1.0,Mild Deficit,35-44
Female,Corporate 9-to-5,Morning Lark,123,Instagram / Reddit,74,0,0,23,69.9,4.78,15.1,17.8,4,6.4,Moderate Debt,25-34
Female,Corporate 9-to-5,Night Owl,11,TikTok / Reels,66,0,76,36,41.7,6.89,22.5,16.4,2,3.2,Mild Deficit,<25
Male,Corporate 9-to-5,Intermediate,72,YouTube,64,0,0,39,50.2,6.92,21.5,18.2,4,3.8,Mild Deficit,<25
Female,Remote Tech,Night Owl,45,Instagram / Reddit,83,0,47,31,37.2,5.4,22.6,18.4,2,3.6,Moderate Debt,<25
Female,Corporate 9-to-5,Intermediate,18,Instagram / Reddit,73,1,0,57,21.4,6.89,25.8,19.6,2,2.6,Mild Deficit,<25
Female,Healthcare / Shift Worker,Intermediate,112,News / Reading,59,0,35,46,44.5,3.55,16.6,19.2,5,9.1,Severe Sleep Debt,35-44
Male,Corporate 9-to-5,Morning Lark,32,Instagram / Reddit,76,0,38,0,29.1,7.33,21.1,19.2,1,1.0,Mild Deficit,45-54
Male,Corporate 9-to-5,Night Owl,138,YouTube,49,0,0,73,68.4,3.2,21.7,19.7,5,9.8,Severe Sleep Debt,45-54
Female,Corporate 9-to-5,Morning Lark,58,YouTube,50,0,50,55,42.2,7.57,19.6,24.1,3,3.1,Mild Deficit,35-44
Female,Freelance / Creative,Intermediate,63,YouTube,81,0,0,70,37.1,5.49,22.2,20.9,5,5.1,Moderate Debt,<25
Female,Student,Intermediate,43,Streaming (Netflix/Hulu),50,0,0,33,31.1,7.0,21.8,20.1,1,1.0,Mild Deficit,25-34
Female,Freelance / Creative,Intermediate,97,Messaging / Chat,63,0,0,30,51.7,5.06,22.6,20.2,4,7.1,Moderate Debt,25-34
Female,Freelance / Creative,Intermediate,47,News / Reading,62,0,0,24,35.6,7.12,24.1,21.4,0,1.0,Mild Deficit,25-34
Male,Remote Tech,Intermediate,101,Instagram / Reddit,58,0,0,35,60.7,5.72,21.8,20.0,6,6.3,Moderate Debt,25-34
Female,Corporate 9-to-5,Morning Lark,64,Streaming (Netflix/Hulu),91,1,131,49,42.0,8.23,21.9,17.5,1,1.0,Optimal Recovery,25-34
Female,Corporate 9-to-5,Intermediate,42,YouTube,53,1,0,34,32.8,7.0,23.1,17.7,0,1.0,Mild Deficit,25-34
Male,Corporate 9-to-5,Night Owl,12,YouTube,90,0,0,21,26.7,6.63,20.8,23.2,2,1.0,Moderate Debt,25-34
Female,Student,Intermediate,118,TikTok / Reels,33,1,88,53,70.4,4.45,25.0,19.9,4,7.5,Moderate Debt,45-54
Male,Corporate 9-to-5,Morning Lark,57,TikTok / Reels,54,1,0,31,50.6,7.33,25.8,22.7,2,2.2,Mild Deficit,35-44
Female,Corporate 9-to-5,Intermediate,34,YouTube,50,0,0,43,23.7,6.72,25.8,21.0,1,1.0,Moderate Debt,25-34
Male,Student,Morning Lark,81,YouTube,70,1,0,6,35.4,6.78,25.7,21.1,3,2.0,Mild Deficit,45-54
Male,Student,Morning Lark,64,Messaging / Chat,28,1,21,12,34.9,7.65,20.7,20.6,1,1.0,Mild Deficit,55+
Male,Student,Intermediate,64,Instagram / Reddit,63,1,140,18,59.3,6.24,19.6,13.0,4,6.1,Moderate Debt,25-34
Female,Remote Tech,Intermediate,180,Instagram / Reddit,73,0,0,33,99.4,4.0,15.1,15.9,7,10.0,Severe Sleep Debt,25-34
Female,Healthcare / Shift Worker,Morning Lark,29,TikTok / Reels,48,0,0,18,25.9,7.74,23.1,21.5,1,1.0,Mild Deficit,25-34
Female,Remote Tech,Intermediate,83,Streaming (Netflix/Hulu),43,1,0,34,36.9,6.67,24.7,19.5,2,2.8,Moderate Debt,55+
Male,Corporate 9-to-5,Night Owl,117,Streaming (Netflix/Hulu),43,0,0,21,52.3,3.63,17.3,18.8,4,9.0,Severe Sleep Debt,45-54
Male,Healthcare / Shift Worker,Night Owl,44,YouTube,65,1,46,79,38.8,4.86,21.5,18.4,5,5.8,Moderate Debt,<25
Female,Freelance / Creative,Night Owl,28,Instagram / Reddit,23,0,0,50,33.6,6.13,23.3,19.1,2,2.8,Moderate Debt,25-34
Female,Corporate 9-to-5,Intermediate,43,Messaging / Chat,29,1,0,30,22.2,7.62,26.5,20.9,1,1.0,Mild Deficit,25-34
Female,Remote Tech,Morning Lark,63,Streaming (Netflix/Hulu),57,1,104,61,43.0,8.27,24.9,17.1,1,1.4,Optimal Recovery,25-34
Female,Remote Tech,Night Owl,106,YouTube,67,0,0,43,68.0,3.2,21.1,22.4,7,9.9,Severe Sleep Debt,<25
Female,Corporate 9-to-5,Morning Lark,31,YouTube,61,0,0,34,20.1,8.05,22.6,17.5,0,1.0,Optimal Recovery,45-54
Female,Healthcare / Shift Worker,Morning Lark,43,Instagram / Reddit,67,0,162,14,53.8,5.67,17.9,22.3,3,5.2,Moderate Debt,35-44
Male,Corporate 9-to-5,Intermediate,83,News / Reading,34,1,0,37,33.5,7.23,24.5,22.4,1,1.5,Mild Deficit,45-54
Male,Healthcare / Shift Worker,Morning Lark,92,Messaging / Chat,20,0,0,32,44.4,5.59,27.0,18.9,2,4.5,Moderate Debt,45-54
Non-Binary,Student,Night Owl,98,TikTok / Reels,73,0,0,68,73.8,3.92,22.4,17.6,4,9.3,Severe Sleep Debt,35-44
Female,Remote Tech,Night Owl,16,Messaging / Chat,30,1,0,1,15.5,6.99,18.7,21.3,1,1.0,Mild Deficit,25-34
Male,Corporate 9-to-5,Night Owl,170,TikTok / Reels,65,1,0,32,90.9,3.2,18.1,18.7,7,10.0,Severe Sleep Debt,35-44
Male,Corporate 9-to-5,Night Owl,37,YouTube,18,0,0,19,27.8,5.67,23.1,23.9,2,2.8,Moderate Debt,<25
Female,Corporate 9-to-5,Morning Lark,167,Messaging / Chat,69,0,0,26,92.5,5.51,15.6,21.2,6,10.0,Moderate Debt,35-44
Male,Corporate 9-to-5,Night Owl,180,YouTube,55,1,23,17,79.7,3.36,19.6,18.0,7,10.0,Severe Sleep Debt,<25
Female,Corporate 9-to-5,Intermediate,14,Instagram / Reddit,76,0,0,33,15.9,7.89,23.7,21.3,0,1.0,Optimal Recovery,35-44
Female,Healthcare / Shift Worker,Intermediate,81,TikTok / Reels,71,0,131,5,72.5,4.51,15.2,14.6,5,9.2,Severe Sleep Debt,25-34
Female,Remote Tech,Morning Lark,41,TikTok / Reels,48,1,44,30,45.9,8.12,21.5,19.5,2,1.7,Optimal Recovery,<25
Female,Student,Night Owl,53,Streaming (Netflix/Hulu),44,1,0,54,25.2,5.66,26.9,16.3,2,2.3,Moderate Debt,<25
Male,Remote Tech,Night Owl,93,Streaming (Netflix/Hulu),61,0,58,39,55.1,3.4,17.3,14.9,5,8.8,Severe Sleep Debt,<25
Female,Healthcare / Shift Worker,Morning Lark,24,Messaging / Chat,45,0,0,41,25.4,6.61,17.7,17.7,1,2.2,Moderate Debt,35-44
Female,Freelance / Creative,Morning Lark,39,YouTube,10,1,0,53,20.4,8.9,26.6,21.4,0,1.0,Optimal Recovery,35-44
Female,Corporate 9-to-5,Morning Lark,79,Messaging / Chat,49,0,20,51,37.5,7.37,22.6,18.3,1,1.9,Mild Deficit,25-34
Male,Healthcare / Shift Worker,Intermediate,66,TikTok / Reels,38,0,0,15,47.7,5.05,23.9,17.3,4,5.3,Moderate Debt,<25
Female,Student,Intermediate,92,TikTok / Reels,44,0,53,49,54.4,6.08,20.8,18.6,3,5.0,Moderate Debt,<25
Male,Healthcare / Shift Worker,Night Owl,38,YouTube,61,1,0,26,25.6,4.18,27.4,16.4,4,4.6,Moderate Debt,<25
Male,Student,Intermediate,22,YouTube,80,1,23,59,20.1,7.54,22.3,19.9,2,1.0,Mild Deficit,<25
Female,Remote Tech,Intermediate,180,TikTok / Reels,92,1,241,52,119.5,3.38,15.5,12.4,7,10.0,Severe Sleep Debt,45-54
Female,Corporate 9-to-5,Night Owl,29,TikTok / Reels,65,0,0,24,23.6,6.64,23.2,22.4,3,2.4,Moderate Debt,25-34
Male,Corporate 9-to-5,Intermediate,25,Instagram / Reddit,43,0,0,4,29.4,6.98,24.1,19.3,1,1.3,Mild Deficit,25-34
Female,Remote Tech,Intermediate,31,TikTok / Reels,74,1,0,50,35.6,8.33,24.9,16.8,1,1.0,Optimal Recovery,<25
Female,Freelance / Creative,Night Owl,59,TikTok / Reels,25,0,0,37,40.8,5.14,21.6,13.4,4,5.7,Moderate Debt,25-34
Male,Student,Night Owl,63,Instagram / Reddit,41,1,20,57,49.4,5.37,23.7,18.2,4,5.3,Moderate Debt,25-34
Female,Corporate 9-to-5,Morning Lark,17,YouTube,50,0,0,36,30.7,9.49,24.9,18.3,0,1.0,Optimal Recovery,35-44
Female,Healthcare / Shift Worker,Morning Lark,27,YouTube,16,0,0,25,29.9,7.41,23.8,16.5,3,1.3,Mild Deficit,25-34
Female,Student,Morning Lark,99,Messaging / Chat,60,0,50,13,54.6,6.15,22.1,16.4,3,5.7,Moderate Debt,<25
Female,Corporate 9-to-5,Intermediate,42,TikTok / Reels,39,1,0,19,36.7,6.33,20.0,22.2,3,3.4,Moderate Debt,25-34
Male,Corporate 9-to-5,Intermediate,65,News / Reading,60,0,0,64,21.7,6.1,23.5,21.2,2,2.3,Moderate Debt,25-34
Male,Corporate 9-to-5,Intermediate,28,TikTok / Reels,50,0,0,32,29.9,6.58,21.4,22.3,1,1.6,Moderate Debt,25-34
Male,Healthcare / Shift Worker,Night Owl,74,TikTok / Reels,38,1,0,53,51.8,3.2,25.1,18.7,5,7.5,Moderate Debt,55+
Male,Healthcare / Shift Worker,Morning Lark,27,Streaming (Netflix/Hulu),35,0,0,13,21.3,6.96,19.0,19.7,0,1.0,Mild Deficit,35-44
Female,Corporate 9-to-5,Intermediate,21,Streaming (Netflix/Hulu),54,0,86,4,18.1,6.67,18.3,20.0,1,2.0,Moderate Debt,25-34
Female,Corporate 9-to-5,Intermediate,10,Instagram / Reddit,69,1,0,43,20.9,7.99,22.0,17.3,0,1.0,Optimal Recovery,25-34
Female,Healthcare / Shift Worker,Intermediate,52,YouTube,69,0,32,54,42.4,4.75,23.1,19.3,3,5.4,Moderate Debt,25-34
Female,Freelance / Creative,Intermediate,77,Messaging / Chat,61,1,175,93,55.1,4.63,18.0,15.9,5,9.1,Severe Sleep Debt,25-34
Non-Binary,Student,Night Owl,78,News / Reading,66,0,0,0,48.4,4.91,23.5,26.1,3,5.5,Moderate Debt,35-44
Male,Student,Morning Lark,58,News / Reading,56,1,0,15,29.5,6.98,26.8,19.5,2,1.6,Mild Deficit,35-44
Female,Corporate 9-to-5,Morning Lark,98,Instagram / Reddit,42,0,20,57,59.8,7.08,22.3,19.1,1,1.0,Mild Deficit,<25
Female,Remote Tech,Intermediate,18,Streaming (Netflix/Hulu),83,1,0,11,35.8,8.21,22.3,19.1,0,1.0,Optimal Recovery,25-34
Female,Corporate 9-to-5,Intermediate,19,Streaming (Netflix/Hulu),42,0,0,44,21.2,7.3,26.3,20.8,1,1.5,Mild Deficit,25-34
Female,Healthcare / Shift Worker,Morning Lark,25,Messaging / Chat,87,0,0,39,22.3,6.82,25.7,15.4,2,2.1,Mild Deficit,45-54
Female,Remote Tech,Morning Lark,39,News / Reading,68,0,0,61,33.7,7.45,23.0,22.2,2,1.2,Mild Deficit,35-44
Male,Healthcare / Shift Worker,Intermediate,50,Messaging / Chat,50,1,0,63,28.9,4.95,24.4,26.7,3,4.0,Moderate Debt,25-34
Male,Remote Tech,Intermediate,104,Instagram / Reddit,29,1,0,44,49.3,4.37,22.5,22.3,4,6.8,Moderate Debt,<25
Male,Healthcare / Shift Worker,Night Owl,42,YouTube,62,1,0,63,36.3,4.48,24.1,20.9,4,5.6,Moderate Debt,35-44
Female,Corporate 9-to-5,Intermediate,81,YouTube,54,1,0,45,35.1,6.12,23.3,19.1,3,2.8,Moderate Debt,<25
Female,Remote Tech,Morning Lark,72,Streaming (Netflix/Hulu),79,0,70,22,51.1,7.05,17.7,20.4,3,3.9,Mild Deficit,25-34
Female,Student,Intermediate,103,TikTok / Reels,34,1,0,6,59.9,5.86,19.7,21.6,4,5.4,Moderate Debt,<25
Male,Corporate 9-to-5,Morning Lark,69,TikTok / Reels,76,1,20,19,46.0,7.92,20.0,20.3,1,1.3,Optimal Recovery,35-44
Male,Freelance / Creative,Intermediate,108,TikTok / Reels,84,0,0,18,88.2,4.77,21.1,18.2,4,8.0,Moderate Debt,<25
Male,Remote Tech,Intermediate,10,Messaging / Chat,41,0,90,92,43.0,7.55,25.1,14.6,0,1.0,Mild Deficit,25-34
Female,Remote Tech,Intermediate,43,Messaging / Chat,70,0,136,46,45.0,7.25,24.0,13.6,2,3.5,Mild Deficit,45-54
Male,Healthcare / Shift Worker,Night Owl,13,TikTok / Reels,83,0,0,19,29.9,5.76,17.8,17.0,2,3.0,Moderate Debt,<25
Female,Healthcare / Shift Worker,Morning Lark,25,TikTok / Reels,82,0,0,33,45.3,6.4,20.5,16.2,2,3.1,Moderate Debt,25-34
Male,Remote Tech,Night Owl,24,Streaming (Netflix/Hulu),76,0,92,0,34.1,5.82,20.0,19.8,3,4.7,Moderate Debt,25-34
Female,Freelance / Creative,Night Owl,107,YouTube,89,0,20,24,51.9,3.94,19.4,18.9,5,7.4,Moderate Debt,<25
Female,Corporate 9-to-5,Intermediate,45,TikTok / Reels,56,0,0,0,38.0,6.95,24.5,25.0,3,2.9,Mild Deficit,35-44
Male,Corporate 9-to-5,Morning Lark,170,Messaging / Chat,54,0,37,32,74.2,5.67,17.8,17.9,4,8.8,Moderate Debt,<25
Female,Remote Tech,Intermediate,42,Streaming (Netflix/Hulu),86,1,0,0,24.6,6.57,22.1,19.5,1,1.0,Moderate Debt,25-34
Female,Remote Tech,Intermediate,12,Streaming (Netflix/Hulu),10,1,0,24,21.5,7.87,19.8,22.2,1,1.0,Optimal Recovery,25-34
Female,Remote Tech,Intermediate,39,Messaging / Chat,49,0,75,18,43.4,6.77,20.0,22.0,3,4.2,Mild Deficit,35-44
Female,Corporate 9-to-5,Morning Lark,69,YouTube,39,0,0,22,35.7,5.92,27.1,20.8,2,2.6,Moderate Debt,35-44
Female,Remote Tech,Night Owl,61,YouTube,56,1,20,8,38.6,3.98,21.2,21.0,3,6.6,Moderate Debt,25-34
Female,Healthcare / Shift Worker,Morning Lark,52,YouTube,63,0,70,35,32.2,5.38,18.6,19.7,3,4.8,Moderate Debt,<25
Female,Remote Tech,Intermediate,64,News / Reading,67,1,0,63,29.3,6.25,27.5,22.0,3,3.4,Moderate Debt,35-44
Female,Freelance / Creative,Morning Lark,92,TikTok / Reels,57,0,0,73,57.3,7.17,23.4,20.4,3,3.9,Mild Deficit,25-34
Non-Binary,Healthcare / Shift Worker,Intermediate,6,Streaming (Netflix/Hulu),58,0,0,0,17.1,6.3,19.0,17.5,1,2.4,Moderate Debt,45-54
Female,Corporate 9-to-5,Night Owl,56,Instagram / Reddit,74,1,0,20,40.2,5.08,25.6,19.9,2,4.5,Moderate Debt,45-54
Female,Corporate 9-to-5,Intermediate,24,Messaging / Chat,44,1,0,56,25.6,7.55,21.3,21.8,2,1.0,Mild Deficit,45-54
Male,Corporate 9-to-5,Morning Lark,76,Messaging / Chat,48,1,0,22,30.8,7.67,25.9,16.3,1,1.0,Mild Deficit,25-34
Male,Healthcare / Shift Worker,Night Owl,26,TikTok / Reels,37,1,0,51,28.0,5.11,21.2,16.7,3,2.9,Moderate Debt,25-34
Male,Corporate 9-to-5,Night Owl,27,YouTube,55,0,44,41,35.2,6.01,23.1,20.4,2,2.3,Moderate Debt,35-44
Female,Corporate 9-to-5,Night Owl,18,YouTube,23,0,0,41,20.5,5.23,25.7,16.0,4,4.6,Moderate Debt,25-34
Male,Freelance / Creative,Night Owl,53,YouTube,81,0,0,0,31.5,4.6,18.6,17.5,3,6.3,Moderate Debt,<25
Male,Student,Intermediate,12,News / Reading,71,1,0,59,21.5,8.01,24.4,23.0,1,1.0,Optimal Recovery,45-54
Male,Corporate 9-to-5,Intermediate,17,TikTok / Reels,35,0,40,63,23.3,9.11,22.2,20.5,0,1.0,Optimal Recovery,45-54
Male,Corporate 9-to-5,Intermediate,54,Instagram / Reddit,80,0,20,27,31.7,6.09,17.6,22.4,3,4.5,Moderate Debt,25-34
Male,Healthcare / Shift Worker,Morning Lark,43,Streaming (Netflix/Hulu),50,0,0,40,27.5,6.66,20.2,21.2,2,2.4,Moderate Debt,<25
Male,Healthcare / Shift Worker,Intermediate,43,Messaging / Chat,41,1,0,29,36.1,6.51,25.4,21.9,2,1.6,Moderate Debt,25-34
Male,Corporate 9-to-5,Night Owl,9,Streaming (Netflix/Hulu),62,1,0,36,29.2,7.0,27.3,20.6,1,1.0,Mild Deficit,45-54
Female,Remote Tech,Intermediate,54,Messaging / Chat,22,0,0,56,45.1,6.25,24.9,19.0,3,4.3,Moderate Debt,45-54
Male,Healthcare / Shift Worker,Night Owl,57,TikTok / Reels,48,1,128,18,51.6,3.2,23.6,21.3,6,9.5,Severe Sleep Debt,<25
Male,Student,Intermediate,97,TikTok / Reels,62,1,0,49,60.9,4.93,26.6,21.0,5,6.5,Moderate Debt,<25
Female,Healthcare / Shift Worker,Intermediate,71,TikTok / Reels,91,1,95,51,55.5,5.36,25.5,12.9,4,6.6,Moderate Debt,45-54
Non-Binary,Remote Tech,Intermediate,23,YouTube,30,1,0,57,19.1,7.94,27.4,21.5,1,1.0,Optimal Recovery,25-34
Female,Freelance / Creative,Intermediate,23,Instagram / Reddit,31,1,0,35,35.3,7.85,28.0,20.5,1,1.0,Optimal Recovery,25-34
Female,Corporate 9-to-5,Intermediate,102,YouTube,50,0,52,13,51.9,5.11,16.1,21.8,3,6.4,Moderate Debt,55+
Male,Corporate 9-to-5,Morning Lark,92,TikTok / Reels,49,0,0,29,63.0,6.18,24.1,13.3,4,4.6,Moderate Debt,<25
Female,Student,Morning Lark,47,YouTube,71,1,0,39,44.5,7.68,20.5,21.3,1,1.0,Mild Deficit,35-44
Female,Remote Tech,Night Owl,77,TikTok / Reels,85,1,0,59,49.3,5.3,27.8,16.8,3,4.9,Moderate Debt,<25
Female,Healthcare / Shift Worker,Morning Lark,86,Messaging / Chat,76,0,0,48,45.6,4.59,17.4,19.1,4,7.8,Moderate Debt,25-34
Female,Corporate 9-to-5,Intermediate,15,News / Reading,46,1,0,9,28.9,6.81,27.3,25.3,2,1.1,Mild Deficit,45-54
Female,Healthcare / Shift Worker,Intermediate,20,TikTok / Reels,84,1,0,1,20.7,6.77,21.9,20.0,1,1.0,Mild Deficit,25-34
Female,Corporate 9-to-5,Intermediate,37,TikTok / Reels,53,1,0,17,29.9,7.19,26.0,22.8,0,1.0,Mild Deficit,55+
Female,Student,Night Owl,103,Messaging / Chat,65,1,0,22,52.2,4.16,21.1,21.5,4,6.4,Moderate Debt,25-34
Non-Binary,Corporate 9-to-5,Night Owl,139,TikTok / Reels,63,0,0,16,87.3,3.2,17.4,21.2,5,10.0,Severe Sleep Debt,25-34
Non-Binary,Student,Night Owl,57,Messaging / Chat,64,0,0,0,44.0,5.07,18.1,21.7,3,5.7,Moderate Debt,25-34
Female,Student,Intermediate,22,YouTube,72,1,250,15,42.5,7.71,19.6,13.6,2,1.7,Mild Deficit,25-34
Male,Remote Tech,Intermediate,25,YouTube,71,1,0,37,30.5,8.26,25.3,17.1,0,1.0,Optimal Recovery,25-34
Female,Corporate 9-to-5,Night Owl,39,Instagram / Reddit,70,0,85,62,36.6,4.9,20.6,17.3,3,6.0,Moderate Debt,<25
Female,Remote Tech,Night Owl,39,TikTok / Reels,45,1,0,64,31.3,6.49,27.2,20.9,3,2.4,Moderate Debt,25-34
Female,Healthcare / Shift Worker,Night Owl,24,TikTok / Reels,38,0,53,56,27.7,3.2,19.2,19.4,6,8.2,Moderate Debt,25-34
Male,Corporate 9-to-5,Night Owl,42,Messaging / Chat,70,1,0,39,35.6,6.79,23.4,20.3,2,1.0,Mild Deficit,35-44
Male,Corporate 9-to-5,Morning Lark,10,News / Reading,62,1,52,76,21.9,8.43,28.0,16.4,0,1.0,Optimal Recovery,35-44
Female,Corporate 9-to-5,Morning Lark,44,Streaming (Netflix/Hulu),73,0,0,31,27.0,6.6,23.4,27.0,2,1.7,Moderate Debt,35-44
Female,Freelance / Creative,Night Owl,28,Streaming (Netflix/Hulu),46,0,0,48,18.5,6.35,19.4,20.0,1,2.0,Moderate Debt,<25
Female,Remote Tech,Night Owl,27,Messaging / Chat,70,0,82,30,34.2,5.84,16.7,15.9,3,5.0,Moderate Debt,<25
Male,Corporate 9-to-5,Night Owl,67,YouTube,49,0,0,34,35.9,6.36,16.8,19.5,2,3.0,Moderate Debt,35-44
Male,Healthcare / Shift Worker,Intermediate,70,YouTube,48,1,0,52,41.7,5.02,26.6,20.5,3,3.3,Moderate Debt,25-34
Female,Student,Intermediate,37,TikTok / Reels,78,1,85,16,35.4,8.17,17.3,18.4,1,1.0,Optimal Recovery,<25
Male,Corporate 9-to-5,Intermediate,20,TikTok / Reels,77,1,58,52,27.6,7.49,25.7,16.9,2,2.2,Mild Deficit,45-54
Female,Freelance / Creative,Intermediate,54,Streaming (Netflix/Hulu),59,0,0,20,35.5,5.78,22.9,20.3,3,2.6,Moderate Debt,35-44
Male,Student,Intermediate,36,TikTok / Reels,48,0,0,40,47.4,6.78,21.5,19.8,3,2.6,Mild Deficit,25-34
Male,Remote Tech,Night Owl,80,TikTok / Reels,53,1,136,44,66.3,4.2,22.0,16.8,7,9.1,Severe Sleep Debt,<25
Female,Remote Tech,Morning Lark,67,YouTube,58,1,104,50,46.2,7.36,18.0,15.5,3,3.4,Mild Deficit,35-44
Male,Healthcare / Shift Worker,Intermediate,74,TikTok / Reels,47,0,0,32,50.3,3.91,20.5,17.2,5,7.2,Moderate Debt,35-44
Male,Corporate 9-to-5,Intermediate,7,TikTok / Reels,61,0,0,6,13.2,6.91,18.6,18.7,2,2.3,Mild Deficit,35-44
Female,Corporate 9-to-5,Intermediate,126,TikTok / Reels,45,0,0,63,77.5,4.35,20.4,13.6,6,9.2,Severe Sleep Debt,35-44
Female,Corporate 9-to-5,Intermediate,55,Messaging / Chat,86,0,0,39,42.2,5.99,22.4,18.8,3,4.2,Moderate Debt,45-54
Male,Student,Night Owl,9,Streaming (Netflix/Hulu),15,1,0,8,26.3,5.88,21.2,21.7,3,3.7,Moderate Debt,25-34
Female,Remote Tech,Morning Lark,40,Streaming (Netflix/Hulu),42,0,0,94,21.9,7.82,22.6,21.2,0,1.0,Optimal Recovery,<25
Female,Student,Morning Lark,48,Messaging / Chat,70,1,30,55,32.6,7.47,20.4,18.7,2,1.0,Mild Deficit,35-44
Female,Corporate 9-to-5,Night Owl,107,News / Reading,87,0,0,65,46.2,3.79,17.7,19.8,5,8.9,Severe Sleep Debt,35-44
Male,Student,Intermediate,70,YouTube,43,0,0,31,44.0,7.95,22.1,17.0,2,1.0,Optimal Recovery,35-44
Male,Student,Morning Lark,60,Messaging / Chat,50,0,23,71,38.6,7.47,22.5,16.1,0,1.3,Mild Deficit,<25
Male,Remote Tech,Intermediate,49,YouTube,64,1,54,9,30.1,6.58,18.4,15.6,2,2.2,Moderate Debt,<25
Male,Healthcare / Shift Worker,Intermediate,43,TikTok / Reels,65,0,0,40,32.7,5.56,25.2,18.2,3,3.7,Moderate Debt,45-54
Female,Corporate 9-to-5,Morning Lark,14,Streaming (Netflix/Hulu),58,1,149,46,40.7,8.21,24.1,13.1,2,1.0,Optimal Recovery,35-44
Male,Student,Intermediate,57,YouTube,71,0,62,14,44.0,7.02,24.9,16.3,3,3.6,Mild Deficit,45-54
Male,Corporate 9-to-5,Night Owl,24,TikTok / Reels,61,1,0,25,36.5,5.79,23.3,16.2,2,3.0,Moderate Debt,35-44
Female,Remote Tech,Intermediate,30,TikTok / Reels,61,1,0,33,20.6,8.11,21.4,19.9,1,1.0,Optimal Recovery,35-44
Female,Freelance / Creative,Morning Lark,72,Instagram / Reddit,86,0,33,1,57.5,6.26,18.0,17.0,5,5.8,Moderate Debt,35-44
Female,Freelance / Creative,Intermediate,29,Messaging / Chat,52,0,0,43,31.4,7.71,26.0,20.7,2,1.2,Mild Deficit,45-54
Male,Corporate 9-to-5,Intermediate,10,YouTube,50,1,0,23,11.7,8.09,22.6,20.1,1,1.0,Optimal Recovery,35-44
Male,Remote Tech,Morning Lark,41,Streaming (Netflix/Hulu),49,1,0,33,26.8,7.88,22.6,22.9,1,1.0,Optimal Recovery,35-44
Male,Corporate 9-to-5,Night Owl,9,TikTok / Reels,43,1,148,55,35.7,6.16,19.6,18.6,1,4.1,Moderate Debt,<25
Non-Binary,Healthcare / Shift Worker,Intermediate,51,YouTube,53,0,0,50,33.7,5.86,25.7,17.6,3,5.0,Moderate Debt,25-34
Female,Remote Tech,Intermediate,77,TikTok / Reels,43,0,0,16,45.1,6.13,23.9,20.1,4,4.3,Moderate Debt,35-44
Male,Remote Tech,Night Owl,43,Streaming (Netflix/Hulu),64,1,0,27,24.4,6.57,22.6,22.1,1,2.8,Moderate Debt,25-34
Male,Corporate 9-to-5,Intermediate,12,Messaging / Chat,65,1,57,24,19.9,9.17,24.2,18.3,0,1.0,Optimal Recovery,<25
Female,Freelance / Creative,Morning Lark,83,TikTok / Reels,60,1,0,22,63.0,5.99,19.5,19.0,3,4.9,Moderate Debt,25-34
Non-Binary,Remote Tech,Intermediate,112,News / Reading,63,1,49,27,43.2,4.48,17.5,21.8,4,7.6,Moderate Debt,25-34
Female,Corporate 9-to-5,Intermediate,40,Instagram / Reddit,71,0,38,25,27.1,8.38,21.6,20.1,2,1.0,Optimal Recovery,<25
Male,Remote Tech,Intermediate,30,TikTok / Reels,34,1,0,19,24.4,8.41,25.3,16.8,1,1.0,Optimal Recovery,25-34
Male,Corporate 9-to-5,Intermediate,14,Instagram / Reddit,60,0,20,4,17.9,8.12,21.7,18.0,1,1.0,Optimal Recovery,45-54
Male,Student,Intermediate,53,Messaging / Chat,87,0,75,39,40.5,6.25,17.6,17.5,3,3.0,Moderate Debt,25-34
Male,Freelance / Creative,Intermediate,100,YouTube,44,0,63,21,68.8,5.02,15.9,17.0,4,7.1,Moderate Debt,<25
Female,Healthcare / Shift Worker,Night Owl,14,YouTube,100,1,50,15,31.9,4.55,20.6,23.0,4,4.8,Moderate Debt,<25
Male,Remote Tech,Intermediate,8,Instagram / Reddit,49,1,0,17,23.9,7.46,21.6,21.7,1,1.0,Mild Deficit,35-44
Female,Healthcare / Shift Worker,Intermediate,41,YouTube,60,0,27,36,29.4,4.59,26.3,20.7,4,5.1,Moderate Debt,25-34
Male,Remote Tech,Intermediate,15,TikTok / Reels,61,1,0,5,19.0,8.13,23.8,18.1,1,1.0,Optimal Recovery,45-54
Male,Corporate 9-to-5,Intermediate,48,Streaming (Netflix/Hulu),26,0,81,73,36.8,6.7,20.6,18.9,2,2.0,Moderate Debt,35-44
Male,Freelance / Creative,Intermediate,58,Streaming (Netflix/Hulu),39,1,56,46,40.2,7.82,23.9,22.6,2,1.0,Optimal Recovery,35-44
Female,Corporate 9-to-5,Morning Lark,60,Instagram / Reddit,68,1,179,25,46.2,8.08,19.7,17.2,1,2.9,Optimal Recovery,25-34
Male,Corporate 9-to-5,Intermediate,71,Streaming (Netflix/Hulu),50,0,0,6,36.7,5.53,18.4,17.6,2,4.2,Moderate Debt,35-44
Male,Freelance / Creative,Intermediate,126,TikTok / Reels,38,0,0,53,82.4,4.43,20.8,21.6,5,8.9,Severe Sleep Debt,25-34
Male,Corporate 9-to-5,Intermediate,82,TikTok / Reels,79,1,20,24,57.7,5.15,19.1,17.7,4,6.1,Moderate Debt,55+
Female,Student,Night Owl,86,Messaging / Chat,61,1,32,6,46.1,5.0,22.5,16.0,4,5.8,Moderate Debt,35-44
Female,Freelance / Creative,Intermediate,18,YouTube,52,0,50,18,28.6,7.8,25.3,18.4,3,1.0,Optimal Recovery,25-34
Female,Remote Tech,Night Owl,51,Instagram / Reddit,100,1,39,16,31.9,5.9,18.6,17.1,4,4.1,Moderate Debt,25-34
Male,Corporate 9-to-5,Night Owl,104,TikTok / Reels,35,1,0,41,83.8,3.2,20.6,15.7,7,9.1,Severe Sleep Debt,<25
Male,Remote Tech,Night Owl,32,TikTok / Reels,34,1,0,25,26.0,5.01,16.6,17.2,3,3.9,Moderate Debt,35-44
Non-Binary,Corporate 9-to-5,Night Owl,80,TikTok / Reels,47,0,20,51,60.4,4.5,25.7,18.6,6,8.5,Moderate Debt,<25
Female,Remote Tech,Intermediate,146,Messaging / Chat,61,0,0,28,83.2,4.09,16.4,15.7,6,9.7,Severe Sleep Debt,35-44
Female,Healthcare / Shift Worker,Intermediate,24,Instagram / Reddit,64,1,35,39,28.2,4.22,18.1,19.4,3,5.9,Moderate Debt,25-34
Male,Remote Tech,Morning Lark,14,Streaming (Netflix/Hulu),40,1,0,9,21.1,9.08,19.9,19.2,0,1.0,Optimal Recovery,35-44
Male,Remote Tech,Night Owl,62,News / Reading,27,1,0,31,26.9,4.39,25.3,23.1,5,5.6,Moderate Debt,45-54
Male,Remote Tech,Intermediate,46,TikTok / Reels,67,0,0,28,35.6,6.54,21.6,19.6,1,2.2,Moderate Debt,35-44
Male,Remote Tech,Intermediate,119,TikTok / Reels,46,0,0,35,79.2,4.23,19.2,15.2,6,8.6,Severe Sleep Debt,35-44
Female,Healthcare / Shift Worker,Intermediate,20,TikTok / Reels,55,1,0,25,22.2,5.85,23.3,18.3,2,3.2,Moderate Debt,<25
Male,Corporate 9-to-5,Intermediate,101,YouTube,57,1,0,19,56.5,5.52,13.8,23.4,4,5.5,Moderate Debt,<25
Male,Healthcare / Shift Worker,Intermediate,44,Messaging / Chat,74,1,0,23,30.9,7.22,22.3,18.4,3,1.6,Mild Deficit,35-44
Female,Remote Tech,Intermediate,29,Streaming (Netflix/Hulu),45,1,75,9,28.8,7.51,18.4,20.5,1,1.0,Mild Deficit,25-34
Female,Corporate 9-to-5,Night Owl,51,Streaming (Netflix/Hulu),87,1,0,41,34.8,6.22,26.2,21.7,3,2.3,Moderate Debt,25-34
Female,Corporate 9-to-5,Night Owl,37,Instagram / Reddit,52,0,0,28,35.2,6.06,22.7,19.6,1,1.9,Moderate Debt,<25
Female,Remote Tech,Night Owl,49,Streaming (Netflix/Hulu),28,1,0,0,27.3,5.78,17.6,18.9,2,4.0,Moderate Debt,25-34
Male,Student,Night Owl,98,Instagram / Reddit,35,0,21,40,60.5,4.46,22.2,21.0,5,8.5,Moderate Debt,<25
Female,Corporate 9-to-5,Morning Lark,154,YouTube,34,0,0,13,64.2,6.9,23.0,20.6,4,4.4,Mild Deficit,45-54
Female,Freelance / Creative,Night Owl,46,Instagram / Reddit,40,0,0,17,36.1,5.93,18.5,17.0,3,2.2,Moderate Debt,25-34
Female,Remote Tech,Intermediate,65,Streaming (Netflix/Hulu),60,1,72,107,45.2,6.77,24.5,17.0,2,2.4,Mild Deficit,25-34
Male,Freelance / Creative,Night Owl,89,Instagram / Reddit,75,1,0,47,50.2,4.12,22.6,21.8,4,5.8,Moderate Debt,<25
Female,Corporate 9-to-5,Morning Lark,64,YouTube,11,1,108,23,31.3,7.32,18.7,17.6,2,1.4,Mild Deficit,35-44
Male,Corporate 9-to-5,Intermediate,30,YouTube,73,0,0,36,28.0,7.19,21.4,16.8,1,1.5,Mild Deficit,25-34
Female,Corporate 9-to-5,Night Owl,58,Instagram / Reddit,83,1,79,28,39.4,5.23,18.3,18.6,4,6.4,Moderate Debt,45-54
Female,Corporate 9-to-5,Intermediate,46,TikTok / Reels,96,0,0,101,36.9,6.62,24.4,18.0,3,1.9,Moderate Debt,45-54
Female,Healthcare / Shift Worker,Intermediate,9,YouTube,63,0,0,42,22.4,6.15,23.2,18.4,1,1.9,Moderate Debt,25-34
Female,Corporate 9-to-5,Intermediate,3,TikTok / Reels,19,0,22,47,22.8,8.23,22.8,18.8,0,1.0,Optimal Recovery,45-54
Female,Remote Tech,Intermediate,58,Instagram / Reddit,28,1,65,1,38.8,5.97,22.3,21.8,4,3.8,Moderate Debt,55+
Female,Corporate 9-to-5,Intermediate,26,TikTok / Reels,73,1,54,32,27.4,8.14,21.8,18.1,1,1.0,Optimal Recovery,45-54
Male,Remote Tech,Intermediate,91,News / Reading,57,1,0,13,41.3,5.63,17.4,20.5,3,4.3,Moderate Debt,45-54
Male,Healthcare / Shift Worker,Morning Lark,29,TikTok / Reels,42,0,0,57,28.8,7.17,24.5,15.9,2,1.0,Mild Deficit,25-34
Female,Student,Intermediate,33,Instagram / Reddit,25,1,226,65,38.8,6.46,15.5,14.2,2,4.8,Moderate Debt,35-44
Female,Student,Morning Lark,77,TikTok / Reels,33,0,0,12,48.9,7.14,21.0,19.6,2,1.0,Mild Deficit,<25
Non-Binary,Corporate 9-to-5,Intermediate,39,TikTok / Reels,65,0,62,10,34.7,6.03,19.3,19.4,2,4.1,Moderate Debt,<25
Male,Freelance / Creative,Intermediate,25,Streaming (Netflix/Hulu),65,0,89,12,36.7,8.15,22.2,20.6,2,1.0,Optimal Recovery,55+
Female,Student,Intermediate,68,TikTok / Reels,74,1,56,78,52.1,6.36,23.4,17.0,3,4.5,Moderate Debt,25-34
Male,Remote Tech,Intermediate,180,Streaming (Netflix/Hulu),81,1,0,20,75.4,3.71,17.7,19.6,6,10.0,Severe Sleep Debt,35-44
Male,Remote Tech,Intermediate,29,TikTok / Reels,37,1,0,28,29.8,7.18,20.0,19.2,2,2.3,Mild Deficit,45-54
Male,Freelance / Creative,Night Owl,84,Instagram / Reddit,73,0,0,47,68.0,4.75,21.8,19.7,4,7.0,Moderate Debt,45-54
Female,Remote Tech,Night Owl,75,Streaming (Netflix/Hulu),40,1,81,0,40.0,5.1,22.1,23.7,4,5.8,Moderate Debt,55+
Female,Student,Night Owl,167,Messaging / Chat,53,1,64,52,77.6,3.2,20.3,20.1,7,10.0,Severe Sleep Debt,25-34
Female,Remote Tech,Intermediate,104,YouTube,40,0,135,43,71.5,4.58,13.2,22.4,5,9.5,Severe Sleep Debt,<25
Male,Corporate 9-to-5,Intermediate,49,Streaming (Netflix/Hulu),70,0,0,9,25.9,6.02,20.2,18.8,2,2.2,Moderate Debt,25-34
Male,Student,Morning Lark,67,Streaming (Netflix/Hulu),43,1,55,20,32.5,7.31,21.1,20.5,2,1.5,Mild Deficit,<25
Female,Student,Intermediate,12,TikTok / Reels,68,1,149,19,29.0,8.04,20.0,18.0,0,1.0,Optimal Recovery,<25
Male,Remote Tech,Night Owl,119,Streaming (Netflix/Hulu),65,0,57,47,54.6,3.84,20.3,16.0,4,8.1,Moderate Debt,25-34
Male,Student,Intermediate,18,Streaming (Netflix/Hulu),78,0,0,60,13.3,8.06,19.5,20.0,0,1.0,Optimal Recovery,35-44
Non-Binary,Corporate 9-to-5,Intermediate,67,TikTok / Reels,67,0,144,32,56.2,7.42,19.9,13.6,2,3.8,Mild Deficit,35-44
Male,Healthcare / Shift Worker,Intermediate,67,Messaging / Chat,92,0,62,53,39.4,5.65,21.3,19.4,3,4.5,Moderate Debt,25-34
Non-Binary,Freelance / Creative,Intermediate,74,TikTok / Reels,42,0,0,18,40.3,6.33,20.3,19.8,2,2.1,Moderate Debt,35-44
Female,Healthcare / Shift Worker,Morning Lark,24,YouTube,71,1,0,35,21.0,7.3,24.1,18.6,3,1.0,Mild Deficit,25-34
Male,Corporate 9-to-5,Intermediate,48,YouTube,63,1,86,25,39.2,7.17,24.0,17.1,3,1.6,Mild Deficit,<25
Male,Remote Tech,Intermediate,79,Streaming (Netflix/Hulu),40,1,0,32,35.2,5.64,28.0,19.8,2,3.3,Moderate Debt,35-44
Female,Healthcare / Shift Worker,Intermediate,75,Streaming (Netflix/Hulu),74,0,39,12,59.5,5.4,18.5,20.1,5,6.9,Moderate Debt,35-44
Female,Remote Tech,Intermediate,160,YouTube,72,1,0,0,78.4,5.44,17.7,23.4,5,8.0,Moderate Debt,35-44
Non-Binary,Remote Tech,Night Owl,114,TikTok / Reels,42,1,0,41,69.2,4.04,22.8,22.9,6,8.4,Moderate Debt,<25
Female,Freelance / Creative,Night Owl,45,TikTok / Reels,22,0,46,29,36.6,5.13,21.3,17.3,4,5.2,Moderate Debt,45-54
Male,Remote Tech,Night Owl,44,TikTok / Reels,53,1,0,26,38.8,5.22,19.8,16.3,4,3.8,Moderate Debt,35-44
Female,Remote Tech,Intermediate,28,Messaging / Chat,41,0,0,32,24.7,7.55,20.5,21.3,1,1.0,Mild Deficit,25-34
Female,Corporate 9-to-5,Intermediate,76,Streaming (Netflix/Hulu),58,1,0,56,43.4,6.97,23.7,19.1,1,1.0,Mild Deficit,35-44
Female,Corporate 9-to-5,Night Owl,12,Instagram / Reddit,55,0,0,0,19.2,6.05,21.1,18.6,4,2.9,Moderate Debt,45-54
Female,Corporate 9-to-5,Morning Lark,14,TikTok / Reels,91,0,72,94,23.2,7.86,26.3,16.2,1,1.0,Optimal Recovery,35-44
Male,Freelance / Creative,Morning Lark,71,Instagram / Reddit,40,0,20,15,51.2,7.65,20.4,21.4,3,1.6,Mild Deficit,35-44
Male,Remote Tech,Intermediate,96,YouTube,67,0,0,23,60.1,5.49,19.3,19.0,6,7.6,Moderate Debt,55+
Female,Remote Tech,Intermediate,31,Streaming (Netflix/Hulu),28,0,35,63,34.5,7.86,24.6,18.4,1,1.0,Optimal Recovery,35-44
Female,Healthcare / Shift Worker,Morning Lark,80,TikTok / Reels,35,1,137,65,59.6,4.82,25.2,17.1,4,7.1,Moderate Debt,25-34
Female,Student,Night Owl,127,Instagram / Reddit,46,0,0,0,75.3,3.2,23.2,18.0,6,9.3,Severe Sleep Debt,35-44
Female,Student,Intermediate,92,YouTube,38,0,0,15,57.8,5.06,18.8,19.7,4,5.4,Moderate Debt,25-34
Male,Corporate 9-to-5,Intermediate,64,News / Reading,64,1,116,40,33.0,6.15,19.3,22.4,2,4.3,Moderate Debt,25-34
Female,Healthcare / Shift Worker,Intermediate,70,TikTok / Reels,54,0,0,11,43.2,4.58,22.6,16.5,4,5.4,Moderate Debt,35-44
Female,Corporate 9-to-5,Intermediate,78,TikTok / Reels,71,0,0,45,58.0,6.56,15.0,18.9,3,4.5,Moderate Debt,55+
Female,Corporate 9-to-5,Morning Lark,55,News / Reading,34,0,0,32,32.5,9.23,20.3,19.0,1,1.0,Optimal Recovery,55+
Female,Corporate 9-to-5,Morning Lark,38,YouTube,59,1,162,0,38.7,7.73,18.5,20.4,1,1.0,Mild Deficit,25-34
Female,Corporate 9-to-5,Intermediate,57,Streaming (Netflix/Hulu),40,0,0,61,34.1,7.28,25.4,16.8,2,1.5,Mild Deficit,25-34
Female,Corporate 9-to-5,Night Owl,36,Instagram / Reddit,80,0,0,52,35.7,5.89,23.4,18.6,3,1.6,Moderate Debt,<25
Male,Student,Intermediate,94,YouTube,34,0,82,39,49.5,6.4,20.8,20.4,3,4.3,Moderate Debt,55+
Male,Corporate 9-to-5,Intermediate,56,YouTube,20,1,0,75,39.6,7.68,21.8,18.7,1,1.0,Mild Deficit,55+
Male,Student,Intermediate,28,YouTube,43,0,118,46,21.7,8.19,19.2,14.6,1,1.0,Optimal Recovery,35-44
Female,Corporate 9-to-5,Intermediate,45,Streaming (Netflix/Hulu),33,1,47,14,29.9,5.85,20.6,15.4,3,3.8,Moderate Debt,45-54
Female,Corporate 9-to-5,Intermediate,30,Messaging / Chat,58,1,0,5,27.5,6.74,19.8,21.3,2,1.6,Moderate Debt,35-44
Male,Remote Tech,Morning Lark,130,Streaming (Netflix/Hulu),67,0,27,0,74.5,5.4,15.0,19.0,5,7.0,Moderate Debt,35-44
Male,Freelance / Creative,Night Owl,90,YouTube,70,0,0,12,47.9,4.03,21.5,21.9,3,7.6,Moderate Debt,<25
Non-Binary,Healthcare / Shift Worker,Intermediate,40,YouTube,12,0,164,41,32.9,4.72,23.2,16.6,4,5.7,Moderate Debt,25-34
Female,Freelance / Creative,Intermediate,35,Instagram / Reddit,69,1,29,31,33.2,7.55,23.3,17.5,1,1.0,Mild Deficit,35-44
Female,Student,Intermediate,39,News / Reading,60,1,141,26,29.1,5.84,22.2,19.4,2,3.5,Moderate Debt,35-44
Male,Student,Night Owl,18,Streaming (Netflix/Hulu),69,1,0,40,27.8,6.31,19.5,18.2,4,3.6,Moderate Debt,25-34
Male,Student,Intermediate,58,YouTube,73,0,0,40,40.0,5.65,21.3,20.6,4,5.0,Moderate Debt,55+
Male,Student,Morning Lark,21,TikTok / Reels,43,1,35,59,18.6,8.87,24.9,15.9,1,1.0,Optimal Recovery,<25
Male,Corporate 9-to-5,Night Owl,51,Streaming (Netflix/Hulu),37,1,0,51,24.0,5.21,24.5,19.6,3,4.4,Moderate Debt,25-34
Male,Remote Tech,Intermediate,90,Instagram / Reddit,62,1,47,32,49.3,5.25,18.7,17.0,4,5.2,Moderate Debt,35-44
Male,Remote Tech,Morning Lark,124,Instagram / Reddit,74,0,0,29,71.5,5.77,17.0,21.7,5,7.2,Moderate Debt,35-44
Male,Remote Tech,Morning Lark,36,Instagram / Reddit,30,1,103,55,41.0,9.54,20.9,20.6,0,1.0,Optimal Recovery,35-44
Male,Remote Tech,Night Owl,35,TikTok / Reels,56,0,0,40,25.4,5.11,21.3,21.4,3,2.8,Moderate Debt,25-34
Male,Corporate 9-to-5,Night Owl,16,TikTok / Reels,45,1,0,23,20.9,5.65,19.6,21.6,4,2.5,Moderate Debt,<25
Female,Remote Tech,Night Owl,77,TikTok / Reels,45,0,0,3,47.8,4.49,24.5,20.1,4,6.6,Moderate Debt,35-44
Female,Corporate 9-to-5,Night Owl,52,TikTok / Reels,47,0,0,68,41.8,4.42,23.7,17.2,5,6.2,Moderate Debt,35-44
Male,Freelance / Creative,Intermediate,30,TikTok / Reels,68,0,0,60,25.0,8.71,24.1,18.1,0,1.0,Optimal Recovery,<25
Female,Corporate 9-to-5,Intermediate,33,TikTok / Reels,67,1,79,20,36.7,6.14,20.9,17.4,3,3.3,Moderate Debt,35-44
Male,Corporate 9-to-5,Intermediate,101,YouTube,37,0,0,39,63.7,5.56,22.6,21.0,3,4.8,Moderate Debt,25-34
Female,Healthcare / Shift Worker,Night Owl,7,TikTok / Reels,28,1,0,52,22.1,5.13,23.4,20.9,3,3.9,Moderate Debt,35-44
Female,Remote Tech,Intermediate,113,YouTube,76,0,0,60,60.2,5.77,24.6,20.2,4,5.0,Moderate Debt,45-54
Male,Corporate 9-to-5,Night Owl,28,YouTube,71,0,127,35,30.7,4.99,19.4,18.6,3,5.4,Moderate Debt,<25
Female,Remote Tech,Morning Lark,84,Messaging / Chat,80,1,85,2,50.7,6.32,20.5,20.9,3,3.8,Moderate Debt,<25
Female,Corporate 9-to-5,Night Owl,22,YouTube,66,0,0,54,28.9,6.43,25.9,20.4,3,3.5,Moderate Debt,35-44
Female,Corporate 9-to-5,Intermediate,66,TikTok / Reels,82,0,121,11,61.6,5.34,21.0,16.5,4,5.9,Moderate Debt,35-44
Male,Corporate 9-to-5,Night Owl,45,YouTube,10,1,34,23,41.0,5.26,19.3,20.2,3,4.4,Moderate Debt,35-44
Female,Remote Tech,Morning Lark,111,Messaging / Chat,53,1,89,33,61.6,6.3,23.3,18.1,3,4.1,Moderate Debt,45-54
Male,Healthcare / Shift Worker,Morning Lark,44,YouTube,41,0,0,39,33.5,6.55,19.2,20.7,3,2.9,Moderate Debt,45-54
Female,Remote Tech,Morning Lark,119,YouTube,95,0,0,37,72.3,6.71,16.8,19.2,3,6.1,Moderate Debt,55+
Male,Student,Intermediate,39,News / Reading,31,1,35,80,22.3,7.84,24.2,19.4,2,1.0,Optimal Recovery,25-34
Female,Corporate 9-to-5,Intermediate,81,YouTube,28,1,0,38,41.9,5.63,23.2,15.2,3,2.8,Moderate Debt,25-34
Female,Corporate 9-to-5,Night Owl,92,News / Reading,42,1,167,14,47.1,4.73,16.7,18.4,6,9.2,Severe Sleep Debt,25-34
Female,Healthcare / Shift Worker,Intermediate,43,Streaming (Netflix/Hulu),44,1,84,0,30.4,4.98,16.9,15.8,3,5.6,Moderate Debt,<25
Female,Corporate 9-to-5,Morning Lark,53,Streaming (Netflix/Hulu),47,1,0,30,40.8,6.47,22.2,21.9,3,2.0,Moderate Debt,35-44
Male,Healthcare / Shift Worker,Morning Lark,17,YouTube,73,0,61,39,36.5,7.83,19.1,17.5,0,1.0,Optimal Recovery,25-34
Female,Remote Tech,Morning Lark,63,YouTube,85,1,48,78,43.0,7.67,27.2,20.5,2,1.0,Mild Deficit,45-54
Female,Healthcare / Shift Worker,Night Owl,84,Streaming (Netflix/Hulu),74,1,110,0,51.3,3.2,17.1,20.7,5,9.5,Severe Sleep Debt,35-44
Male,Corporate 9-to-5,Night Owl,126,YouTube,100,0,20,68,82.2,3.2,12.1,18.6,5,10.0,Severe Sleep Debt,35-44
Female,Corporate 9-to-5,Night Owl,89,YouTube,81,0,39,53,52.4,3.63,24.2,18.3,5,7.9,Moderate Debt,25-34
Female,Student,Intermediate,59,TikTok / Reels,42,1,0,57,41.4,6.21,16.8,17.1,1,2.4,Moderate Debt,<25
Male,Healthcare / Shift Worker,Morning Lark,42,TikTok / Reels,53,0,0,43,37.1,6.56,25.2,16.2,3,3.0,Moderate Debt,<25
Male,Corporate 9-to-5,Morning Lark,50,Instagram / Reddit,71,0,91,0,36.5,8.71,18.4,15.2,0,1.0,Optimal Recovery,25-34
Female,Freelance / Creative,Intermediate,44,YouTube,32,1,50,0,29.8,7.02,19.1,17.7,1,1.4,Mild Deficit,<25
Female,Corporate 9-to-5,Night Owl,95,YouTube,49,0,0,17,44.9,4.86,17.6,18.9,4,4.9,Moderate Debt,35-44
Male,Corporate 9-to-5,Morning Lark,113,Instagram / Reddit,68,0,0,57,73.6,6.82,27.0,21.1,4,4.0,Mild Deficit,45-54
Female,Remote Tech,Morning Lark,44,Streaming (Netflix/Hulu),93,1,0,36,43.8,8.63,21.0,19.3,2,1.0,Optimal Recovery,45-54
Non-Binary,Student,Night Owl,72,Instagram / Reddit,56,1,194,34,54.1,4.11,18.0,15.7,6,9.2,Severe Sleep Debt,35-44
Female,Freelance / Creative,Intermediate,48,YouTube,59,0,0,43,31.8,7.66,24.0,24.0,2,1.6,Mild Deficit,<25
Male,Remote Tech,Intermediate,14,Streaming (Netflix/Hulu),65,0,26,51,31.9,8.92,21.5,23.8,0,1.0,Optimal Recovery,45-54
Female,Corporate 9-to-5,Night Owl,20,Messaging / Chat,20,0,115,24,29.1,5.4,20.4,15.9,3,4.0,Moderate Debt,45-54
Male,Student,Morning Lark,29,YouTube,48,1,0,28,26.9,8.2,24.6,23.1,1,1.0,Optimal Recovery,<25
Female,Corporate 9-to-5,Night Owl,48,News / Reading,38,0,0,25,25.1,4.09,20.3,20.1,5,6.0,Moderate Debt,35-44
Male,Remote Tech,Morning Lark,60,TikTok / Reels,71,0,169,24,55.9,5.81,16.3,15.3,3,6.3,Moderate Debt,25-34
Female,Remote Tech,Morning Lark,127,YouTube,46,1,142,22,57.4,7.15,16.5,16.6,2,4.6,Mild Deficit,45-54
Female,Corporate 9-to-5,Intermediate,54,Streaming (Netflix/Hulu),79,1,44,57,39.6,6.93,25.2,22.8,2,1.3,Mild Deficit,55+
Male,Remote Tech,Morning Lark,56,TikTok / Reels,64,1,20,59,34.2,7.39,27.3,21.5,1,1.0,Mild Deficit,<25
Male,Remote Tech,Intermediate,84,Messaging / Chat,52,1,0,51,41.2,6.5,23.2,15.4,2,2.4,Moderate Debt,45-54
Male,Student,Intermediate,22,YouTube,44,0,0,4,35.9,7.34,21.2,22.5,3,1.6,Mild Deficit,35-44
Female,Student,Intermediate,61,Streaming (Netflix/Hulu),41,1,0,28,30.9,6.11,19.2,21.3,4,3.7,Moderate Debt,55+
Male,Corporate 9-to-5,Intermediate,79,Instagram / Reddit,87,0,0,11,55.0,6.4,17.1,22.9,4,6.3,Moderate Debt,25-34
Female,Corporate 9-to-5,Intermediate,39,TikTok / Reels,14,0,49,33,38.5,6.14,21.5,17.1,2,3.4,Moderate Debt,45-54
Non-Binary,Corporate 9-to-5,Morning Lark,51,Instagram / Reddit,53,0,0,46,49.1,7.25,28.0,22.2,3,1.2,Mild Deficit,<25
Male,Corporate 9-to-5,Night Owl,43,Instagram / Reddit,57,0,0,46,41.9,5.75,26.3,20.3,3,4.5,Moderate Debt,25-34
Female,Student,Night Owl,40,News / Reading,10,1,165,8,30.6,6.04,19.8,15.4,2,3.6,Moderate Debt,<25
Male,Freelance / Creative,Morning Lark,58,Instagram / Reddit,81,1,65,68,47.8,7.85,22.6,17.6,2,1.0,Optimal Recovery,55+
Male,Student,Intermediate,96,Instagram / Reddit,59,0,44,5,52.8,6.21,14.4,19.8,3,5.6,Moderate Debt,45-54
Female,Student,Intermediate,70,Messaging / Chat,70,1,0,35,34.4,7.18,20.1,21.8,2,2.6,Mild Deficit,45-54
Male,Remote Tech,Morning Lark,109,YouTube,70,1,78,56,65.4,5.92,22.0,18.9,5,7.8,Moderate Debt,55+
Female,Corporate 9-to-5,Intermediate,39,TikTok / Reels,73,0,0,46,39.6,6.86,22.9,21.1,4,2.6,Mild Deficit,<25
Male,Freelance / Creative,Intermediate,73,TikTok / Reels,71,0,0,38,48.9,6.35,20.0,18.8,4,4.6,Moderate Debt,25-34
Female,Freelance / Creative,Morning Lark,63,News / Reading,71,0,0,36,35.5,6.56,20.0,22.1,3,4.0,Moderate Debt,<25
Female,Remote Tech,Morning Lark,95,TikTok / Reels,63,1,45,17,65.8,5.7,21.9,17.3,4,6.1,Moderate Debt,<25
Female,Corporate 9-to-5,Night Owl,76,Instagram / Reddit,75,0,0,61,51.0,3.77,23.5,16.4,6,8.4,Moderate Debt,25-34
Male,Student,Intermediate,106,Instagram / Reddit,100,1,64,26,74.3,6.03,18.7,14.5,4,6.9,Moderate Debt,25-34
Male,Corporate 9-to-5,Morning Lark,34,TikTok / Reels,38,1,0,0,31.5,7.45,21.0,16.3,2,1.4,Mild Deficit,25-34
Non-Binary,Student,Night Owl,129,Messaging / Chat,65,0,0,24,60.9,3.2,20.1,22.6,6,10.0,Severe Sleep Debt,<25
Female,Healthcare / Shift Worker,Night Owl,39,YouTube,72,0,0,34,32.8,4.5,22.3,21.8,4,5.5,Moderate Debt,<25
Female,Corporate 9-to-5,Intermediate,36,YouTube,24,1,0,37,13.6,7.9,21.7,22.6,2,1.0,Optimal Recovery,<25
Male,Freelance / Creative,Night Owl,72,YouTube,93,0,0,48,53.1,4.12,22.7,20.6,5,8.6,Severe Sleep Debt,55+
Male,Freelance / Creative,Intermediate,10,YouTube,68,0,113,53,28.4,6.59,19.9,18.8,2,2.0,Moderate Debt,35-44
Female,Freelance / Creative,Intermediate,51,Streaming (Netflix/Hulu),61,1,55,5,28.7,6.98,21.7,21.4,2,1.7,Mild Deficit,55+
Female,Remote Tech,Intermediate,31,YouTube,48,1,31,24,29.3,7.46,22.9,20.0,2,2.3,Mild Deficit,25-34
Female,Corporate 9-to-5,Night Owl,25,YouTube,72,0,0,15,21.6,4.72,21.1,19.8,3,4.0,Moderate Debt,25-34
Female,Remote Tech,Morning Lark,31,TikTok / Reels,33,1,0,42,27.1,8.59,18.3,16.7,0,1.0,Optimal Recovery,45-54
Male,Remote Tech,Intermediate,38,Streaming (Netflix/Hulu),90,0,0,23,28.1,7.1,17.2,19.9,2,2.8,Mild Deficit,25-34
Male,Corporate 9-to-5,Intermediate,31,Instagram / Reddit,76,0,20,49,27.9,6.82,23.6,21.7,2,1.6,Mild Deficit,25-34
Male,Remote Tech,Intermediate,24,Instagram / Reddit,53,1,0,18,25.8,5.77,18.5,21.1,3,3.0,Moderate Debt,25-34
Male,Student,Intermediate,39,TikTok / Reels,84,0,20,43,45.3,6.44,24.5,19.1,2,1.9,Moderate Debt,<25
Female,Corporate 9-to-5,Intermediate,19,YouTube,20,0,101,24,30.1,7.3,16.3,16.5,1,2.0,Mild Deficit,25-34
Male,Corporate 9-to-5,Morning Lark,73,TikTok / Reels,35,0,61,62,46.0,5.99,21.6,15.2,2,3.8,Moderate Debt,25-34
Male,Corporate 9-to-5,Intermediate,37,YouTube,56,0,0,36,34.7,7.69,22.3,23.7,1,1.0,Mild Deficit,35-44
Female,Student,Intermediate,25,TikTok / Reels,57,0,0,0,33.3,8.57,25.3,16.8,0,1.0,Optimal Recovery,<25
Male,Student,Night Owl,80,Messaging / Chat,64,1,0,38,36.5,4.79,24.5,20.4,3,4.6,Moderate Debt,<25
Female,Corporate 9-to-5,Intermediate,73,News / Reading,59,0,0,9,35.1,6.32,17.6,25.3,3,3.2,Moderate Debt,45-54
Male,Freelance / Creative,Intermediate,28,Instagram / Reddit,80,1,0,58,29.0,7.09,27.2,18.4,1,1.0,Mild Deficit,<25
Female,Corporate 9-to-5,Night Owl,151,YouTube,26,0,0,33,66.0,3.2,22.7,18.0,5,9.2,Severe Sleep Debt,25-34
Male,Remote Tech,Morning Lark,138,Instagram / Reddit,17,1,122,36,75.5,4.65,18.2,20.6,5,7.9,Moderate Debt,45-54
Female,Student,Morning Lark,83,TikTok / Reels,27,1,0,0,50.7,7.93,24.5,19.7,3,1.6,Optimal Recovery,<25
Female,Healthcare / Shift Worker,Intermediate,106,Streaming (Netflix/Hulu),29,1,0,32,44.4,4.16,20.9,23.1,4,7.3,Moderate Debt,<25
Non-Binary,Corporate 9-to-5,Morning Lark,23,Streaming (Netflix/Hulu),56,0,0,0,19.9,8.7,13.5,21.9,0,1.0,Optimal Recovery,25-34
Male,Freelance / Creative,Intermediate,68,Instagram / Reddit,52,0,0,44,41.1,5.91,20.7,20.8,3,4.8,Moderate Debt,25-34
Female,Freelance / Creative,Morning Lark,49,Messaging / Chat,62,0,60,28,27.4,7.59,20.8,14.1,3,2.0,Mild Deficit,25-34
Female,Remote Tech,Morning Lark,69,News / Reading,63,1,0,35,35.1,8.26,26.1,20.3,1,1.0,Optimal Recovery,45-54
Female,Remote Tech,Intermediate,77,YouTube,61,0,0,40,42.1,6.35,20.5,15.2,1,3.6,Moderate Debt,<25
Male,Corporate 9-to-5,Intermediate,78,Instagram / Reddit,25,0,38,47,51.3,5.78,19.0,21.1,4,4.2,Moderate Debt,35-44
Male,Remote Tech,Night Owl,30,News / Reading,51,1,0,55,19.7,6.3,24.9,23.2,3,1.3,Moderate Debt,25-34
Male,Remote Tech,Night Owl,180,Instagram / Reddit,45,1,84,29,86.5,3.2,18.0,16.1,7,10.0,Severe Sleep Debt,<25
Female,Student,Morning Lark,54,Messaging / Chat,80,1,0,30,31.0,8.28,25.5,17.2,1,1.0,Optimal Recovery,35-44
Male,Remote Tech,Intermediate,22,TikTok / Reels,63,1,0,59,28.8,6.47,28.0,19.0,2,1.7,Moderate Debt,25-34
Female,Student,Morning Lark,90,YouTube,93,0,22,55,48.2,7.84,14.7,19.4,2,3.3,Optimal Recovery,25-34
Female,Corporate 9-to-5,Intermediate,32,YouTube,36,0,50,48,26.7,8.02,22.3,17.3,1,1.0,Optimal Recovery,<25
Male,Corporate 9-to-5,Night Owl,54,YouTube,50,0,0,41,70.1,4.09,21.3,18.8,5,8.7,Severe Sleep Debt,25-34
Male,Corporate 9-to-5,Intermediate,43,Streaming (Netflix/Hulu),74,1,0,65,30.7,7.16,21.8,21.5,2,1.0,Mild Deficit,25-34
Male,Corporate 9-to-5,Morning Lark,70,Instagram / Reddit,46,0,0,21,45.9,7.68,22.8,24.7,1,1.0,Mild Deficit,45-54
Male,Remote Tech,Intermediate,105,Messaging / Chat,63,1,35,56,52.0,6.32,26.4,19.6,3,3.8,Moderate Debt,<25
Male,Healthcare / Shift Worker,Morning Lark,61,YouTube,43,0,133,17,39.6,5.88,19.6,20.0,4,4.7,Moderate Debt,25-34
Male,Student,Intermediate,38,TikTok / Reels,79,0,0,13,29.1,7.27,22.3,17.3,3,2.4,Mild Deficit,25-34
Female,Remote Tech,Intermediate,141,TikTok / Reels,28,0,0,85,75.1,4.27,21.0,19.6,5,9.3,Severe Sleep Debt,35-44
Female,Student,Intermediate,117,YouTube,94,1,0,60,60.3,4.95,20.6,22.5,5,6.8,Moderate Debt,35-44
Non-Binary,Corporate 9-to-5,Night Owl,180,Streaming (Netflix/Hulu),71,1,0,31,81.0,3.2,21.1,20.7,7,10.0,Severe Sleep Debt,35-44
Male,Remote Tech,Intermediate,36,YouTube,66,0,100,0,36.0,6.01,23.2,25.8,3,4.1,Moderate Debt,35-44
Female,Corporate 9-to-5,Night Owl,23,YouTube,64,0,0,0,30.7,5.6,25.2,19.1,3,3.8,Moderate Debt,45-54
Female,Student,Night Owl,15,Instagram / Reddit,42,1,0,47,25.4,5.59,25.6,22.0,1,1.9,Moderate Debt,25-34
Female,Corporate 9-to-5,Intermediate,19,TikTok / Reels,70,0,49,51,26.3,7.79,20.2,21.4,1,1.0,Optimal Recovery,25-34
Female,Corporate 9-to-5,Intermediate,43,TikTok / Reels,45,1,0,39,43.0,5.73,23.3,22.0,5,5.0,Moderate Debt,45-54
Male,Remote Tech,Morning Lark,64,Instagram / Reddit,14,1,0,45,46.2,7.51,22.4,18.9,2,1.0,Mild Deficit,55+
Female,Freelance / Creative,Intermediate,30,Streaming (Netflix/Hulu),58,0,222,0,41.1,6.59,16.3,18.7,2,3.6,Moderate Debt,45-54
Male,Student,Intermediate,23,Messaging / Chat,41,0,0,34,23.9,7.95,25.4,17.5,2,1.0,Optimal Recovery,25-34
Female,Healthcare / Shift Worker,Morning Lark,70,Instagram / Reddit,59,1,0,60,51.5,5.92,22.0,20.8,4,3.4,Moderate Debt,<25
Male,Student,Intermediate,103,News / Reading,55,0,0,31,42.6,7.07,21.0,17.6,3,2.8,Mild Deficit,25-34
Female,Remote Tech,Night Owl,8,YouTube,27,1,0,57,16.8,6.36,22.9,19.7,1,1.0,Moderate Debt,35-44
Male,Student,Night Owl,8,YouTube,88,0,42,77,11.7,6.38,26.7,19.5,2,1.0,Moderate Debt,25-34
Male,Healthcare / Shift Worker,Intermediate,53,Messaging / Chat,42,0,0,25,41.2,4.61,22.9,24.8,5,6.6,Moderate Debt,25-34
Male,Corporate 9-to-5,Intermediate,78,Messaging / Chat,77,0,0,52,45.5,6.85,23.0,19.6,3,2.7,Mild Deficit,45-54
Female,Corporate 9-to-5,Night Owl,26,Instagram / Reddit,41,0,0,27,16.2,6.2,25.7,20.0,2,1.9,Moderate Debt,25-34
Female,Corporate 9-to-5,Intermediate,17,Instagram / Reddit,56,1,0,30,7.4,8.69,22.8,21.0,0,1.0,Optimal Recovery,45-54
Female,Remote Tech,Morning Lark,97,TikTok / Reels,61,0,61,48,68.6,7.72,17.3,19.1,3,4.7,Mild Deficit,25-34
Female,Healthcare / Shift Worker,Intermediate,52,TikTok / Reels,15,0,0,34,33.9,5.58,25.4,23.0,3,3.9,Moderate Debt,25-34
Male,Corporate 9-to-5,Night Owl,28,TikTok / Reels,43,1,0,82,30.0,5.45,26.9,17.7,3,3.9,Moderate Debt,25-34
Male,Remote Tech,Morning Lark,147,TikTok / Reels,61,1,0,8,84.3,5.12,19.0,18.8,5,6.9,Moderate Debt,35-44
Male,Healthcare / Shift Worker,Intermediate,81,Instagram / Reddit,57,1,0,42,41.1,3.94,22.9,23.4,5,7.7,Moderate Debt,<25
Male,Remote Tech,Intermediate,48,TikTok / Reels,56,0,0,37,39.1,7.04,21.1,17.3,3,1.9,Mild Deficit,<25
Female,Remote Tech,Night Owl,93,YouTube,74,1,0,72,59.0,3.77,24.2,24.8,6,8.7,Severe Sleep Debt,55+
Female,Healthcare / Shift Worker,Night Owl,15,News / Reading,39,0,0,37,21.4,4.09,22.0,21.7,5,4.8,Moderate Debt,<25
Female,Remote Tech,Intermediate,39,Instagram / Reddit,57,0,74,32,37.8,5.79,20.9,16.1,2,3.8,Moderate Debt,35-44
Male,Student,Night Owl,33,TikTok / Reels,28,0,0,41,31.2,6.57,22.1,21.7,2,2.4,Moderate Debt,35-44
Male,Corporate 9-to-5,Morning Lark,43,Streaming (Netflix/Hulu),45,0,0,64,27.6,7.65,26.1,20.2,2,1.0,Mild Deficit,25-34
Female,Corporate 9-to-5,Morning Lark,118,Messaging / Chat,80,0,0,33,66.3,5.86,19.6,22.4,3,5.6,Moderate Debt,35-44
Female,Remote Tech,Night Owl,132,TikTok / Reels,56,1,49,21,82.2,3.21,19.0,15.9,7,10.0,Severe Sleep Debt,25-34
Male,Remote Tech,Intermediate,61,Messaging / Chat,46,1,0,7,32.2,6.45,21.8,20.3,3,1.0,Moderate Debt,25-34
Male,Freelance / Creative,Morning Lark,35,TikTok / Reels,39,0,0,27,23.9,8.41,19.1,17.9,0,1.0,Optimal Recovery,25-34
Male,Freelance / Creative,Intermediate,21,Streaming (Netflix/Hulu),28,0,0,36,12.0,8.4,20.0,20.5,0,1.0,Optimal Recovery,35-44
Female,Healthcare / Shift Worker,Night Owl,122,TikTok / Reels,74,1,64,0,82.4,3.2,16.7,15.0,6,10.0,Severe Sleep Debt,<25
Female,Corporate 9-to-5,Night Owl,73,Instagram / Reddit,98,0,0,10,51.9,3.69,17.0,18.5,5,10.0,Severe Sleep Debt,35-44
Non-Binary,Freelance / Creative,Night Owl,31,YouTube,47,0,0,39,36.5,4.98,20.7,20.1,2,3.9,Moderate Debt,<25
Male,Student,Intermediate,33,Instagram / Reddit,19,0,0,1,34.2,6.27,18.1,23.1,3,3.1,Moderate Debt,25-34
Female,Remote Tech,Night Owl,59,Instagram / Reddit,86,1,55,47,43.7,5.39,21.1,16.8,3,5.8,Moderate Debt,<25
Male,Student,Intermediate,14,Streaming (Netflix/Hulu),37,1,0,25,22.5,7.53,22.1,21.7,0,1.0,Mild Deficit,<25
Male,Corporate 9-to-5,Intermediate,46,YouTube,63,0,66,14,42.6,7.46,17.4,17.0,1,1.7,Mild Deficit,45-54
Female,Corporate 9-to-5,Night Owl,29,Instagram / Reddit,66,0,0,44,15.3,6.14,23.2,17.4,3,3.4,Moderate Debt,25-34
Female,Healthcare / Shift Worker,Intermediate,94,TikTok / Reels,78,0,0,38,76.7,3.63,22.6,19.8,6,9.8,Severe Sleep Debt,55+
Female,Student,Morning Lark,57,Instagram / Reddit,50,1,25,40,41.3,8.67,19.6,19.0,1,1.0,Optimal Recovery,55+
Female,Remote Tech,Intermediate,36,Instagram / Reddit,64,1,0,39,26.1,8.67,26.2,20.6,2,1.0,Optimal Recovery,35-44
Male,Remote Tech,Intermediate,27,TikTok / Reels,49,1,0,31,29.0,7.96,18.7,18.1,1,1.0,Optimal Recovery,<25
Female,Freelance / Creative,Morning Lark,142,TikTok / Reels,15,0,20,2,78.5,4.43,20.7,16.9,5,7.7,Moderate Debt,25-34
Male,Student,Morning Lark,126,Messaging / Chat,47,0,0,0,61.9,4.63,21.8,16.8,5,7.8,Moderate Debt,35-44
Non-Binary,Remote Tech,Intermediate,4,TikTok / Reels,62,0,0,0,11.5,9.11,24.0,19.4,0,1.0,Optimal Recovery,25-34
Female,Corporate 9-to-5,Morning Lark,133,TikTok / Reels,35,0,0,45,84.6,4.91,22.7,22.4,4,7.6,Moderate Debt,<25
Female,Corporate 9-to-5,Night Owl,25,Streaming (Netflix/Hulu),57,0,0,26,30.2,5.49,23.9,22.6,2,3.5,Moderate Debt,25-34
Male,Freelance / Creative,Intermediate,66,YouTube,60,0,0,28,41.1,6.37,21.6,18.8,3,3.3,Moderate Debt,45-54
Male,Remote Tech,Morning Lark,59,YouTube,82,1,20,0,35.2,8.95,19.8,17.5,0,1.0,Optimal Recovery,35-44
Male,Remote Tech,Intermediate,21,YouTube,36,0,48,4,17.3,7.13,19.2,18.4,2,1.3,Mild Deficit,<25
Female,Remote Tech,Night Owl,85,TikTok / Reels,60,1,133,7,51.9,4.31,16.7,15.8,5,7.8,Moderate Debt,35-44
Female,Healthcare / Shift Worker,Morning Lark,28,Messaging / Chat,33,1,129,6,33.0,7.52,20.3,17.4,1,1.3,Mild Deficit,25-34
Male,Student,Morning Lark,59,Messaging / Chat,11,1,0,29,28.5,7.78,21.9,21.3,1,1.0,Optimal Recovery,<25
Non-Binary,Student,Night Owl,168,Instagram / Reddit,45,0,0,17,86.2,3.2,18.3,16.8,6,10.0,Severe Sleep Debt,45-54
Female,Remote Tech,Intermediate,44,TikTok / Reels,44,1,77,65,47.1,7.71,24.8,17.8,2,1.4,Mild Deficit,25-34
Male,Corporate 9-to-5,Night Owl,50,YouTube,62,1,0,50,31.0,5.04,22.2,20.2,2,4.2,Moderate Debt,25-34
Female,Freelance / Creative,Intermediate,48,TikTok / Reels,78,0,0,79,42.2,7.0,23.9,17.8,1,1.0,Mild Deficit,<25
Non-Binary,Freelance / Creative,Morning Lark,31,YouTube,57,0,184,38,29.8,8.49,18.6,17.7,1,1.0,Optimal Recovery,45-54
Male,Freelance / Creative,Morning Lark,11,TikTok / Reels,42,1,100,0,17.7,7.98,19.8,19.6,0,1.0,Optimal Recovery,35-44
Female,Freelance / Creative,Morning Lark,44,Streaming (Netflix/Hulu),39,1,163,112,41.6,7.45,20.1,20.1,2,2.4,Mild Deficit,35-44
Male,Healthcare / Shift Worker,Night Owl,17,YouTube,78,0,0,22,25.0,5.32,22.1,20.4,3,3.9,Moderate Debt,35-44
Female,Student,Night Owl,79,YouTube,69,1,94,45,51.7,5.09,21.6,15.5,3,5.2,Moderate Debt,<25
Female,Healthcare / Shift Worker,Night Owl,45,TikTok / Reels,37,0,0,52,34.8,4.34,23.8,18.1,4,5.5,Moderate Debt,25-34
Female,Student,Night Owl,14,YouTube,28,1,81,42,36.2,5.21,21.4,18.5,5,5.2,Moderate Debt,25-34
Female,Corporate 9-to-5,Night Owl,127,TikTok / Reels,37,0,78,8,94.8,3.54,18.1,18.3,7,10.0,Severe Sleep Debt,<25
Female,Remote Tech,Intermediate,38,News / Reading,75,0,0,28,32.6,7.24,19.5,21.9,1,1.0,Mild Deficit,25-34
Male,Freelance / Creative,Night Owl,51,Instagram / Reddit,36,0,89,8,38.0,5.45,23.6,17.6,3,3.8,Moderate Debt,45-54
Male,Remote Tech,Morning Lark,52,TikTok / Reels,64,1,0,33,34.1,8.62,27.9,19.7,2,1.0,Optimal Recovery,<25
Female,Healthcare / Shift Worker,Intermediate,100,TikTok / Reels,89,0,134,6,73.7,3.2,15.6,13.9,6,10.0,Severe Sleep Debt,25-34
Male,Corporate 9-to-5,Intermediate,49,TikTok / Reels,39,1,0,35,39.9,6.3,24.3,19.1,3,2.4,Moderate Debt,<25
Male,Corporate 9-to-5,Night Owl,40,YouTube,47,0,44,33,28.3,4.57,20.2,17.1,4,5.6,Moderate Debt,25-34
Male,Remote Tech,Intermediate,35,TikTok / Reels,54,0,0,69,28.2,6.43,28.0,15.2,1,1.4,Moderate Debt,45-54
Male,Corporate 9-to-5,Night Owl,32,Instagram / Reddit,23,1,0,45,25.8,5.68,21.2,17.1,2,2.6,Moderate Debt,25-34
Female,Corporate 9-to-5,Intermediate,18,YouTube,41,0,0,36,19.7,7.55,24.0,16.8,1,1.0,Mild Deficit,25-34
Female,Corporate 9-to-5,Night Owl,38,Streaming (Netflix/Hulu),59,0,0,20,24.5,5.5,24.6,20.5,2,4.2,Moderate Debt,35-44
Male,Healthcare / Shift Worker,Night Owl,43,YouTube,36,0,97,29,29.1,5.51,24.7,15.0,2,3.9,Moderate Debt,<25
Female,Corporate 9-to-5,Morning Lark,100,Messaging / Chat,98,0,0,8,67.8,6.38,15.8,21.5,5,6.7,Moderate Debt,25-34
Female,Corporate 9-to-5,Night Owl,98,News / Reading,45,0,111,51,46.1,4.65,20.9,19.5,4,6.8,Moderate Debt,25-34
Female,Corporate 9-to-5,Intermediate,36,News / Reading,51,1,31,44,17.3,8.68,20.9,21.9,0,1.0,Optimal Recovery,35-44
Female,Student,Intermediate,17,YouTube,44,0,25,0,8.7,8.05,19.1,20.3,3,1.0,Optimal Recovery,55+
Female,Student,Night Owl,26,Streaming (Netflix/Hulu),50,0,0,51,25.0,6.0,22.5,24.3,2,2.9,Moderate Debt,35-44
Female,Student,Intermediate,60,YouTube,41,1,0,36,27.6,5.88,27.3,21.4,2,2.8,Moderate Debt,25-34
Female,Remote Tech,Intermediate,29,Instagram / Reddit,13,0,0,75,22.1,5.94,26.9,18.7,2,2.1,Moderate Debt,45-54
Male,Corporate 9-to-5,Intermediate,53,Streaming (Netflix/Hulu),48,1,0,7,32.7,6.99,19.9,20.9,2,2.2,Mild Deficit,<25
Male,Student,Morning Lark,10,TikTok / Reels,91,0,0,84,20.6,9.8,27.6,17.3,0,1.0,Optimal Recovery,<25
Female,Healthcare / Shift Worker,Intermediate,109,YouTube,88,0,0,50,72.8,4.1,18.0,19.8,6,9.9,Severe Sleep Debt,<25
Female,Corporate 9-to-5,Intermediate,48,YouTube,34,0,0,45,28.3,7.23,22.6,19.8,0,1.0,Mild Deficit,25-34
Female,Remote Tech,Night Owl,42,TikTok / Reels,23,0,151,22,43.4,4.59,23.9,16.3,5,6.8,Moderate Debt,25-34
Female,Corporate 9-to-5,Morning Lark,79,Messaging / Chat,14,0,118,0,50.2,7.04,24.7,15.7,3,2.9,Mild Deficit,35-44
Female,Corporate 9-to-5,Intermediate,39,YouTube,36,1,0,38,27.0,7.22,21.2,20.1,1,1.0,Mild Deficit,45-54
Female,Student,Night Owl,12,Streaming (Netflix/Hulu),44,1,0,52,18.2,7.02,27.1,21.8,2,1.0,Mild Deficit,25-34
Male,Remote Tech,Night Owl,45,News / Reading,63,0,79,46,26.0,5.11,23.5,23.2,3,5.0,Moderate Debt,25-34
Male,Corporate 9-to-5,Night Owl,48,Instagram / Reddit,47,1,55,34,38.3,6.23,23.9,18.6,2,3.9,Moderate Debt,<25
Female,Corporate 9-to-5,Intermediate,57,Streaming (Netflix/Hulu),73,0,90,39,45.2,5.95,18.1,18.9,3,4.6,Moderate Debt,<25
Female,Freelance / Creative,Intermediate,149,TikTok / Reels,67,0,0,21,84.0,3.83,21.3,18.1,6,10.0,Severe Sleep Debt,25-34
Male,Healthcare / Shift Worker,Intermediate,72,Instagram / Reddit,62,1,0,34,41.8,5.48,21.0,23.5,3,5.8,Moderate Debt,25-34
Male,Healthcare / Shift Worker,Morning Lark,54,Instagram / Reddit,53,1,74,26,41.0,6.85,21.5,18.9,3,1.8,Mild Deficit,45-54
Male,Remote Tech,Night Owl,83,Instagram / Reddit,75,0,0,20,53.7,5.01,21.5,18.8,5,5.8,Moderate Debt,<25
Male,Student,Intermediate,13,TikTok / Reels,68,0,0,0,16.8,6.76,20.0,19.2,3,2.1,Mild Deficit,<25
Female,Remote Tech,Intermediate,104,Streaming (Netflix/Hulu),26,1,59,35,48.1,7.15,20.8,20.6,2,3.6,Mild Deficit,25-34
Female,Corporate 9-to-5,Intermediate,78,TikTok / Reels,66,1,0,55,48.2,5.97,18.0,19.7,2,4.6,Moderate Debt,25-34
Male,Remote Tech,Intermediate,109,TikTok / Reels,44,0,0,0,59.3,5.43,17.4,16.3,6,6.7,Moderate Debt,<25
Female,Remote Tech,Intermediate,39,Instagram / Reddit,73,0,20,54,29.3,6.12,23.8,22.0,3,3.2,Moderate Debt,35-44
Non-Binary,Corporate 9-to-5,Night Owl,65,Instagram / Reddit,68,1,30,44,43.0,4.61,23.2,20.5,5,6.9,Moderate Debt,<25
Male,Healthcare / Shift Worker,Morning Lark,41,News / Reading,89,0,0,50,14.1,7.53,22.3,19.1,1,1.0,Mild Deficit,35-44
Male,Corporate 9-to-5,Intermediate,142,Instagram / Reddit,15,0,109,12,72.0,5.81,23.4,15.6,5,7.1,Moderate Debt,25-34
Female,Remote Tech,Morning Lark,42,YouTube,61,1,89,31,23.3,7.42,19.3,14.7,2,1.8,Mild Deficit,<25
Male,Corporate 9-to-5,Morning Lark,23,TikTok / Reels,42,0,123,37,25.8,8.39,26.7,14.1,0,1.0,Optimal Recovery,25-34
Female,Remote Tech,Intermediate,27,TikTok / Reels,98,0,73,54,56.6,7.77,20.3,18.6,3,4.0,Optimal Recovery,45-54
Female,Corporate 9-to-5,Morning Lark,58,Instagram / Reddit,10,1,100,15,47.1,7.36,19.1,15.6,2,2.9,Mild Deficit,25-34
Female,Corporate 9-to-5,Morning Lark,77,YouTube,64,1,0,38,48.1,5.18,24.7,16.1,4,4.9,Moderate Debt,35-44
Male,Remote Tech,Night Owl,27,Instagram / Reddit,66,0,0,41,38.3,5.08,15.6,19.8,4,6.8,Moderate Debt,<25
Male,Remote Tech,Intermediate,73,TikTok / Reels,12,1,0,66,41.9,6.25,24.2,17.0,2,2.9,Moderate Debt,35-44
Female,Remote Tech,Morning Lark,104,TikTok / Reels,65,0,160,19,80.6,5.93,15.2,19.5,5,7.5,Moderate Debt,25-34
Female,Corporate 9-to-5,Morning Lark,96,Streaming (Netflix/Hulu),15,1,181,23,58.9,7.53,22.4,16.8,4,2.7,Mild Deficit,35-44
Male,Remote Tech,Morning Lark,73,Messaging / Chat,41,1,0,57,32.0,6.47,23.8,25.4,3,2.4,Moderate Debt,35-44
Male,Remote Tech,Intermediate,78,YouTube,63,1,63,42,48.8,5.93,23.9,17.9,3,4.0,Moderate Debt,55+
Male,Corporate 9-to-5,Intermediate,68,TikTok / Reels,35,0,0,60,42.0,7.24,21.0,17.6,2,1.0,Mild Deficit,25-34
Male,Healthcare / Shift Worker,Intermediate,14,Messaging / Chat,57,0,0,37,23.6,6.63,21.3,18.7,3,1.5,Moderate Debt,<25
Female,Remote Tech,Morning Lark,87,Instagram / Reddit,55,0,0,40,55.2,7.4,19.0,20.8,2,2.3,Mild Deficit,<25
Male,Corporate 9-to-5,Intermediate,38,Messaging / Chat,66,1,20,6,38.3,7.82,21.9,18.4,1,1.0,Optimal Recovery,45-54
Female,Freelance / Creative,Intermediate,100,YouTube,34,0,0,0,52.6,5.16,21.0,18.3,4,5.4,Moderate Debt,25-34
Male,Healthcare / Shift Worker,Intermediate,32,Instagram / Reddit,74,1,0,21,26.0,5.53,20.7,17.2,3,3.5,Moderate Debt,35-44
Male,Freelance / Creative,Night Owl,41,TikTok / Reels,10,1,20,33,43.5,6.41,22.7,17.4,3,2.8,Moderate Debt,25-34
Female,Student,Intermediate,61,TikTok / Reels,85,1,86,32,51.2,5.84,22.1,16.8,3,4.0,Moderate Debt,25-34
Female,Remote Tech,Morning Lark,173,TikTok / Reels,50,0,0,29,93.7,5.25,19.5,20.4,5,9.0,Severe Sleep Debt,<25
Male,Corporate 9-to-5,Night Owl,63,YouTube,52,0,0,53,30.8,4.74,19.2,19.8,4,5.7,Moderate Debt,55+
Female,Student,Morning Lark,63,News / Reading,61,0,0,41,47.2,7.91,22.9,18.8,1,1.3,Optimal Recovery,35-44
Female,Freelance / Creative,Intermediate,24,Instagram / Reddit,59,1,0,42,26.4,7.72,21.3,17.8,2,1.0,Mild Deficit,55+
Male,Student,Night Owl,20,Instagram / Reddit,55,0,0,30,31.1,6.33,26.3,17.2,3,1.3,Moderate Debt,25-34
Female,Healthcare / Shift Worker,Intermediate,37,News / Reading,80,0,70,0,21.7,5.72,18.0,22.2,3,3.4,Moderate Debt,35-44
Male,Corporate 9-to-5,Night Owl,76,YouTube,24,0,135,56,53.3,3.94,20.4,19.5,6,9.3,Severe Sleep Debt,35-44
Female,Remote Tech,Morning Lark,63,TikTok / Reels,36,1,0,33,46.9,8.4,21.9,18.0,1,1.0,Optimal Recovery,25-34
Male,Freelance / Creative,Intermediate,51,YouTube,64,0,0,11,37.6,6.8,21.9,18.1,1,2.1,Mild Deficit,45-54
Female,Student,Morning Lark,39,Messaging / Chat,48,0,0,80,56.3,7.77,25.8,19.8,2,1.0,Optimal Recovery,55+
Female,Freelance / Creative,Intermediate,87,Streaming (Netflix/Hulu),81,0,0,62,43.3,5.52,20.3,20.5,4,7.0,Moderate Debt,45-54
Male,Student,Intermediate,125,Instagram / Reddit,100,0,21,37,83.4,4.7,19.0,15.7,6,9.2,Severe Sleep Debt,35-44
Male,Remote Tech,Intermediate,83,Streaming (Netflix/Hulu),55,0,0,19,34.6,5.97,19.2,20.8,3,4.6,Moderate Debt,25-34
Female,Remote Tech,Morning Lark,110,TikTok / Reels,21,0,0,0,62.5,7.01,18.2,15.6,3,4.2,Mild Deficit,25-34
Female,Freelance / Creative,Morning Lark,48,YouTube,37,0,0,39,28.9,8.63,23.9,18.0,0,1.0,Optimal Recovery,55+
Male,Remote Tech,Intermediate,77,YouTube,14,1,20,12,45.4,6.3,23.2,18.8,3,5.3,Moderate Debt,<25
Female,Corporate 9-to-5,Night Owl,151,Messaging / Chat,67,1,0,34,65.7,3.53,15.2,19.9,5,8.6,Severe Sleep Debt,35-44
Non-Binary,Remote Tech,Night Owl,110,YouTube,36,0,0,39,58.6,3.49,19.3,17.5,6,9.0,Severe Sleep Debt,35-44
Non-Binary,Remote Tech,Night Owl,137,YouTube,52,1,0,50,66.1,3.2,24.7,18.2,6,10.0,Severe Sleep Debt,35-44
Male,Corporate 9-to-5,Intermediate,111,Instagram / Reddit,49,1,0,53,56.4,5.24,24.7,19.8,4,5.3,Moderate Debt,55+
Female,Student,Morning Lark,128,TikTok / Reels,78,1,0,19,79.1,6.39,24.6,18.4,5,6.1,Moderate Debt,25-34
Female,Corporate 9-to-5,Intermediate,38,Instagram / Reddit,56,0,34,61,37.8,7.99,19.7,22.7,2,2.1,Optimal Recovery,25-34
Male,Remote Tech,Intermediate,32,YouTube,50,0,0,36,34.4,6.84,20.1,18.0,1,1.0,Mild Deficit,<25
Female,Healthcare / Shift Worker,Morning Lark,47,Instagram / Reddit,37,0,0,18,30.3,7.15,25.4,19.6,3,2.2,Mild Deficit,25-34
Female,Remote Tech,Intermediate,41,Streaming (Netflix/Hulu),67,0,29,53,41.9,5.53,22.0,17.3,4,5.8,Moderate Debt,25-34
Female,Healthcare / Shift Worker,Morning Lark,35,Instagram / Reddit,33,0,0,72,19.1,5.93,27.1,22.4,2,1.7,Moderate Debt,25-34
Female,Corporate 9-to-5,Intermediate,129,TikTok / Reels,30,0,0,45,84.9,5.12,20.9,21.9,6,7.6,Moderate Debt,45-54
Female,Freelance / Creative,Morning Lark,21,Instagram / Reddit,43,0,20,37,18.1,7.66,21.1,20.9,0,1.0,Mild Deficit,55+
Female,Corporate 9-to-5,Morning Lark,110,TikTok / Reels,97,0,0,55,83.4,6.39,19.5,22.3,4,5.7,Moderate Debt,<25
Male,Corporate 9-to-5,Intermediate,81,Streaming (Netflix/Hulu),53,1,138,2,68.3,6.34,20.1,17.8,4,5.5,Moderate Debt,25-34
Female,Healthcare / Shift Worker,Intermediate,2,Streaming (Netflix/Hulu),54,0,20,4,12.4,7.34,19.6,18.0,1,1.0,Mild Deficit,55+
Female,Student,Intermediate,40,YouTube,61,1,0,53,40.8,6.37,22.9,18.2,3,3.9,Moderate Debt,<25
Female,Corporate 9-to-5,Night Owl,36,Streaming (Netflix/Hulu),60,0,70,58,26.9,5.3,22.7,13.8,3,4.6,Moderate Debt,<25
Male,Freelance / Creative,Morning Lark,30,YouTube,51,0,0,16,32.8,8.56,20.0,14.7,2,1.0,Optimal Recovery,<25
Female,Remote Tech,Night Owl,29,Messaging / Chat,36,0,0,11,21.4,7.35,27.5,21.9,2,1.0,Mild Deficit,35-44
Male,Freelance / Creative,Morning Lark,33,TikTok / Reels,46,1,23,19,33.3,8.23,23.4,16.1,0,1.0,Optimal Recovery,<25
Non-Binary,Remote Tech,Intermediate,31,TikTok / Reels,51,0,98,54,34.7,7.57,22.8,13.8,1,1.0,Mild Deficit,55+
Female,Remote Tech,Intermediate,40,Streaming (Netflix/Hulu),27,1,126,24,51.0,6.13,18.5,22.3,3,4.0,Moderate Debt,25-34
Female,Remote Tech,Night Owl,32,TikTok / Reels,51,1,0,21,32.5,5.32,21.7,18.7,3,4.6,Moderate Debt,25-34
Female,Corporate 9-to-5,Intermediate,36,Instagram / Reddit,59,0,0,17,25.9,7.05,19.5,21.8,1,1.0,Mild Deficit,25-34
Male,Remote Tech,Morning Lark,165,Streaming (Netflix/Hulu),44,1,0,41,74.0,5.46,23.6,20.2,4,5.8,Moderate Debt,25-34
Male,Remote Tech,Intermediate,75,Streaming (Netflix/Hulu),80,1,135,9,62.2,5.66,17.2,16.3,2,5.7,Moderate Debt,35-44
Male,Corporate 9-to-5,Intermediate,119,Messaging / Chat,61,1,0,36,54.1,4.93,19.0,26.1,4,5.7,Moderate Debt,35-44
Female,Corporate 9-to-5,Intermediate,21,Instagram / Reddit,40,1,0,0,27.2,6.85,17.9,18.3,1,1.5,Mild Deficit,35-44
Non-Binary,Corporate 9-to-5,Morning Lark,35,Messaging / Chat,47,1,0,24,27.4,8.54,18.1,21.4,1,1.0,Optimal Recovery,35-44
Female,Healthcare / Shift Worker,Intermediate,28,Instagram / Reddit,80,1,0,29,32.5,5.47,18.5,19.3,4,5.9,Moderate Debt,45-54
Female,Remote Tech,Morning Lark,175,Instagram / Reddit,43,1,0,79,82.1,5.99,23.2,21.7,4,5.3,Moderate Debt,45-54
Male,Student,Night Owl,94,Instagram / Reddit,39,0,60,0,49.7,4.5,22.2,21.3,4,6.8,Moderate Debt,35-44
Male,Freelance / Creative,Intermediate,49,Messaging / Chat,38,0,0,53,34.2,6.75,23.0,18.3,3,2.0,Mild Deficit,<25
Female,Student,Morning Lark,102,TikTok / Reels,56,1,78,38,70.0,5.66,18.7,16.9,5,7.5,Moderate Debt,<25
Female,Freelance / Creative,Night Owl,47,Instagram / Reddit,59,1,30,58,29.9,5.54,20.7,14.5,4,3.7,Moderate Debt,<25
Female,Corporate 9-to-5,Intermediate,48,YouTube,69,1,86,69,40.7,6.63,17.6,17.8,3,3.9,Moderate Debt,35-44
Female,Corporate 9-to-5,Intermediate,32,TikTok / Reels,40,1,157,36,48.5,7.51,18.3,17.8,2,2.8,Mild Deficit,25-34
Female,Remote Tech,Morning Lark,44,Messaging / Chat,85,1,0,16,35.0,8.17,22.0,22.4,1,1.0,Optimal Recovery,25-34
Non-Binary,Remote Tech,Intermediate,51,TikTok / Reels,65,1,37,81,41.4,7.87,23.8,22.0,2,1.0,Optimal Recovery,45-54
Male,Healthcare / Shift Worker,Intermediate,27,Streaming (Netflix/Hulu),47,1,44,54,28.9,6.55,26.3,21.2,3,2.2,Moderate Debt,45-54
Male,Remote Tech,Night Owl,112,Instagram / Reddit,72,1,0,0,64.6,4.08,18.7,18.6,4,7.2,Moderate Debt,45-54
Male,Corporate 9-to-5,Morning Lark,107,Streaming (Netflix/Hulu),93,0,0,70,69.2,5.59,23.0,20.2,4,6.9,Moderate Debt,25-34
Male,Student,Morning Lark,35,Streaming (Netflix/Hulu),65,1,151,15,42.7,8.14,16.8,15.4,1,1.1,Optimal Recovery,35-44
Male,Remote Tech,Night Owl,11,TikTok / Reels,90,1,179,44,28.5,8.17,22.2,13.3,1,2.6,Optimal Recovery,25-34
Male,Corporate 9-to-5,Night Owl,47,YouTube,35,0,70,72,36.2,4.85,25.5,21.4,3,5.1,Moderate Debt,<25
Female,Remote Tech,Morning Lark,49,TikTok / Reels,16,1,0,24,37.8,7.63,21.5,17.0,1,1.0,Mild Deficit,<25
Male,Freelance / Creative,Night Owl,94,YouTube,66,0,86,33,65.2,5.35,19.2,17.8,4,7.1,Moderate Debt,25-34
Male,Healthcare / Shift Worker,Morning Lark,57,Streaming (Netflix/Hulu),78,1,0,50,32.6,6.78,23.4,22.2,2,2.2,Mild Deficit,25-34
Male,Remote Tech,Night Owl,13,YouTube,28,1,23,12,20.0,7.06,23.6,19.8,0,1.0,Mild Deficit,45-54
Non-Binary,Remote Tech,Night Owl,46,Streaming (Netflix/Hulu),80,0,0,78,40.3,5.58,27.1,19.3,3,3.9,Moderate Debt,<25
Female,Corporate 9-to-5,Morning Lark,59,TikTok / Reels,46,0,0,44,35.1,8.13,26.4,16.3,1,1.0,Optimal Recovery,35-44
Male,Remote Tech,Morning Lark,33,TikTok / Reels,67,1,30,111,22.7,8.48,25.2,16.6,1,1.0,Optimal Recovery,25-34
Female,Student,Morning Lark,98,TikTok / Reels,60,1,137,58,61.7,6.65,20.0,14.9,2,3.8,Moderate Debt,25-34
Male,Remote Tech,Morning Lark,98,YouTube,64,0,0,64,52.4,8.19,19.5,19.0,3,2.2,Optimal Recovery,25-34
Female,Corporate 9-to-5,Morning Lark,55,YouTube,66,1,58,21,43.6,7.94,19.6,21.0,2,1.8,Optimal Recovery,25-34
Female,Freelance / Creative,Night Owl,111,TikTok / Reels,53,1,124,46,75.8,4.47,22.1,19.9,6,10.0,Severe Sleep Debt,35-44
Female,Healthcare / Shift Worker,Intermediate,8,News / Reading,46,1,247,49,47.4,6.53,21.5,12.4,4,4.2,Moderate Debt,25-34
Male,Student,Intermediate,67,News / Reading,62,1,0,47,24.5,7.1,22.9,14.5,2,2.4,Mild Deficit,<25
Female,Corporate 9-to-5,Night Owl,70,YouTube,49,0,0,3,50.2,4.62,17.0,25.5,3,5.7,Moderate Debt,<25
Male,Corporate 9-to-5,Intermediate,41,Instagram / Reddit,41,1,25,39,39.1,6.32,23.5,19.6,3,3.6,Moderate Debt,25-34
Female,Corporate 9-to-5,Intermediate,9,News / Reading,61,0,0,23,25.5,6.35,25.7,22.3,2,1.3,Moderate Debt,45-54
Male,Student,Morning Lark,44,Instagram / Reddit,43,0,0,32,25.0,8.84,22.1,21.5,0,1.0,Optimal Recovery,25-34
Male,Corporate 9-to-5,Intermediate,37,TikTok / Reels,51,0,0,54,27.9,7.44,27.2,15.7,2,1.0,Mild Deficit,35-44
Female,Healthcare / Shift Worker,Morning Lark,124,Messaging / Chat,44,1,0,27,58.8,3.54,18.6,19.9,5,9.6,Severe Sleep Debt,35-44
Female,Freelance / Creative,Night Owl,83,YouTube,86,0,47,79,44.9,5.98,20.3,20.8,4,5.3,Moderate Debt,55+
Male,Remote Tech,Intermediate,54,Instagram / Reddit,57,1,0,54,25.3,7.5,28.0,20.4,0,1.0,Mild Deficit,45-54
Male,Remote Tech,Intermediate,49,Instagram / Reddit,23,1,20,44,39.9,6.15,26.5,19.4,4,5.0,Moderate Debt,35-44
Male,Student,Intermediate,129,Streaming (Netflix/Hulu),80,1,0,43,52.9,5.43,24.7,18.5,5,6.5,Moderate Debt,35-44
Female,Freelance / Creative,Intermediate,10,TikTok / Reels,19,0,0,39,22.8,7.12,21.4,20.6,2,1.2,Mild Deficit,45-54
Female,Healthcare / Shift Worker,Intermediate,11,TikTok / Reels,98,0,0,71,17.8,6.34,28.0,19.9,2,3.4,Moderate Debt,25-34
Non-Binary,Corporate 9-to-5,Intermediate,165,Streaming (Netflix/Hulu),56,1,0,0,69.3,4.35,12.6,20.8,6,8.7,Severe Sleep Debt,25-34
Female,Corporate 9-to-5,Night Owl,44,Streaming (Netflix/Hulu),43,0,26,54,23.3,5.89,23.0,22.9,1,2.4,Moderate Debt,<25
Female,Student,Morning Lark,20,Instagram / Reddit,48,0,0,15,22.8,7.58,22.2,18.3,1,1.0,Mild Deficit,45-54
Female,Student,Morning Lark,11,Streaming (Netflix/Hulu),23,1,96,30,30.2,9.39,20.5,22.0,0,1.0,Optimal Recovery,45-54
Male,Corporate 9-to-5,Intermediate,131,Instagram / Reddit,53,1,198,38,81.5,4.19,14.8,14.4,6,10.0,Severe Sleep Debt,<25
Male,Remote Tech,Night Owl,26,Instagram / Reddit,46,1,0,19,36.4,5.88,18.2,18.9,3,3.0,Moderate Debt,35-44
Female,Healthcare / Shift Worker,Intermediate,23,YouTube,54,0,44,45,21.6,4.89,23.0,19.6,4,5.3,Moderate Debt,25-34
Female,Corporate 9-to-5,Intermediate,66,YouTube,73,0,0,86,50.2,7.24,23.5,17.6,3,2.3,Mild Deficit,<25
Female,Healthcare / Shift Worker,Intermediate,87,News / Reading,61,1,143,49,42.2,4.01,19.8,14.9,3,8.4,Moderate Debt,55+
Female,Corporate 9-to-5,Morning Lark,64,Streaming (Netflix/Hulu),32,1,72,30,39.4,6.89,23.4,16.0,3,2.1,Mild Deficit,<25
Female,Healthcare / Shift Worker,Intermediate,64,YouTube,35,0,0,6,32.2,4.47,20.2,18.9,2,5.3,Moderate Debt,<25
Non-Binary,Student,Night Owl,28,YouTube,60,0,133,11,38.9,5.04,15.6,15.7,4,6.3,Moderate Debt,35-44
Female,Corporate 9-to-5,Night Owl,66,Messaging / Chat,65,1,0,0,33.2,5.04,22.2,21.7,3,5.0,Moderate Debt,35-44
Female,Student,Morning Lark,117,Instagram / Reddit,54,0,0,31,75.2,5.58,24.7,18.6,5,6.4,Moderate Debt,<25
Male,Healthcare / Shift Worker,Intermediate,69,Instagram / Reddit,66,1,0,41,38.7,5.64,22.7,17.2,2,4.3,Moderate Debt,35-44
Female,Freelance / Creative,Intermediate,31,TikTok / Reels,58,0,0,27,33.8,7.6,21.8,21.5,1,1.0,Mild Deficit,25-34
Male,Remote Tech,Morning Lark,90,Instagram / Reddit,58,1,0,23,56.3,6.53,20.8,16.4,3,3.6,Moderate Debt,<25
Female,Student,Intermediate,32,TikTok / Reels,72,1,0,42,31.9,7.42,22.6,19.1,0,1.0,Mild Deficit,<25
Female,Student,Morning Lark,55,Streaming (Netflix/Hulu),93,1,0,45,33.0,7.41,23.9,22.7,2,1.0,Mild Deficit,35-44
Male,Remote Tech,Intermediate,57,YouTube,61,0,79,41,50.2,6.33,25.3,21.4,3,3.8,Moderate Debt,25-34
Male,Healthcare / Shift Worker,Intermediate,167,Streaming (Netflix/Hulu),100,1,0,32,73.8,3.2,18.2,17.9,7,10.0,Severe Sleep Debt,55+
Female,Corporate 9-to-5,Intermediate,71,Instagram / Reddit,58,0,26,21,57.5,5.46,18.5,22.9,4,5.4,Moderate Debt,45-54
Male,Corporate 9-to-5,Intermediate,25,Streaming (Netflix/Hulu),58,0,0,63,20.6,9.1,25.4,19.0,1,1.0,Optimal Recovery,55+
Male,Remote Tech,Intermediate,23,TikTok / Reels,94,1,0,27,22.9,7.44,24.0,18.6,0,1.0,Mild Deficit,25-34
Female,Corporate 9-to-5,Intermediate,57,Streaming (Netflix/Hulu),52,0,0,58,31.9,6.75,20.9,22.8,3,2.0,Mild Deficit,55+
Female,Freelance / Creative,Morning Lark,127,YouTube,19,1,0,27,64.4,6.51,25.3,17.6,3,3.6,Moderate Debt,25-34
Male,Student,Intermediate,9,YouTube,33,0,20,36,20.7,6.57,26.1,18.9,2,1.0,Moderate Debt,25-34
Female,Remote Tech,Night Owl,57,YouTube,73,1,0,42,29.7,6.43,25.6,21.1,2,1.1,Moderate Debt,<25
Male,Healthcare / Shift Worker,Morning Lark,117,Instagram / Reddit,65,0,0,26,62.0,5.02,19.2,20.8,5,8.3,Moderate Debt,<25
Male,Remote Tech,Intermediate,81,Streaming (Netflix/Hulu),36,1,0,12,32.5,6.13,21.9,23.6,3,2.6,Moderate Debt,35-44
Male,Remote Tech,Intermediate,145,Streaming (Netflix/Hulu),16,1,155,0,75.5,4.53,15.9,15.8,5,8.8,Severe Sleep Debt,25-34
Female,Corporate 9-to-5,Intermediate,45,TikTok / Reels,47,1,0,26,37.9,6.53,25.2,19.9,2,1.8,Moderate Debt,25-34
Female,Remote Tech,Intermediate,24,YouTube,79,1,20,37,28.2,7.5,21.0,20.1,2,1.0,Mild Deficit,35-44
Male,Corporate 9-to-5,Intermediate,45,TikTok / Reels,53,0,139,50,51.6,5.94,19.2,16.8,4,6.1,Moderate Debt,25-34
Female,Student,Morning Lark,26,YouTube,48,1,54,75,23.1,9.17,25.6,17.1,0,1.0,Optimal Recovery,35-44
Female,Remote Tech,Intermediate,162,Instagram / Reddit,33,0,0,47,74.2,4.85,23.7,18.0,3,7.6,Moderate Debt,25-34
Female,Corporate 9-to-5,Intermediate,60,YouTube,49,0,0,39,40.4,5.82,21.3,17.7,3,4.5,Moderate Debt,45-54
Female,Remote Tech,Morning Lark,69,Instagram / Reddit,66,0,0,31,66.5,6.38,16.4,23.0,3,4.9,Moderate Debt,45-54
Non-Binary,Corporate 9-to-5,Intermediate,24,Messaging / Chat,51,1,0,43,20.3,7.35,26.9,18.8,3,1.0,Mild Deficit,25-34
Female,Freelance / Creative,Intermediate,35,Instagram / Reddit,52,1,75,52,28.6,7.57,22.5,19.6,1,1.0,Mild Deficit,25-34
Male,Corporate 9-to-5,Night Owl,97,Instagram / Reddit,77,1,0,77,49.1,3.95,28.0,22.5,6,7.8,Moderate Debt,25-34
Female,Healthcare / Shift Worker,Morning Lark,52,Messaging / Chat,39,1,0,39,28.7,5.97,23.7,20.2,4,2.6,Moderate Debt,45-54
Male,Remote Tech,Night Owl,40,YouTube,64,1,0,22,24.5,5.15,19.4,17.0,3,5.0,Moderate Debt,25-34
Female,Student,Intermediate,58,Instagram / Reddit,52,1,0,28,40.9,6.18,23.1,22.6,1,3.8,Moderate Debt,<25
Male,Corporate 9-to-5,Intermediate,41,TikTok / Reels,88,1,0,14,29.1,7.27,18.9,20.5,0,1.3,Mild Deficit,<25
Male,Freelance / Creative,Morning Lark,6,TikTok / Reels,72,0,157,97,39.7,8.55,23.9,13.4,2,1.0,Optimal Recovery,25-34
Female,Corporate 9-to-5,Intermediate,18,YouTube,82,0,0,6,26.7,7.73,21.8,19.1,1,1.0,Mild Deficit,25-34
Male,Remote Tech,Night Owl,56,YouTube,67,0,20,28,35.6,4.59,22.9,16.5,3,6.6,Moderate Debt,45-54
Female,Freelance / Creative,Intermediate,97,YouTube,45,1,83,32,61.5,6.5,19.8,14.4,4,4.7,Moderate Debt,25-34
Male,Healthcare / Shift Worker,Intermediate,37,TikTok / Reels,83,1,167,39,49.9,5.55,15.1,18.5,3,6.4,Moderate Debt,25-34
Non-Binary,Remote Tech,Intermediate,129,News / Reading,62,0,0,31,50.7,5.71,17.9,18.0,4,5.0,Moderate Debt,45-54
Male,Freelance / Creative,Intermediate,96,Messaging / Chat,59,0,0,26,50.8,6.01,19.2,25.7,3,4.7,Moderate Debt,45-54
Male,Student,Intermediate,104,News / Reading,39,0,89,25,39.7,5.33,16.6,19.4,4,5.7,Moderate Debt,25-34
Female,Corporate 9-to-5,Night Owl,16,Messaging / Chat,70,0,98,47,23.4,5.58,22.8,18.6,2,3.9,Moderate Debt,25-34
Female,Remote Tech,Intermediate,93,Messaging / Chat,46,0,56,39,48.8,5.15,18.8,20.2,4,6.1,Moderate Debt,25-34
Female,Corporate 9-to-5,Morning Lark,35,YouTube,44,0,0,35,30.7,7.74,19.9,16.8,1,1.0,Mild Deficit,55+
Female,Corporate 9-to-5,Intermediate,134,YouTube,61,0,36,29,66.7,6.04,16.2,16.4,4,6.4,Moderate Debt,<25
Male,Student,Night Owl,45,YouTube,43,1,54,28,30.6,6.26,19.7,17.3,1,1.4,Moderate Debt,55+
Female,Remote Tech,Night Owl,34,Streaming (Netflix/Hulu),40,1,82,65,25.1,5.41,24.5,17.1,2,3.5,Moderate Debt,35-44
Male,Corporate 9-to-5,Intermediate,35,Messaging / Chat,36,0,0,44,27.9,7.13,27.9,15.7,2,1.7,Mild Deficit,25-34
Female,Healthcare / Shift Worker,Night Owl,84,YouTube,76,1,96,51,63.9,3.2,21.6,18.9,6,10.0,Severe Sleep Debt,<25
Female,Corporate 9-to-5,Morning Lark,15,YouTube,84,1,0,71,25.6,7.93,25.4,20.1,1,1.0,Optimal Recovery,25-34
Male,Freelance / Creative,Morning Lark,62,YouTube,93,0,0,66,38.6,6.54,22.2,21.1,3,4.1,Moderate Debt,25-34
Female,Freelance / Creative,Morning Lark,50,TikTok / Reels,74,0,44,27,38.0,7.96,23.3,18.4,2,1.0,Optimal Recovery,<25
Male,Freelance / Creative,Morning Lark,28,Streaming (Netflix/Hulu),10,1,0,26,23.6,9.8,24.7,17.3,0,1.0,Optimal Recovery,35-44
Female,Healthcare / Shift Worker,Morning Lark,103,Instagram / Reddit,61,1,44,22,74.1,4.9,24.1,19.2,7,7.7,Moderate Debt,55+
Male,Corporate 9-to-5,Intermediate,79,Messaging / Chat,50,1,36,20,43.2,6.19,20.6,18.6,3,3.9,Moderate Debt,25-34
Female,Remote Tech,Intermediate,30,News / Reading,100,1,0,55,23.1,6.51,25.4,20.0,1,1.0,Moderate Debt,35-44
Female,Corporate 9-to-5,Intermediate,21,TikTok / Reels,63,1,0,37,17.3,6.29,25.0,22.8,2,1.0,Moderate Debt,<25
Male,Corporate 9-to-5,Intermediate,47,News / Reading,38,0,0,33,18.3,7.8,27.8,21.5,1,1.0,Optimal Recovery,25-34
Male,Student,Night Owl,81,Messaging / Chat,40,0,0,49,44.5,5.23,22.1,17.4,4,4.7,Moderate Debt,<25
Female,Corporate 9-to-5,Morning Lark,70,Streaming (Netflix/Hulu),20,1,0,63,33.7,7.09,25.0,17.9,1,1.0,Mild Deficit,35-44
Female,Freelance / Creative,Intermediate,82,Messaging / Chat,54,0,0,63,39.2,5.78,28.0,15.3,3,3.1,Moderate Debt,55+
Male,Freelance / Creative,Intermediate,10,TikTok / Reels,24,1,72,62,32.6,7.67,25.3,15.1,1,1.0,Mild Deficit,35-44
Female,Remote Tech,Night Owl,27,News / Reading,15,1,0,15,15.7,6.21,22.9,19.1,2,2.6,Moderate Debt,<25
Male,Remote Tech,Morning Lark,66,YouTube,36,1,63,60,48.7,6.98,23.3,17.3,3,2.4,Mild Deficit,25-34
Male,Remote Tech,Morning Lark,30,News / Reading,35,0,78,26,17.9,9.2,24.0,20.4,0,1.0,Optimal Recovery,25-34
Female,Healthcare / Shift Worker,Intermediate,105,YouTube,56,0,0,48,48.4,3.87,22.9,16.7,6,7.7,Moderate Debt,25-34
Female,Student,Night Owl,44,Messaging / Chat,63,1,0,42,42.5,5.44,27.7,21.0,3,4.6,Moderate Debt,45-54
Male,Corporate 9-to-5,Intermediate,22,Instagram / Reddit,55,0,0,0,22.7,7.88,25.0,22.4,0,1.0,Optimal Recovery,45-54
Female,Remote Tech,Intermediate,20,YouTube,53,1,0,29,16.3,7.2,23.4,19.3,1,1.0,Mild Deficit,35-44
Male,Remote Tech,Morning Lark,59,Messaging / Chat,63,1,134,64,59.4,7.74,15.9,18.1,1,3.1,Mild Deficit,25-34
Female,Freelance / Creative,Night Owl,24,Instagram / Reddit,78,1,82,61,28.0,4.91,22.7,17.5,3,4.3,Moderate Debt,25-34
Male,Corporate 9-to-5,Morning Lark,11,Streaming (Netflix/Hulu),35,0,0,36,14.9,8.26,20.8,20.9,1,1.0,Optimal Recovery,<25
Female,Corporate 9-to-5,Morning Lark,30,YouTube,62,0,70,21,28.0,8.21,17.3,17.8,2,1.0,Optimal Recovery,25-34
Male,Healthcare / Shift Worker,Morning Lark,164,News / Reading,56,0,0,28,58.7,5.45,16.9,22.9,4,6.3,Moderate Debt,25-34
Female,Healthcare / Shift Worker,Intermediate,7,Streaming (Netflix/Hulu),63,0,38,59,9.7,7.57,22.5,17.7,1,1.0,Mild Deficit,35-44
Female,Healthcare / Shift Worker,Morning Lark,36,TikTok / Reels,51,0,23,60,28.9,5.13,27.1,19.5,2,3.7,Moderate Debt,35-44
Male,Remote Tech,Night Owl,35,Instagram / Reddit,37,0,27,74,40.8,6.09,20.4,22.6,3,4.0,Moderate Debt,<25
Female,Student,Night Owl,31,TikTok / Reels,52,0,20,33,35.4,5.53,24.6,17.7,3,4.0,Moderate Debt,25-34
Female,Remote Tech,Intermediate,48,Streaming (Netflix/Hulu),40,0,0,95,32.5,6.36,22.2,16.7,2,3.0,Moderate Debt,<25
Female,Corporate 9-to-5,Intermediate,64,TikTok / Reels,35,0,0,21,32.4,5.46,21.0,22.2,3,4.9,Moderate Debt,<25
Female,Remote Tech,Morning Lark,91,Streaming (Netflix/Hulu),79,0,51,88,59.4,7.03,26.9,14.2,1,3.3,Mild Deficit,45-54
Male,Corporate 9-to-5,Intermediate,180,Instagram / Reddit,58,0,0,73,90.5,3.56,19.3,25.2,6,10.0,Severe Sleep Debt,<25
Male,Corporate 9-to-5,Intermediate,82,Streaming (Netflix/Hulu),15,1,107,30,33.0,5.77,18.1,19.8,3,3.3,Moderate Debt,25-34
Female,Freelance / Creative,Morning Lark,104,Instagram / Reddit,10,1,0,49,50.2,6.39,18.4,24.2,3,3.1,Moderate Debt,<25
Male,Corporate 9-to-5,Intermediate,37,Messaging / Chat,52,1,0,23,14.2,7.98,26.2,22.9,0,1.0,Optimal Recovery,45-54
Male,Freelance / Creative,Morning Lark,49,YouTube,42,1,0,38,30.4,8.33,18.2,18.5,0,1.0,Optimal Recovery,25-34
Male,Corporate 9-to-5,Night Owl,45,YouTube,55,1,76,65,32.9,4.18,21.7,17.8,4,6.4,Moderate Debt,25-34
Female,Corporate 9-to-5,Intermediate,32,TikTok / Reels,60,0,20,34,33.9,6.81,21.9,18.6,2,2.0,Mild Deficit,25-34
Male,Student,Night Owl,54,Instagram / Reddit,55,1,42,12,51.0,4.58,18.9,20.1,5,5.9,Moderate Debt,35-44
Female,Student,Night Owl,17,TikTok / Reels,39,0,0,4,26.3,6.84,24.1,17.6,1,1.0,Mild Deficit,55+
Female,Remote Tech,Night Owl,35,Instagram / Reddit,74,0,33,22,27.8,4.02,23.8,19.2,6,6.5,Moderate Debt,25-34
Female,Healthcare / Shift Worker,Intermediate,114,YouTube,32,1,131,39,59.2,3.2,20.9,17.8,7,9.3,Severe Sleep Debt,45-54
Female,Corporate 9-to-5,Intermediate,59,Messaging / Chat,79,1,0,64,26.0,6.24,21.3,23.4,1,2.0,Moderate Debt,55+
Male,Freelance / Creative,Intermediate,115,YouTube,67,0,66,23,58.5,5.4,20.8,16.9,3,5.9,Moderate Debt,45-54
Female,Corporate 9-to-5,Night Owl,60,YouTube,42,1,0,47,39.0,6.57,17.0,14.7,1,1.5,Moderate Debt,35-44
Male,Healthcare / Shift Worker,Intermediate,45,Instagram / Reddit,64,1,0,79,34.2,4.53,28.0,16.6,3,5.1,Moderate Debt,35-44
Female,Remote Tech,Night Owl,24,TikTok / Reels,48,1,0,1,22.9,7.84,20.7,19.1,2,1.0,Optimal Recovery,25-34
Male,Healthcare / Shift Worker,Morning Lark,52,YouTube,82,1,106,47,45.2,6.54,18.7,19.6,3,4.4,Moderate Debt,35-44
Male,Student,Intermediate,32,Messaging / Chat,42,0,173,23,27.1,7.55,16.5,17.0,1,1.0,Mild Deficit,25-34
Male,Corporate 9-to-5,Intermediate,19,Instagram / Reddit,71,0,0,14,28.1,6.91,21.4,16.8,1,1.0,Mild Deficit,35-44
Male,Freelance / Creative,Night Owl,26,YouTube,30,1,0,42,20.6,7.01,24.0,18.8,3,2.0,Mild Deficit,25-34
Male,Corporate 9-to-5,Morning Lark,72,TikTok / Reels,62,0,69,75,71.9,8.13,19.0,17.7,2,2.8,Optimal Recovery,35-44
Female,Corporate 9-to-5,Intermediate,112,Instagram / Reddit,61,1,0,35,57.5,4.94,22.4,14.7,4,7.0,Moderate Debt,45-54
Male,Healthcare / Shift Worker,Intermediate,76,Instagram / Reddit,68,1,0,20,40.3,4.3,23.2,19.9,5,7.4,Moderate Debt,<25
Female,Corporate 9-to-5,Morning Lark,25,YouTube,65,0,0,13,16.3,8.2,18.3,18.2,0,1.0,Optimal Recovery,45-54
Male,Corporate 9-to-5,Intermediate,59,YouTube,49,0,20,41,37.6,7.1,26.0,20.9,1,1.2,Mild Deficit,25-34
Female,Remote Tech,Intermediate,42,YouTube,16,1,0,32,32.5,6.97,20.0,19.2,1,1.8,Mild Deficit,45-54
Male,Healthcare / Shift Worker,Morning Lark,66,News / Reading,28,0,155,17,48.4,5.68,18.2,18.4,3,5.6,Moderate Debt,25-34
Male,Corporate 9-to-5,Intermediate,35,YouTube,14,0,83,22,21.0,8.2,22.1,20.6,1,1.0,Optimal Recovery,25-34
Female,Remote Tech,Night Owl,87,YouTube,50,0,20,46,48.9,5.17,21.9,19.7,5,6.8,Moderate Debt,45-54
Female,Student,Night Owl,87,YouTube,78,0,202,23,64.3,4.28,17.8,16.0,6,10.0,Severe Sleep Debt,25-34
Non-Binary,Healthcare / Shift Worker,Intermediate,80,Messaging / Chat,40,1,90,27,50.9,5.55,20.7,18.1,4,5.8,Moderate Debt,45-54
Female,Freelance / Creative,Intermediate,57,TikTok / Reels,47,0,20,30,53.1,6.0,18.1,18.1,4,4.3,Moderate Debt,25-34
Female,Healthcare / Shift Worker,Intermediate,89,Instagram / Reddit,43,1,0,52,39.2,3.63,21.5,20.9,4,8.1,Moderate Debt,25-34
Female,Student,Night Owl,16,Streaming (Netflix/Hulu),60,1,70,45,21.9,4.71,21.2,20.4,4,5.3,Moderate Debt,25-34
Non-Binary,Remote Tech,Intermediate,41,YouTube,58,0,34,33,37.7,6.65,25.7,20.5,2,2.5,Moderate Debt,35-44
Non-Binary,Corporate 9-to-5,Intermediate,105,Messaging / Chat,47,0,0,46,46.4,6.17,20.9,17.8,2,4.2,Moderate Debt,25-34
Male,Student,Morning Lark,25,YouTube,36,1,0,41,24.8,8.3,20.9,21.5,0,1.0,Optimal Recovery,<25
Male,Freelance / Creative,Intermediate,92,YouTube,68,1,115,54,48.1,5.55,26.4,14.8,4,4.2,Moderate Debt,25-34
Female,Student,Morning Lark,62,Messaging / Chat,77,0,0,0,43.3,7.76,17.8,19.8,1,1.0,Optimal Recovery,<25
Non-Binary,Corporate 9-to-5,Night Owl,49,TikTok / Reels,71,0,64,78,53.6,4.32,22.2,17.8,6,9.4,Severe Sleep Debt,55+
Female,Remote Tech,Intermediate,41,Streaming (Netflix/Hulu),32,1,0,32,30.6,7.38,19.2,23.4,2,1.6,Mild Deficit,55+
Female,Student,Intermediate,25,Streaming (Netflix/Hulu),10,0,100,26,32.0,7.74,21.0,18.5,1,1.0,Mild Deficit,25-34
Female,Student,Intermediate,92,Instagram / Reddit,50,0,106,28,60.2,5.3,20.3,18.1,4,6.7,Moderate Debt,35-44
Male,Student,Night Owl,59,TikTok / Reels,83,1,0,39,48.1,5.22,24.5,16.8,6,6.8,Moderate Debt,25-34
Male,Remote Tech,Morning Lark,106,Instagram / Reddit,15,0,0,15,70.4,5.86,22.4,17.2,4,4.8,Moderate Debt,35-44
Female,Corporate 9-to-5,Intermediate,77,TikTok / Reels,47,0,0,39,42.0,6.96,22.7,18.1,2,3.2,Mild Deficit,45-54
Non-Binary,Freelance / Creative,Intermediate,54,Instagram / Reddit,87,0,0,40,34.9,6.92,20.1,20.0,2,1.5,Mild Deficit,55+
Female,Student,Night Owl,38,Instagram / Reddit,75,1,53,66,36.4,5.52,20.8,18.5,3,4.4,Moderate Debt,25-34
Female,Corporate 9-to-5,Morning Lark,24,Instagram / Reddit,60,0,0,18,27.0,9.23,21.8,18.3,0,1.0,Optimal Recovery,35-44
Female,Corporate 9-to-5,Intermediate,19,Instagram / Reddit,31,0,23,79,22.4,6.0,22.4,21.8,2,2.8,Moderate Debt,25-34
Male,Freelance / Creative,Intermediate,103,TikTok / Reels,85,0,0,24,92.5,4.4,18.7,16.6,6,10.0,Severe Sleep Debt,55+
Male,Healthcare / Shift Worker,Night Owl,44,TikTok / Reels,51,0,113,20,36.7,3.74,19.3,21.7,5,8.7,Severe Sleep Debt,<25
Female,Remote Tech,Morning Lark,73,Messaging / Chat,10,1,61,25,40.7,7.6,21.7,17.5,1,1.0,Mild Deficit,35-44
Male,Corporate 9-to-5,Intermediate,25,TikTok / Reels,84,0,0,40,33.8,6.29,23.3,17.4,3,2.7,Moderate Debt,35-44
Female,Corporate 9-to-5,Morning Lark,31,YouTube,34,0,0,44,28.5,7.69,26.3,19.8,0,1.0,Mild Deficit,35-44
Male,Corporate 9-to-5,Morning Lark,41,Messaging / Chat,100,1,0,51,36.9,8.01,23.1,20.1,2,1.2,Optimal Recovery,<25
Non-Binary,Student,Morning Lark,49,Instagram / Reddit,51,0,149,13,44.8,7.58,19.6,14.8,2,2.9,Mild Deficit,55+
Female,Remote Tech,Night Owl,14,Instagram / Reddit,63,1,133,0,27.9,5.76,19.1,16.5,3,6.3,Moderate Debt,<25
Male,Student,Morning Lark,15,YouTube,57,1,0,45,17.4,8.64,25.9,20.5,1,1.0,Optimal Recovery,35-44
Male,Student,Night Owl,29,TikTok / Reels,50,0,0,43,21.6,5.89,23.5,20.4,3,3.6,Moderate Debt,25-34
Female,Corporate 9-to-5,Morning Lark,59,YouTube,71,0,0,45,29.8,6.96,21.6,17.8,3,2.1,Mild Deficit,25-34
Male,Corporate 9-to-5,Night Owl,70,Streaming (Netflix/Hulu),59,1,142,39,67.6,5.64,21.5,12.0,4,6.3,Moderate Debt,25-34
Female,Remote Tech,Intermediate,72,News / Reading,56,1,58,12,35.0,6.17,19.6,16.5,2,2.1,Moderate Debt,25-34
Female,Corporate 9-to-5,Morning Lark,94,YouTube,34,1,0,22,52.4,6.91,22.9,19.0,3,3.0,Mild Deficit,<25
Female,Corporate 9-to-5,Intermediate,17,TikTok / Reels,52,1,0,45,21.2,7.99,26.1,16.7,1,1.0,Optimal Recovery,<25
Female,Student,Intermediate,54,YouTube,31,1,0,38,30.8,6.94,25.5,19.7,1,1.0,Mild Deficit,25-34
Male,Healthcare / Shift Worker,Intermediate,62,YouTube,63,0,0,60,36.6,3.84,22.6,17.6,4,7.5,Moderate Debt,35-44
Male,Student,Intermediate,147,YouTube,62,1,250,54,82.7,4.4,17.9,14.8,5,8.8,Severe Sleep Debt,45-54
Male,Healthcare / Shift Worker,Intermediate,98,YouTube,59,0,34,24,49.9,5.86,26.5,21.0,4,5.0,Moderate Debt,<25
Female,Student,Intermediate,45,TikTok / Reels,80,0,0,82,38.4,6.08,23.9,18.6,3,3.3,Moderate Debt,25-34
Female,Student,Night Owl,42,TikTok / Reels,71,0,0,5,44.7,4.62,21.4,19.7,5,6.6,Moderate Debt,<25
Female,Corporate 9-to-5,Intermediate,23,Messaging / Chat,97,0,0,21,24.8,8.41,22.5,23.8,0,1.0,Optimal Recovery,<25
Female,Freelance / Creative,Night Owl,35,Streaming (Netflix/Hulu),75,0,162,37,39.0,5.32,17.8,16.8,3,5.2,Moderate Debt,35-44
Non-Binary,Corporate 9-to-5,Night Owl,69,YouTube,58,0,0,7,34.0,4.2,20.0,17.0,3,5.9,Moderate Debt,35-44
Male,Corporate 9-to-5,Morning Lark,61,TikTok / Reels,49,0,0,8,45.6,7.84,18.9,15.4,1,1.6,Optimal Recovery,<25
Female,Corporate 9-to-5,Morning Lark,29,Streaming (Netflix/Hulu),27,0,0,0,31.5,8.37,22.6,21.8,1,1.0,Optimal Recovery,25-34
Male,Freelance / Creative,Intermediate,24,Streaming (Netflix/Hulu),83,0,0,51,22.6,7.08,24.2,21.8,2,1.0,Mild Deficit,<25
Male,Freelance / Creative,Intermediate,77,Streaming (Netflix/Hulu),66,0,0,0,46.3,5.66,18.4,21.5,3,5.1,Moderate Debt,45-54
Female,Healthcare / Shift Worker,Intermediate,65,Instagram / Reddit,46,0,0,44,36.9,5.43,23.1,23.0,4,5.1,Moderate Debt,55+
Male,Student,Intermediate,31,Instagram / Reddit,61,1,0,56,40.3,7.97,23.1,19.8,2,1.0,Optimal Recovery,<25
Female,Remote Tech,Intermediate,78,Messaging / Chat,58,1,36,44,49.5,6.41,21.6,19.7,3,4.1,Moderate Debt,25-34
Female,Freelance / Creative,Intermediate,49,TikTok / Reels,53,0,134,21,45.8,6.96,19.8,17.1,1,2.4,Mild Deficit,45-54
Female,Student,Morning Lark,45,Messaging / Chat,74,0,0,8,33.5,6.91,18.6,22.9,2,2.0,Mild Deficit,55+
Female,Freelance / Creative,Night Owl,12,Messaging / Chat,24,1,0,71,16.6,6.03,27.8,23.1,4,1.0,Moderate Debt,25-34
Female,Corporate 9-to-5,Intermediate,56,TikTok / Reels,72,1,38,43,49.4,6.31,19.5,11.9,3,4.8,Moderate Debt,<25
Female,Corporate 9-to-5,Intermediate,31,TikTok / Reels,81,0,187,3,44.5,7.31,15.5,13.7,2,3.1,Mild Deficit,<25
Female,Healthcare / Shift Worker,Intermediate,47,Instagram / Reddit,33,1,81,19,37.7,4.96,18.7,19.8,4,6.8,Moderate Debt,35-44
Male,Corporate 9-to-5,Morning Lark,66,TikTok / Reels,16,1,20,61,42.0,7.54,23.1,17.1,2,1.8,Mild Deficit,25-34
Non-Binary,Freelance / Creative,Intermediate,31,TikTok / Reels,64,0,0,63,35.8,8.31,28.0,21.6,1,1.0,Optimal Recovery,<25
Male,Remote Tech,Morning Lark,25,News / Reading,74,1,138,35,31.8,8.59,23.0,19.3,0,1.0,Optimal Recovery,35-44
Female,Freelance / Creative,Morning Lark,22,YouTube,37,0,99,71,22.0,8.29,27.7,19.0,0,1.0,Optimal Recovery,<25
Female,Corporate 9-to-5,Intermediate,125,Instagram / Reddit,27,1,0,38,65.9,5.07,24.5,20.1,5,6.5,Moderate Debt,35-44
Female,Student,Morning Lark,35,TikTok / Reels,17,0,0,19,30.9,7.09,17.5,16.0,1,2.1,Mild Deficit,25-34
Female,Remote Tech,Intermediate,39,YouTube,77,0,0,3,32.3,6.64,21.0,22.7,2,1.2,Moderate Debt,<25
Male,Student,Intermediate,59,Streaming (Netflix/Hulu),53,0,0,81,40.3,5.84,22.7,24.2,3,3.3,Moderate Debt,35-44
Male,Remote Tech,Morning Lark,87,TikTok / Reels,81,0,39,0,70.2,6.08,16.6,21.3,2,6.6,Moderate Debt,25-34
Male,Freelance / Creative,Morning Lark,64,YouTube,10,1,0,33,37.2,7.48,22.9,19.8,1,1.0,Mild Deficit,55+
Male,Student,Night Owl,29,TikTok / Reels,57,0,0,78,48.1,4.71,28.0,18.1,4,5.7,Moderate Debt,25-34
Female,Corporate 9-to-5,Morning Lark,27,TikTok / Reels,77,0,80,31,41.9,7.54,19.9,17.4,1,1.4,Mild Deficit,25-34
Female,Freelance / Creative,Intermediate,39,Messaging / Chat,36,0,165,61,37.5,7.54,17.5,19.3,3,2.2,Mild Deficit,35-44
Male,Corporate 9-to-5,Intermediate,105,TikTok / Reels,70,1,0,53,59.2,5.34,24.8,18.0,4,5.9,Moderate Debt,25-34
Female,Remote Tech,Night Owl,58,TikTok / Reels,34,0,209,46,55.7,4.5,21.3,15.0,6,8.9,Severe Sleep Debt,45-54
Female,Corporate 9-to-5,Night Owl,50,YouTube,36,0,111,38,36.7,5.41,19.6,14.4,3,5.5,Moderate Debt,25-34
Female,Healthcare / Shift Worker,Night Owl,40,Instagram / Reddit,56,1,89,26,34.5,4.34,21.5,18.4,5,7.5,Moderate Debt,25-34
Female,Corporate 9-to-5,Morning Lark,70,TikTok / Reels,43,0,0,24,50.0,7.82,20.8,19.3,1,1.0,Optimal Recovery,<25
Female,Corporate 9-to-5,Night Owl,61,Streaming (Netflix/Hulu),82,0,0,19,46.7,4.26,19.7,17.6,5,6.5,Moderate Debt,25-34
Male,Freelance / Creative,Morning Lark,97,TikTok / Reels,55,0,28,25,78.1,5.69,19.0,19.2,4,6.9,Moderate Debt,45-54
Male,Healthcare / Shift Worker,Morning Lark,10,YouTube,83,0,51,38,23.3,6.08,24.7,18.9,2,2.7,Moderate Debt,45-54
Female,Corporate 9-to-5,Intermediate,115,TikTok / Reels,68,1,237,17,93.7,5.18,12.7,15.7,7,10.0,Severe Sleep Debt,25-34
Female,Student,Intermediate,66,TikTok / Reels,37,0,0,40,57.4,6.18,19.3,14.6,3,4.8,Moderate Debt,25-34
Male,Freelance / Creative,Morning Lark,56,YouTube,59,1,20,30,37.3,8.34,24.5,19.2,1,1.0,Optimal Recovery,45-54
Female,Corporate 9-to-5,Morning Lark,43,Instagram / Reddit,38,0,155,87,41.4,7.71,20.8,20.3,1,1.4,Mild Deficit,55+
Female,Healthcare / Shift Worker,Night Owl,8,TikTok / Reels,78,0,20,79,29.1,4.08,24.6,12.0,3,5.2,Moderate Debt,<25
Female,Remote Tech,Night Owl,56,TikTok / Reels,84,1,0,38,44.7,5.52,17.4,17.8,3,4.7,Moderate Debt,25-34
Female,Student,Intermediate,56,Instagram / Reddit,20,1,0,0,26.2,7.86,24.3,18.1,0,1.0,Optimal Recovery,25-34
Male,Remote Tech,Intermediate,153,Instagram / Reddit,66,0,0,49,76.5,4.24,13.5,19.7,6,10.0,Severe Sleep Debt,45-54
Male,Student,Night Owl,24,TikTok / Reels,79,0,250,68,54.4,6.0,18.4,12.5,3,5.2,Moderate Debt,<25
Female,Corporate 9-to-5,Night Owl,36,TikTok / Reels,73,0,0,0,41.9,4.79,20.5,19.2,3,4.8,Moderate Debt,<25
Female,Student,Intermediate,63,Streaming (Netflix/Hulu),53,1,136,48,35.6,6.47,18.8,20.5,3,3.5,Moderate Debt,35-44
Female,Corporate 9-to-5,Intermediate,112,TikTok / Reels,100,0,0,57,80.1,4.92,17.7,20.5,5,9.9,Severe Sleep Debt,<25
Female,Remote Tech,Morning Lark,61,Instagram / Reddit,60,0,0,43,36.1,8.07,21.8,19.0,2,1.0,Optimal Recovery,25-34
Non-Binary,Corporate 9-to-5,Intermediate,46,YouTube,25,0,0,46,16.8,7.53,23.0,26.1,1,1.0,Mild Deficit,25-34
Male,Healthcare / Shift Worker,Intermediate,20,Streaming (Netflix/Hulu),69,0,111,25,31.3,6.73,20.0,20.8,3,2.2,Moderate Debt,25-34
Male,Corporate 9-to-5,Intermediate,55,Instagram / Reddit,77,1,56,44,30.4,7.62,22.9,15.8,2,1.0,Mild Deficit,25-34
Male,Remote Tech,Intermediate,27,Streaming (Netflix/Hulu),67,1,0,35,29.1,7.54,23.6,19.8,0,1.0,Mild Deficit,25-34
Male,Remote Tech,Morning Lark,6,YouTube,59,1,0,25,24.3,8.84,23.4,23.2,0,1.0,Optimal Recovery,<25
Male,Student,Night Owl,31,Streaming (Netflix/Hulu),27,1,0,29,22.6,6.03,19.2,20.2,2,2.1,Moderate Debt,35-44
Female,Remote Tech,Morning Lark,57,Streaming (Netflix/Hulu),22,1,0,3,30.6,8.42,18.2,20.1,3,1.0,Optimal Recovery,45-54
Female,Healthcare / Shift Worker,Intermediate,46,YouTube,36,1,30,11,57.2,4.69,22.8,17.2,4,5.8,Moderate Debt,35-44
Male,Corporate 9-to-5,Night Owl,61,Streaming (Netflix/Hulu),10,1,0,12,40.7,5.56,19.7,23.1,5,4.7,Moderate Debt,<25
Female,Corporate 9-to-5,Intermediate,38,News / Reading,86,0,20,44,18.5,6.89,19.7,20.3,2,2.3,Mild Deficit,<25
Non-Binary,Remote Tech,Intermediate,54,TikTok / Reels,56,1,0,18,42.8,6.28,24.8,15.8,3,3.3,Moderate Debt,25-34
Male,Freelance / Creative,Intermediate,26,Streaming (Netflix/Hulu),48,1,0,60,36.7,7.21,27.0,18.0,2,1.1,Mild Deficit,25-34
Male,Corporate 9-to-5,Night Owl,29,YouTube,26,0,0,31,32.5,6.14,27.2,17.3,2,2.8,Moderate Debt,25-34
Female,Corporate 9-to-5,Night Owl,97,Instagram / Reddit,29,1,0,39,56.6,4.25,25.3,19.2,5,6.6,Moderate Debt,35-44
Male,Corporate 9-to-5,Intermediate,151,YouTube,55,0,81,23,77.8,5.34,19.3,18.0,6,8.4,Moderate Debt,<25
Female,Student,Night Owl,140,TikTok / Reels,49,1,82,47,81.0,3.2,21.8,15.5,7,10.0,Severe Sleep Debt,<25
Non-Binary,Remote Tech,Morning Lark,33,Messaging / Chat,58,1,81,38,28.3,7.94,23.0,16.4,1,1.0,Optimal Recovery,25-34
Female,Healthcare / Shift Worker,Night Owl,69,Streaming (Netflix/Hulu),28,1,0,65,30.2,3.2,27.8,25.4,4,5.7,Moderate Debt,35-44
Male,Corporate 9-to-5,Night Owl,37,YouTube,63,0,137,59,33.7,5.76,16.9,13.8,3,4.4,Moderate Debt,<25
Male,Corporate 9-to-5,Intermediate,55,Streaming (Netflix/Hulu),81,0,0,4,36.8,6.72,15.3,20.0,3,2.9,Moderate Debt,35-44
Female,Corporate 9-to-5,Night Owl,55,Instagram / Reddit,49,1,36,60,37.1,5.18,25.4,20.5,4,4.9,Moderate Debt,25-34
Female,Student,Intermediate,46,YouTube,71,1,0,25,26.0,6.39,23.0,20.8,3,2.2,Moderate Debt,45-54
Non-Binary,Student,Intermediate,44,TikTok / Reels,52,0,0,30,40.6,7.62,26.5,21.3,1,1.0,Mild Deficit,45-54
Female,Corporate 9-to-5,Night Owl,9,Streaming (Netflix/Hulu),47,1,0,71,16.4,6.27,27.2,21.8,2,1.8,Moderate Debt,25-34
Male,Freelance / Creative,Intermediate,35,Streaming (Netflix/Hulu),64,0,0,35,18.1,7.44,26.9,24.2,2,1.0,Mild Deficit,25-34
Female,Corporate 9-to-5,Intermediate,70,News / Reading,46,0,0,29,23.8,7.13,23.6,19.0,1,1.0,Mild Deficit,25-34
Male,Student,Intermediate,87,TikTok / Reels,42,0,0,65,51.8,6.46,27.2,20.9,2,2.8,Moderate Debt,25-34
Male,Remote Tech,Night Owl,46,Instagram / Reddit,77,1,0,0,28.3,5.72,23.1,23.3,1,2.8,Moderate Debt,35-44
Female,Corporate 9-to-5,Night Owl,121,Streaming (Netflix/Hulu),19,1,63,45,61.8,4.91,24.1,15.7,5,5.9,Moderate Debt,45-54
Female,Healthcare / Shift Worker,Morning Lark,57,Streaming (Netflix/Hulu),57,0,0,14,58.8,5.54,23.3,23.7,5,5.9,Moderate Debt,35-44
Male,Healthcare / Shift Worker,Intermediate,108,Streaming (Netflix/Hulu),34,0,0,25,40.6,3.95,23.8,22.2,5,8.8,Severe Sleep Debt,45-54
Female,Remote Tech,Night Owl,57,TikTok / Reels,91,1,35,45,41.9,5.3,21.5,18.2,4,5.8,Moderate Debt,25-34
Female,Remote Tech,Intermediate,3,TikTok / Reels,73,0,0,0,11.5,8.07,21.7,16.8,0,1.0,Optimal Recovery,<25
Male,Corporate 9-to-5,Night Owl,111,TikTok / Reels,81,0,83,79,89.7,3.2,21.3,16.5,6,10.0,Severe Sleep Debt,35-44
Female,Student,Night Owl,43,YouTube,59,0,27,48,35.4,5.87,24.9,15.7,4,4.3,Moderate Debt,25-34
Female,Corporate 9-to-5,Intermediate,42,YouTube,68,0,0,52,19.7,6.61,20.3,19.3,0,1.0,Moderate Debt,35-44
Male,Healthcare / Shift Worker,Intermediate,19,Streaming (Netflix/Hulu),59,1,250,14,34.3,6.89,17.7,15.6,3,5.2,Mild Deficit,25-34
Female,Corporate 9-to-5,Intermediate,90,TikTok / Reels,44,1,0,4,62.9,5.71,22.4,19.2,4,5.3,Moderate Debt,<25
Female,Corporate 9-to-5,Intermediate,180,Instagram / Reddit,90,1,28,37,86.3,4.18,18.1,17.5,6,9.1,Severe Sleep Debt,55+
Female,Corporate 9-to-5,Intermediate,21,Messaging / Chat,69,1,27,20,22.2,6.97,24.5,19.7,1,1.0,Mild Deficit,<25
Male,Corporate 9-to-5,Night Owl,110,Instagram / Reddit,39,1,0,25,56.8,4.16,19.3,19.8,5,7.3,Moderate Debt,55+
Male,Remote Tech,Night Owl,43,TikTok / Reels,24,1,96,68,55.1,4.68,26.6,21.7,3,6.1,Moderate Debt,55+
Male,Corporate 9-to-5,Intermediate,87,YouTube,35,1,208,29,48.8,5.23,23.0,14.9,3,6.6,Moderate Debt,35-44
Female,Student,Night Owl,25,Streaming (Netflix/Hulu),56,1,0,47,33.0,6.85,23.7,22.5,2,2.3,Mild Deficit,35-44
Female,Corporate 9-to-5,Intermediate,115,TikTok / Reels,42,0,0,40,69.5,5.78,21.0,14.8,4,6.3,Moderate Debt,35-44
Female,Student,Intermediate,75,News / Reading,74,0,22,72,36.5,5.04,20.4,22.3,5,6.8,Moderate Debt,45-54
Female,Remote Tech,Intermediate,41,YouTube,61,1,0,3,33.9,8.14,22.3,19.8,1,1.0,Optimal Recovery,25-34
Male,Freelance / Creative,Night Owl,101,Streaming (Netflix/Hulu),50,0,0,21,36.5,4.33,18.4,19.9,4,6.2,Moderate Debt,25-34
Female,Freelance / Creative,Intermediate,57,Instagram / Reddit,55,0,26,10,28.1,7.32,15.6,20.8,1,1.0,Mild Deficit,35-44
Female,Healthcare / Shift Worker,Intermediate,142,Messaging / Chat,53,0,0,83,61.0,3.39,20.6,19.2,5,9.3,Severe Sleep Debt,25-34
Female,Student,Intermediate,32,Streaming (Netflix/Hulu),50,0,0,0,23.2,9.45,24.2,23.3,0,1.0,Optimal Recovery,25-34
Male,Remote Tech,Morning Lark,95,Instagram / Reddit,63,1,76,47,55.0,6.44,20.5,21.4,3,4.1,Moderate Debt,25-34
Male,Student,Intermediate,80,Messaging / Chat,45,1,0,49,42.1,6.6,23.7,19.8,2,2.2,Moderate Debt,35-44
Male,Freelance / Creative,Morning Lark,15,Messaging / Chat,32,0,105,40,25.1,8.15,20.0,21.7,2,1.0,Optimal Recovery,45-54
Male,Corporate 9-to-5,Night Owl,19,TikTok / Reels,70,1,0,15,19.1,6.38,25.8,16.9,2,2.1,Moderate Debt,<25
Female,Remote Tech,Morning Lark,40,YouTube,39,1,28,17,35.5,7.73,20.2,17.3,3,2.7,Mild Deficit,55+
Female,Corporate 9-to-5,Intermediate,66,YouTube,80,1,28,44,50.8,6.55,20.8,19.7,3,4.3,Moderate Debt,35-44
Female,Remote Tech,Morning Lark,85,TikTok / Reels,52,1,0,36,63.5,6.32,25.2,15.1,5,4.6,Moderate Debt,45-54
Male,Remote Tech,Night Owl,65,Messaging / Chat,46,1,0,13,33.6,4.83,15.9,18.8,3,5.3,Moderate Debt,25-34
Male,Remote Tech,Intermediate,94,YouTube,36,1,0,38,43.8,5.98,20.3,22.1,3,3.9,Moderate Debt,35-44
Male,Remote Tech,Night Owl,45,TikTok / Reels,49,1,102,44,36.8,5.13,24.4,17.7,4,5.4,Moderate Debt,<25
Male,Freelance / Creative,Night Owl,87,TikTok / Reels,62,0,0,48,66.0,4.03,21.2,20.1,5,8.8,Severe Sleep Debt,45-54
Male,Remote Tech,Night Owl,56,News / Reading,39,1,0,49,12.2,6.32,21.7,21.4,2,1.9,Moderate Debt,<25
Male,Healthcare / Shift Worker,Night Owl,40,Messaging / Chat,70,0,0,6,36.8,4.85,20.8,16.5,3,4.2,Moderate Debt,45-54
Male,Corporate 9-to-5,Morning Lark,20,Instagram / Reddit,33,1,250,26,39.3,9.07,18.1,17.0,0,1.0,Optimal Recovery,55+
Male,Remote Tech,Intermediate,10,Instagram / Reddit,73,1,0,3,20.0,8.06,25.0,21.8,0,1.0,Optimal Recovery,25-34
Female,Remote Tech,Intermediate,44,Instagram / Reddit,57,1,0,47,25.1,6.68,22.7,21.6,3,3.0,Moderate Debt,<25
Male,Corporate 9-to-5,Night Owl,59,Streaming (Netflix/Hulu),46,0,0,4,44.4,4.46,19.1,18.9,5,6.5,Moderate Debt,35-44
Male,Remote Tech,Night Owl,31,TikTok / Reels,63,0,0,16,26.8,5.43,25.7,22.8,2,1.8,Moderate Debt,25-34
Female,Remote Tech,Night Owl,38,Streaming (Netflix/Hulu),87,0,174,24,40.9,5.2,20.4,17.6,3,5.8,Moderate Debt,45-54
Male,Remote Tech,Morning Lark,4,YouTube,78,1,0,39,13.8,8.43,24.2,21.0,1,1.0,Optimal Recovery,<25
Male,Student,Intermediate,40,Instagram / Reddit,62,1,126,23,36.2,7.02,20.3,20.5,2,2.3,Mild Deficit,<25
Female,Remote Tech,Intermediate,24,Instagram / Reddit,74,0,0,7,25.2,8.14,25.0,20.4,0,1.0,Optimal Recovery,55+
Male,Corporate 9-to-5,Morning Lark,30,News / Reading,47,0,0,44,25.9,7.13,22.4,21.6,1,1.0,Mild Deficit,35-44
Female,Student,Morning Lark,77,Streaming (Netflix/Hulu),42,1,0,40,29.5,8.45,24.5,22.6,0,1.0,Optimal Recovery,45-54
Male,Corporate 9-to-5,Intermediate,47,YouTube,69,0,0,0,27.6,7.09,21.5,23.5,1,1.0,Mild Deficit,25-34
Male,Corporate 9-to-5,Night Owl,65,Messaging / Chat,60,0,0,30,34.0,5.24,17.8,21.5,2,3.0,Moderate Debt,35-44
Female,Corporate 9-to-5,Intermediate,13,YouTube,49,1,0,42,18.9,8.25,17.7,16.6,0,1.0,Optimal Recovery,35-44
Female,Corporate 9-to-5,Intermediate,105,YouTube,71,1,0,46,56.6,5.71,20.1,17.0,5,5.8,Moderate Debt,35-44
Male,Corporate 9-to-5,Intermediate,54,Instagram / Reddit,56,0,80,26,36.4,7.83,19.1,18.9,1,1.0,Optimal Recovery,35-44
Female,Corporate 9-to-5,Intermediate,85,Streaming (Netflix/Hulu),81,0,75,78,63.6,4.65,22.7,16.0,4,7.8,Moderate Debt,35-44
Female,Corporate 9-to-5,Night Owl,21,YouTube,13,1,0,37,17.3,5.81,22.0,18.1,2,2.0,Moderate Debt,25-34
Male,Student,Intermediate,71,Instagram / Reddit,45,1,62,57,55.2,4.93,21.6,19.1,4,6.0,Moderate Debt,25-34
Female,Corporate 9-to-5,Morning Lark,41,Messaging / Chat,73,1,130,25,37.4,8.01,15.5,10.1,1,1.1,Optimal Recovery,35-44
Female,Remote Tech,Intermediate,161,YouTube,88,0,0,55,87.1,4.14,17.7,18.9,4,9.3,Severe Sleep Debt,25-34
Male,Freelance / Creative,Night Owl,33,Instagram / Reddit,82,1,0,33,22.1,5.65,21.4,17.8,2,3.1,Moderate Debt,35-44
Male,Healthcare / Shift Worker,Intermediate,56,TikTok / Reels,42,0,105,63,45.0,4.48,19.0,17.1,3,7.1,Moderate Debt,25-34
Male,Corporate 9-to-5,Intermediate,22,News / Reading,80,0,102,26,29.5,8.6,20.9,20.6,0,1.0,Optimal Recovery,35-44
Male,Freelance / Creative,Morning Lark,55,Streaming (Netflix/Hulu),19,0,0,38,25.6,6.73,21.8,22.1,1,1.0,Moderate Debt,35-44
Female,Corporate 9-to-5,Morning Lark,50,YouTube,37,0,22,27,30.3,7.59,20.9,19.0,2,1.0,Mild Deficit,<25
Female,Corporate 9-to-5,Night Owl,99,Instagram / Reddit,50,0,0,34,51.8,5.41,21.7,20.3,3,4.4,Moderate Debt,<25
Female,Freelance / Creative,Intermediate,57,TikTok / Reels,64,0,136,38,62.5,7.07,24.2,12.9,4,4.7,Mild Deficit,<25
Male,Healthcare / Shift Worker,Intermediate,41,TikTok / Reels,35,0,91,0,32.4,4.68,21.7,16.5,5,5.7,Moderate Debt,35-44
Male,Remote Tech,Intermediate,49,YouTube,52,1,0,63,35.4,6.26,28.0,18.2,2,2.2,Moderate Debt,45-54
Male,Student,Night Owl,13,TikTok / Reels,82,1,59,0,18.4,5.46,16.2,16.8,5,4.0,Moderate Debt,<25
Male,Student,Morning Lark,60,Instagram / Reddit,32,1,85,62,34.8,7.71,22.3,18.2,0,1.0,Mild Deficit,35-44
Male,Corporate 9-to-5,Night Owl,90,Instagram / Reddit,30,0,0,49,44.0,4.21,19.2,18.4,2,5.2,Moderate Debt,25-34
Female,Corporate 9-to-5,Intermediate,56,YouTube,39,0,0,56,36.6,6.21,21.9,21.0,3,2.9,Moderate Debt,25-34
Female,Remote Tech,Night Owl,15,Instagram / Reddit,100,1,127,20,30.6,6.81,15.0,16.0,2,2.6,Mild Deficit,55+
Female,Freelance / Creative,Night Owl,65,TikTok / Reels,63,0,0,30,44.5,5.16,16.9,21.2,4,6.0,Moderate Debt,25-34
Female,Corporate 9-to-5,Intermediate,66,Streaming (Netflix/Hulu),38,0,0,52,28.4,5.95,25.2,21.2,3,3.5,Moderate Debt,25-34
Male,Healthcare / Shift Worker,Morning Lark,70,TikTok / Reels,73,0,0,1,58.8,5.63,21.4,16.9,5,5.3,Moderate Debt,<25
Female,Corporate 9-to-5,Morning Lark,49,Instagram / Reddit,18,1,95,13,49.7,6.29,24.3,21.0,2,2.2,Moderate Debt,<25
Male,Remote Tech,Night Owl,59,YouTube,52,1,0,0,34.5,5.23,21.6,23.2,3,3.3,Moderate Debt,25-34
Male,Student,Morning Lark,66,TikTok / Reels,58,1,0,57,45.0,7.6,26.2,17.5,2,1.5,Mild Deficit,<25
Female,Student,Intermediate,27,Instagram / Reddit,77,1,55,30,27.2,8.06,24.0,19.3,0,1.0,Optimal Recovery,35-44
Female,Corporate 9-to-5,Morning Lark,30,Messaging / Chat,26,0,0,54,33.7,9.37,21.1,19.7,1,1.0,Optimal Recovery,25-34
Female,Remote Tech,Intermediate,71,Instagram / Reddit,81,1,60,51,40.1,6.56,22.6,18.0,4,4.5,Moderate Debt,25-34
Female,Remote Tech,Morning Lark,29,TikTok / Reels,76,0,116,61,36.9,8.23,21.7,18.9,3,1.2,Optimal Recovery,<25
Male,Corporate 9-to-5,Night Owl,47,TikTok / Reels,82,0,30,25,43.3,6.03,21.5,21.7,4,4.1,Moderate Debt,25-34
Female,Corporate 9-to-5,Night Owl,70,Streaming (Netflix/Hulu),31,1,0,8,22.6,4.46,25.3,25.0,3,4.4,Moderate Debt,35-44
Male,Student,Intermediate,94,Messaging / Chat,90,1,22,40,56.8,5.19,21.0,17.9,4,6.7,Moderate Debt,55+
Male,Remote Tech,Intermediate,34,YouTube,17,1,0,30,26.8,6.9,18.6,17.9,0,1.0,Mild Deficit,<25
Male,Corporate 9-to-5,Intermediate,29,TikTok / Reels,30,1,33,55,32.2,7.34,17.8,20.2,0,1.0,Mild Deficit,45-54
Male,Remote Tech,Night Owl,70,Streaming (Netflix/Hulu),59,0,0,39,54.1,4.08,21.8,19.9,5,6.9,Moderate Debt,35-44
Female,Freelance / Creative,Intermediate,97,TikTok / Reels,47,1,163,55,69.1,5.61,18.3,19.3,3,6.7,Moderate Debt,25-34
Female,Corporate 9-to-5,Intermediate,15,Messaging / Chat,28,0,0,61,25.6,6.62,21.4,18.9,2,1.1,Moderate Debt,25-34
Female,Student,Intermediate,52,Messaging / Chat,100,0,0,3,40.1,7.38,17.4,22.7,1,1.1,Mild Deficit,<25
Female,Corporate 9-to-5,Night Owl,124,YouTube,21,0,24,0,57.7,3.88,22.5,22.1,5,9.6,Severe Sleep Debt,<25
Male,Corporate 9-to-5,Intermediate,27,Messaging / Chat,20,1,0,5,10.2,8.77,22.8,20.8,0,1.0,Optimal Recovery,35-44
Male,Corporate 9-to-5,Intermediate,72,TikTok / Reels,62,0,0,12,48.4,5.06,20.4,18.5,4,6.3,Moderate Debt,25-34
Female,Remote Tech,Intermediate,48,YouTube,54,1,109,31,35.1,5.92,20.8,17.2,3,4.1,Moderate Debt,45-54
Female,Healthcare / Shift Worker,Intermediate,49,TikTok / Reels,26,0,250,14,53.2,5.86,17.3,11.0,2,4.8,Moderate Debt,25-34
Female,Corporate 9-to-5,Intermediate,45,Instagram / Reddit,99,0,0,49,42.9,7.38,24.6,23.8,2,2.2,Mild Deficit,<25
Male,Student,Intermediate,61,Instagram / Reddit,57,1,0,45,45.3,6.95,22.9,17.1,1,2.7,Mild Deficit,35-44
Male,Remote Tech,Intermediate,100,TikTok / Reels,44,1,0,34,58.4,5.3,18.2,20.0,4,5.7,Moderate Debt,25-34
Male,Corporate 9-to-5,Night Owl,28,TikTok / Reels,55,0,0,43,28.9,5.43,24.1,22.6,2,2.5,Moderate Debt,25-34
Male,Remote Tech,Morning Lark,30,Messaging / Chat,24,1,0,51,13.3,9.8,25.3,18.9,0,1.0,Optimal Recovery,35-44
Female,Healthcare / Shift Worker,Intermediate,60,TikTok / Reels,77,0,0,23,46.9,4.1,21.8,17.2,4,6.3,Moderate Debt,45-54
Female,Healthcare / Shift Worker,Intermediate,62,YouTube,60,0,80,51,35.2,4.02,23.2,17.4,3,6.9,Moderate Debt,35-44
Female,Healthcare / Shift Worker,Intermediate,45,YouTube,50,0,0,0,20.0,6.48,19.0,21.1,2,2.3,Moderate Debt,35-44
Female,Corporate 9-to-5,Intermediate,91,TikTok / Reels,55,1,0,27,60.1,4.88,23.5,18.6,6,6.7,Moderate Debt,35-44
Male,Healthcare / Shift Worker,Night Owl,32,TikTok / Reels,37,0,0,54,37.3,4.59,28.0,20.7,3,4.7,Moderate Debt,55+
Male,Corporate 9-to-5,Intermediate,30,YouTube,78,0,20,10,31.3,8.13,19.9,20.0,0,1.0,Optimal Recovery,25-34
Male,Student,Night Owl,56,YouTube,42,1,0,10,26.5,5.13,22.3,18.9,4,4.5,Moderate Debt,<25
Female,Freelance / Creative,Night Owl,27,YouTube,44,1,98,21,32.9,4.79,20.3,19.1,4,5.5,Moderate Debt,25-34
Female,Corporate 9-to-5,Intermediate,180,Instagram / Reddit,59,1,78,34,95.2,4.04,15.9,18.0,7,10.0,Severe Sleep Debt,<25
Female,Remote Tech,Night Owl,18,Messaging / Chat,15,1,124,32,36.1,5.78,23.9,13.9,4,4.4,Moderate Debt,35-44
Male,Student,Intermediate,116,TikTok / Reels,66,0,0,48,59.6,4.77,20.3,12.9,5,7.6,Moderate Debt,35-44
Male,Student,Intermediate,31,TikTok / Reels,54,0,55,64,27.8,6.51,22.0,17.0,2,2.6,Moderate Debt,35-44
Female,Corporate 9-to-5,Night Owl,18,TikTok / Reels,66,1,0,39,12.1,7.21,25.4,18.1,0,1.0,Mild Deficit,<25
Male,Freelance / Creative,Intermediate,59,Instagram / Reddit,50,1,20,55,45.8,6.68,26.4,22.4,3,3.1,Moderate Debt,35-44
Male,Student,Morning Lark,44,TikTok / Reels,38,1,0,33,27.3,7.55,21.9,17.3,1,1.0,Mild Deficit,25-34
Female,Corporate 9-to-5,Intermediate,155,Streaming (Netflix/Hulu),57,0,41,22,73.9,3.48,17.5,16.5,6,10.0,Severe Sleep Debt,35-44
Male,Corporate 9-to-5,Intermediate,65,Instagram / Reddit,75,0,0,60,49.6,5.7,20.5,22.4,4,6.3,Moderate Debt,25-34
Female,Healthcare / Shift Worker,Morning Lark,43,Instagram / Reddit,44,0,22,29,26.1,7.2,20.8,19.6,2,1.4,Mild Deficit,25-34
Male,Corporate 9-to-5,Night Owl,49,TikTok / Reels,72,0,0,7,45.1,5.16,18.4,17.9,6,7.0,Moderate Debt,<25
Male,Corporate 9-to-5,Intermediate,9,YouTube,49,1,0,54,12.7,8.72,22.5,19.6,0,1.0,Optimal Recovery,<25
Non-Binary,Remote Tech,Night Owl,7,Messaging / Chat,46,1,0,54,15.8,5.54,23.9,20.5,3,3.3,Moderate Debt,45-54
Female,Student,Morning Lark,14,YouTube,73,1,0,47,18.9,8.45,25.2,17.0,0,1.0,Optimal Recovery,45-54
Female,Student,Intermediate,45,YouTube,62,1,70,37,29.8,7.31,23.6,20.8,1,1.0,Mild Deficit,35-44
Female,Remote Tech,Morning Lark,51,TikTok / Reels,28,1,0,31,28.3,8.48,20.9,19.9,1,1.0,Optimal Recovery,<25
Female,Student,Intermediate,66,YouTube,51,1,38,23,45.3,6.89,22.3,20.8,2,2.5,Mild Deficit,25-34
Male,Freelance / Creative,Intermediate,78,Messaging / Chat,32,0,96,61,45.4,5.76,26.2,17.3,4,4.9,Moderate Debt,35-44
Male,Corporate 9-to-5,Night Owl,9,TikTok / Reels,66,1,0,20,26.5,7.07,22.7,20.6,1,1.0,Mild Deficit,35-44
Female,Student,Intermediate,61,Instagram / Reddit,37,1,145,3,47.7,6.12,17.5,14.5,4,5.3,Moderate Debt,<25
Female,Freelance / Creative,Intermediate,105,Streaming (Netflix/Hulu),58,0,0,53,59.6,6.35,21.7,20.1,4,4.9,Moderate Debt,<25
Female,Student,Intermediate,39,Instagram / Reddit,65,1,39,32,23.9,6.17,23.2,22.1,2,1.5,Moderate Debt,35-44
Female,Student,Morning Lark,180,TikTok / Reels,66,1,43,51,106.6,4.6,21.3,20.6,6,10.0,Severe Sleep Debt,25-34
Female,Corporate 9-to-5,Intermediate,49,News / Reading,44,1,0,36,29.0,6.14,24.5,20.5,3,2.4,Moderate Debt,25-34
Female,Remote Tech,Morning Lark,33,TikTok / Reels,56,1,0,46,29.5,7.51,27.2,21.7,1,1.0,Mild Deficit,<25
Male,Remote Tech,Night Owl,85,YouTube,41,0,76,20,55.2,5.63,19.1,19.6,4,4.5,Moderate Debt,25-34
Female,Student,Night Owl,66,Messaging / Chat,47,0,0,61,36.8,3.61,25.5,16.5,6,8.0,Moderate Debt,45-54
Male,Freelance / Creative,Intermediate,108,YouTube,36,1,0,9,58.5,6.17,22.0,20.8,3,3.5,Moderate Debt,55+
Male,Corporate 9-to-5,Intermediate,78,Messaging / Chat,56,0,0,0,50.5,6.38,21.1,20.8,4,4.5,Moderate Debt,35-44
Female,Corporate 9-to-5,Morning Lark,52,YouTube,65,1,0,21,31.3,7.6,22.2,22.4,1,1.0,Mild Deficit,25-34
Male,Corporate 9-to-5,Night Owl,80,Streaming (Netflix/Hulu),38,1,0,28,42.7,3.8,22.5,20.4,4,6.8,Moderate Debt,<25
Male,Student,Night Owl,13,Streaming (Netflix/Hulu),38,0,0,58,14.9,6.71,26.0,20.1,0,1.6,Moderate Debt,25-34
Male,Corporate 9-to-5,Night Owl,70,YouTube,87,1,0,23,45.8,4.48,17.2,13.5,3,6.7,Moderate Debt,25-34
Female,Student,Intermediate,48,Instagram / Reddit,38,1,75,26,35.0,7.18,23.6,17.6,2,1.1,Mild Deficit,35-44
Female,Corporate 9-to-5,Intermediate,19,TikTok / Reels,69,1,39,37,26.3,7.77,20.5,20.7,1,1.0,Optimal Recovery,25-34
Male,Remote Tech,Intermediate,76,TikTok / Reels,75,0,0,6,55.6,6.06,16.7,20.7,5,5.6,Moderate Debt,25-34
Male,Corporate 9-to-5,Night Owl,99,Instagram / Reddit,61,1,0,75,40.1,4.83,20.5,19.6,4,7.0,Moderate Debt,<25
Female,Healthcare / Shift Worker,Night Owl,41,Streaming (Netflix/Hulu),62,0,53,25,30.4,4.56,22.2,19.2,4,4.9,Moderate Debt,25-34
Female,Remote Tech,Intermediate,27,Instagram / Reddit,56,1,35,49,17.1,5.97,23.2,17.3,3,2.3,Moderate Debt,<25
Female,Freelance / Creative,Night Owl,90,Messaging / Chat,28,1,0,42,46.1,4.45,25.1,23.2,4,6.2,Moderate Debt,<25
Female,Remote Tech,Night Owl,27,Messaging / Chat,76,0,26,2,20.5,5.9,27.5,20.2,3,2.0,Moderate Debt,55+
Male,Corporate 9-to-5,Intermediate,52,Streaming (Netflix/Hulu),46,0,0,36,38.1,7.28,19.7,19.2,1,1.0,Mild Deficit,25-34
Female,Corporate 9-to-5,Night Owl,50,Messaging / Chat,72,1,55,26,33.0,4.52,22.8,20.1,5,5.6,Moderate Debt,25-34
Female,Freelance / Creative,Intermediate,26,TikTok / Reels,55,0,0,43,18.2,7.03,24.3,19.3,2,1.5,Mild Deficit,45-54
Male,Student,Intermediate,18,Streaming (Netflix/Hulu),65,1,0,61,19.3,6.9,28.0,22.6,0,1.0,Mild Deficit,55+
Female,Corporate 9-to-5,Morning Lark,84,Streaming (Netflix/Hulu),60,0,173,58,59.6,6.21,15.1,18.3,3,6.4,Moderate Debt,35-44
Male,Student,Intermediate,63,TikTok / Reels,46,1,26,47,42.2,6.98,18.1,20.1,2,2.3,Mild Deficit,45-54
Male,Remote Tech,Night Owl,37,Messaging / Chat,71,0,0,22,23.0,6.17,20.8,20.8,2,2.0,Moderate Debt,25-34
Female,Corporate 9-to-5,Intermediate,38,TikTok / Reels,28,0,0,24,26.9,7.54,22.3,21.3,2,1.0,Mild Deficit,25-34
Male,Corporate 9-to-5,Morning Lark,66,YouTube,80,0,0,51,48.6,7.46,19.6,19.7,2,2.0,Mild Deficit,25-34
Male,Healthcare / Shift Worker,Intermediate,35,TikTok / Reels,77,0,92,20,37.2,5.16,18.3,18.6,4,6.0,Moderate Debt,35-44
Female,Corporate 9-to-5,Intermediate,44,Instagram / Reddit,50,1,33,36,36.5,6.26,23.1,20.9,4,2.6,Moderate Debt,35-44
Female,Corporate 9-to-5,Intermediate,32,YouTube,60,0,0,41,31.3,7.69,24.3,17.3,1,1.0,Mild Deficit,25-34
Male,Corporate 9-to-5,Intermediate,41,Instagram / Reddit,50,1,0,6,29.8,6.91,20.8,20.5,1,1.0,Mild Deficit,<25
Male,Corporate 9-to-5,Morning Lark,43,Streaming (Netflix/Hulu),38,1,71,29,33.3,9.01,21.6,19.8,1,1.0,Optimal Recovery,35-44
Male,Remote Tech,Night Owl,68,Instagram / Reddit,53,1,0,44,34.9,4.63,22.0,20.1,3,5.0,Moderate Debt,<25
Female,Corporate 9-to-5,Night Owl,31,Streaming (Netflix/Hulu),60,0,45,26,27.4,5.92,23.3,18.6,4,3.6,Moderate Debt,35-44
Male,Corporate 9-to-5,Intermediate,94,TikTok / Reels,82,1,43,67,56.4,6.5,19.9,19.9,4,5.1,Moderate Debt,35-44
Female,Freelance / Creative,Night Owl,67,Instagram / Reddit,51,0,0,14,53.0,4.13,19.6,17.5,6,8.0,Moderate Debt,35-44
Male,Corporate 9-to-5,Night Owl,48,Messaging / Chat,55,0,0,65,34.2,4.78,26.8,20.4,4,5.6,Moderate Debt,35-44
Male,Remote Tech,Intermediate,42,Streaming (Netflix/Hulu),81,0,108,71,42.8,6.2,18.5,19.7,2,4.8,Moderate Debt,45-54
Male,Remote Tech,Intermediate,38,Streaming (Netflix/Hulu),65,1,0,59,32.2,6.84,24.2,21.3,2,1.0,Mild Deficit,25-34
Male,Remote Tech,Night Owl,83,YouTube,27,1,0,61,39.2,5.53,25.6,17.8,3,5.2,Moderate Debt,35-44
Male,Healthcare / Shift Worker,Intermediate,35,YouTube,54,0,0,22,17.3,5.49,26.1,21.7,3,2.4,Moderate Debt,35-44
Male,Corporate 9-to-5,Intermediate,9,Messaging / Chat,72,1,162,6,21.7,8.41,17.7,17.6,1,1.0,Optimal Recovery,<25
Female,Healthcare / Shift Worker,Night Owl,34,Streaming (Netflix/Hulu),100,0,0,40,34.2,4.64,18.0,18.4,4,6.9,Moderate Debt,<25
Male,Student,Intermediate,110,TikTok / Reels,59,0,44,20,100.6,4.73,18.5,18.7,7,9.3,Severe Sleep Debt,25-34
Male,Student,Night Owl,22,Instagram / Reddit,13,0,0,30,20.8,5.13,23.6,21.4,2,3.9,Moderate Debt,25-34
Female,Corporate 9-to-5,Intermediate,127,Instagram / Reddit,19,0,0,16,57.9,4.91,22.2,16.4,4,6.2,Moderate Debt,35-44
Female,Corporate 9-to-5,Intermediate,36,Instagram / Reddit,41,1,0,20,30.4,6.53,22.3,17.7,4,3.1,Moderate Debt,45-54
Female,Remote Tech,Intermediate,35,YouTube,36,1,28,54,38.1,6.98,21.1,16.8,3,2.4,Mild Deficit,<25
Male,Healthcare / Shift Worker,Intermediate,141,Instagram / Reddit,72,0,114,21,90.6,3.2,10.0,15.8,7,10.0,Severe Sleep Debt,<25
Male,Remote Tech,Night Owl,56,News / Reading,92,0,127,40,46.7,4.48,13.0,21.2,4,7.1,Moderate Debt,55+
Female,Corporate 9-to-5,Intermediate,80,Streaming (Netflix/Hulu),71,1,102,20,51.2,6.02,15.9,17.0,3,5.2,Moderate Debt,<25
Male,Corporate 9-to-5,Night Owl,25,Messaging / Chat,73,0,43,30,40.9,5.97,20.9,23.4,3,2.7,Moderate Debt,25-34
Female,Student,Intermediate,39,Streaming (Netflix/Hulu),68,1,20,0,37.7,8.18,18.8,19.5,1,1.0,Optimal Recovery,35-44
Male,Student,Intermediate,7,TikTok / Reels,62,1,0,11,20.9,8.24,26.2,21.2,0,1.0,Optimal Recovery,25-34
Female,Corporate 9-to-5,Night Owl,33,YouTube,40,1,240,48,43.5,4.83,22.0,14.4,4,6.7,Moderate Debt,<25
Female,Corporate 9-to-5,Morning Lark,40,YouTube,71,1,55,8,30.7,8.64,17.6,18.5,1,1.0,Optimal Recovery,<25
Female,Remote Tech,Night Owl,37,Streaming (Netflix/Hulu),48,0,110,34,30.8,5.76,18.1,18.5,2,3.4,Moderate Debt,<25
Female,Remote Tech,Morning Lark,44,News / Reading,72,1,0,34,13.8,8.33,21.7,22.1,0,1.0,Optimal Recovery,35-44
Male,Student,Night Owl,39,Instagram / Reddit,64,1,95,54,31.6,6.4,17.3,17.7,4,3.7,Moderate Debt,25-34
Male,Healthcare / Shift Worker,Intermediate,9,TikTok / Reels,55,0,60,4,18.4,5.91,23.9,17.5,2,1.4,Moderate Debt,25-34
Female,Student,Night Owl,32,YouTube,40,1,0,35,31.4,6.02,23.5,21.9,2,3.1,Moderate Debt,35-44
Female,Corporate 9-to-5,Night Owl,52,Instagram / Reddit,54,1,137,22,35.3,4.55,18.5,15.3,3,6.2,Moderate Debt,45-54
Female,Student,Morning Lark,60,TikTok / Reels,43,1,54,72,41.1,7.86,23.9,14.9,2,1.0,Optimal Recovery,<25
Male,Freelance / Creative,Morning Lark,106,News / Reading,20,0,72,79,41.3,6.3,26.6,20.9,3,3.3,Moderate Debt,25-34
Male,Freelance / Creative,Intermediate,7,Instagram / Reddit,33,0,47,59,16.1,7.76,20.4,18.8,0,1.0,Optimal Recovery,35-44
Female,Healthcare / Shift Worker,Intermediate,33,News / Reading,61,0,0,53,18.6,6.19,22.8,20.0,1,1.8,Moderate Debt,25-34
Male,Corporate 9-to-5,Morning Lark,82,TikTok / Reels,10,0,20,29,45.8,6.55,24.2,16.4,2,2.2,Moderate Debt,25-34
Female,Student,Morning Lark,50,YouTube,100,1,0,32,35.4,7.4,21.9,23.3,3,1.5,Mild Deficit,35-44
Male,Healthcare / Shift Worker,Intermediate,34,Instagram / Reddit,45,0,0,27,39.5,5.77,20.5,19.3,4,4.2,Moderate Debt,45-54
Male,Student,Morning Lark,88,Messaging / Chat,72,1,0,42,50.3,6.42,18.9,20.3,2,3.5,Moderate Debt,45-54
Male,Corporate 9-to-5,Night Owl,49,YouTube,12,0,0,20,27.1,5.34,22.3,23.2,3,3.7,Moderate Debt,35-44
Male,Freelance / Creative,Night Owl,75,Messaging / Chat,35,1,35,11,38.7,4.43,23.4,20.5,4,4.5,Moderate Debt,35-44
Male,Remote Tech,Night Owl,45,YouTube,76,1,0,23,24.5,6.47,23.1,21.8,1,1.9,Moderate Debt,25-34
Male,Corporate 9-to-5,Morning Lark,8,Messaging / Chat,63,0,53,23,17.5,9.51,23.9,19.3,2,1.0,Optimal Recovery,35-44
Male,Corporate 9-to-5,Morning Lark,107,YouTube,47,0,0,8,53.2,6.87,23.7,21.5,3,2.6,Mild Deficit,25-34
Female,Student,Intermediate,42,YouTube,95,1,80,72,30.2,7.38,20.3,19.8,2,1.0,Mild Deficit,<25
Female,Remote Tech,Night Owl,14,YouTube,27,0,20,54,21.1,6.09,24.5,19.9,1,1.5,Moderate Debt,35-44
Female,Corporate 9-to-5,Intermediate,32,YouTube,77,1,97,47,28.0,6.9,19.6,18.1,2,1.1,Mild Deficit,25-34
Male,Student,Intermediate,24,YouTube,46,1,20,28,20.8,6.73,22.5,18.4,2,1.0,Moderate Debt,25-34
Female,Healthcare / Shift Worker,Morning Lark,5,YouTube,38,0,0,34,22.1,6.7,25.7,24.1,1,1.0,Moderate Debt,45-54
Female,Student,Intermediate,38,Instagram / Reddit,16,0,20,58,31.9,6.97,22.4,20.4,2,1.0,Mild Deficit,<25
Female,Corporate 9-to-5,Intermediate,8,Instagram / Reddit,19,0,90,52,29.1,7.37,23.0,21.8,1,1.1,Mild Deficit,25-34
Female,Student,Morning Lark,38,TikTok / Reels,58,1,20,61,29.5,8.28,20.3,21.5,1,1.0,Optimal Recovery,<25
Male,Corporate 9-to-5,Intermediate,56,News / Reading,57,1,20,40,24.8,6.58,20.5,21.3,2,1.7,Moderate Debt,35-44
Male,Corporate 9-to-5,Intermediate,55,News / Reading,40,0,55,63,34.9,6.82,25.2,20.9,2,2.7,Mild Deficit,35-44
Male,Remote Tech,Intermediate,29,Messaging / Chat,51,1,0,15,32.0,7.49,23.0,18.9,1,1.0,Mild Deficit,25-34
Male,Healthcare / Shift Worker,Intermediate,18,Streaming (Netflix/Hulu),52,1,0,0,16.8,5.66,17.6,20.0,3,4.2,Moderate Debt,35-44
Male,Remote Tech,Night Owl,80,YouTube,46,1,0,26,47.2,3.94,22.9,21.9,3,6.0,Moderate Debt,25-34
Female,Corporate 9-to-5,Intermediate,62,YouTube,35,1,0,19,39.7,6.96,20.8,17.4,2,1.5,Mild Deficit,35-44
Female,Remote Tech,Intermediate,33,TikTok / Reels,66,1,0,33,31.7,8.44,18.9,14.4,0,1.0,Optimal Recovery,25-34
Male,Remote Tech,Night Owl,12,Instagram / Reddit,80,1,20,45,20.5,6.74,21.1,17.4,3,2.1,Moderate Debt,25-34
Female,Freelance / Creative,Night Owl,21,Instagram / Reddit,63,0,0,13,27.2,7.19,20.4,21.4,1,2.7,Mild Deficit,55+
Female,Freelance / Creative,Intermediate,129,Instagram / Reddit,64,0,0,60,70.2,7.13,23.0,18.8,4,5.0,Mild Deficit,25-34
Male,Corporate 9-to-5,Morning Lark,76,YouTube,70,1,0,31,46.1,8.49,22.0,18.7,2,1.0,Optimal Recovery,<25
Female,Corporate 9-to-5,Night Owl,56,TikTok / Reels,50,0,0,75,43.1,4.49,22.3,20.5,4,5.0,Moderate Debt,35-44
Female,Corporate 9-to-5,Morning Lark,23,Streaming (Netflix/Hulu),42,0,0,25,21.1,9.18,18.6,23.2,0,1.0,Optimal Recovery,55+
Female,Healthcare / Shift Worker,Night Owl,24,TikTok / Reels,15,0,0,64,38.5,4.39,28.0,21.1,5,5.3,Moderate Debt,25-34
Female,Corporate 9-to-5,Morning Lark,82,YouTube,44,0,0,7,61.0,6.21,19.5,17.8,3,4.1,Moderate Debt,<25
Female,Corporate 9-to-5,Night Owl,115,TikTok / Reels,42,1,164,35,76.1,4.73,20.1,16.2,5,8.7,Severe Sleep Debt,25-34
Female,Remote Tech,Intermediate,83,TikTok / Reels,34,1,100,38,59.2,5.81,16.5,17.4,3,5.3,Moderate Debt,25-34
Male,Corporate 9-to-5,Night Owl,37,Streaming (Netflix/Hulu),60,1,44,0,28.2,5.01,17.5,27.0,4,5.6,Moderate Debt,<25
Male,Corporate 9-to-5,Intermediate,27,TikTok / Reels,51,0,0,26,29.1,8.18,20.7,15.9,1,1.0,Optimal Recovery,35-44
Female,Remote Tech,Night Owl,22,Streaming (Netflix/Hulu),64,1,0,57,30.7,4.44,24.4,17.4,4,4.6,Moderate Debt,55+
Male,Corporate 9-to-5,Morning Lark,35,Messaging / Chat,33,0,250,31,38.8,7.18,15.9,9.6,3,4.4,Mild Deficit,25-34
Female,Remote Tech,Intermediate,24,TikTok / Reels,25,0,0,76,24.0,7.85,28.0,17.6,1,1.0,Optimal Recovery,25-34
Female,Freelance / Creative,Morning Lark,49,YouTube,68,0,73,16,48.9,6.64,22.4,17.6,4,4.8,Moderate Debt,25-34
Female,Corporate 9-to-5,Night Owl,12,TikTok / Reels,72,0,125,54,48.7,5.88,22.5,16.6,4,6.0,Moderate Debt,<25
Male,Remote Tech,Intermediate,45,TikTok / Reels,38,1,48,36,31.9,6.67,21.2,19.5,1,2.6,Moderate Debt,45-54
Female,Freelance / Creative,Intermediate,151,Instagram / Reddit,48,0,0,14,76.9,5.1,17.3,18.9,4,7.9,Moderate Debt,25-34
Male,Healthcare / Shift Worker,Intermediate,83,YouTube,60,0,58,46,60.8,5.15,24.5,17.1,4,8.2,Moderate Debt,25-34
Male,Remote Tech,Night Owl,50,TikTok / Reels,67,0,0,38,41.4,5.0,19.6,18.4,5,6.0,Moderate Debt,35-44
Male,Student,Intermediate,150,Instagram / Reddit,20,1,0,45,75.0,4.59,22.6,20.7,6,7.6,Moderate Debt,25-34
Male,Corporate 9-to-5,Intermediate,62,TikTok / Reels,75,0,33,42,49.3,5.74,16.7,16.8,4,5.8,Moderate Debt,35-44
Male,Student,Night Owl,23,Streaming (Netflix/Hulu),28,1,20,53,18.0,5.15,23.4,16.7,2,2.5,Moderate Debt,<25
Female,Freelance / Creative,Night Owl,79,Streaming (Netflix/Hulu),27,1,55,63,43.7,4.54,26.5,19.6,4,5.7,Moderate Debt,45-54
Female,Remote Tech,Morning Lark,18,TikTok / Reels,47,1,0,11,16.7,7.99,20.3,18.0,0,1.0,Optimal Recovery,55+
Male,Remote Tech,Morning Lark,9,Messaging / Chat,46,0,176,17,26.2,7.38,25.0,16.6,2,1.0,Mild Deficit,35-44
Male,Corporate 9-to-5,Morning Lark,61,YouTube,56,0,113,18,48.6,7.79,22.4,17.0,3,3.8,Optimal Recovery,55+
Female,Student,Intermediate,68,TikTok / Reels,58,0,37,14,48.3,6.16,17.7,16.7,3,3.5,Moderate Debt,<25
Female,Remote Tech,Intermediate,79,YouTube,89,1,26,5,49.9,6.6,16.4,18.1,2,3.4,Moderate Debt,25-34
Female,Student,Intermediate,67,Streaming (Netflix/Hulu),37,1,0,35,34.4,6.59,21.0,20.2,3,2.2,Moderate Debt,35-44
Female,Corporate 9-to-5,Night Owl,59,TikTok / Reels,76,0,0,23,50.0,5.4,20.0,16.8,5,6.1,Moderate Debt,35-44
Female,Remote Tech,Intermediate,30,TikTok / Reels,25,1,0,52,29.7,6.96,21.5,18.1,2,1.3,Mild Deficit,25-34
Male,Remote Tech,Night Owl,54,Instagram / Reddit,30,1,0,63,21.1,5.15,28.0,19.9,2,3.2,Moderate Debt,25-34
Male,Corporate 9-to-5,Intermediate,80,News / Reading,36,1,0,35,25.5,5.94,23.8,24.4,3,2.8,Moderate Debt,<25
Female,Corporate 9-to-5,Morning Lark,59,YouTube,16,0,73,57,44.9,8.06,23.2,16.4,2,1.3,Optimal Recovery,25-34
Male,Corporate 9-to-5,Intermediate,71,YouTube,64,0,0,35,41.5,5.52,22.7,18.3,2,3.4,Moderate Debt,<25
Male,Student,Night Owl,127,News / Reading,79,1,36,59,36.6,4.08,18.1,22.8,4,7.6,Moderate Debt,35-44
Female,Student,Morning Lark,70,TikTok / Reels,73,1,0,69,51.6,8.12,22.8,17.5,2,1.8,Optimal Recovery,<25
Female,Healthcare / Shift Worker,Intermediate,86,TikTok / Reels,24,1,69,18,53.1,5.31,22.5,18.5,4,5.0,Moderate Debt,<25
Male,Corporate 9-to-5,Morning Lark,13,News / Reading,100,0,0,50,23.8,9.8,21.7,18.8,0,1.0,Optimal Recovery,25-34
Male,Freelance / Creative,Intermediate,60,Streaming (Netflix/Hulu),57,0,0,42,37.6,7.06,24.1,24.7,1,1.7,Mild Deficit,35-44
Female,Student,Intermediate,146,TikTok / Reels,86,0,0,28,86.0,4.81,18.7,16.7,5,10.0,Severe Sleep Debt,45-54
Non-Binary,Remote Tech,Night Owl,52,Streaming (Netflix/Hulu),52,0,0,7,36.0,5.2,22.7,21.9,2,4.6,Moderate Debt,35-44
Female,Corporate 9-to-5,Night Owl,53,Streaming (Netflix/Hulu),52,0,32,38,35.7,4.57,22.9,22.2,4,6.1,Moderate Debt,25-34
Female,Corporate 9-to-5,Intermediate,39,YouTube,47,1,0,35,34.1,6.04,23.4,22.7,3,3.1,Moderate Debt,45-54
Female,Freelance / Creative,Night Owl,37,YouTube,96,0,0,24,31.5,6.22,21.4,23.3,3,4.0,Moderate Debt,25-34
Female,Corporate 9-to-5,Intermediate,124,TikTok / Reels,83,0,37,19,84.9,4.91,18.4,19.3,5,8.0,Moderate Debt,<25
Male,Corporate 9-to-5,Night Owl,8,Streaming (Netflix/Hulu),54,0,63,87,25.4,6.13,27.4,17.7,2,2.3,Moderate Debt,35-44
Male,Corporate 9-to-5,Intermediate,57,Streaming (Netflix/Hulu),49,0,28,20,30.3,7.04,17.3,24.1,1,1.5,Mild Deficit,45-54
Female,Healthcare / Shift Worker,Night Owl,40,TikTok / Reels,70,0,23,51,26.8,3.38,25.2,16.1,5,8.2,Moderate Debt,25-34
Male,Corporate 9-to-5,Night Owl,10,Instagram / Reddit,18,0,0,38,21.5,5.11,20.5,20.9,4,5.2,Moderate Debt,25-34
Male,Corporate 9-to-5,Night Owl,79,Instagram / Reddit,12,1,0,53,49.7,4.44,25.9,17.3,5,8.0,Moderate Debt,<25
Female,Remote Tech,Morning Lark,45,TikTok / Reels,34,1,112,0,35.0,8.42,20.1,13.5,0,1.0,Optimal Recovery,<25
Male,Remote Tech,Intermediate,56,Instagram / Reddit,63,0,0,72,33.2,7.24,24.2,18.5,2,1.2,Mild Deficit,25-34
Female,Remote Tech,Night Owl,35,Streaming (Netflix/Hulu),76,1,0,20,18.8,6.94,19.5,21.3,2,1.0,Mild Deficit,35-44
Male,Remote Tech,Night Owl,63,YouTube,30,0,0,15,43.8,4.7,21.1,20.3,6,5.9,Moderate Debt,<25
Female,Healthcare / Shift Worker,Intermediate,68,News / Reading,86,1,0,71,31.6,4.15,26.3,22.4,3,5.7,Moderate Debt,55+
Male,Healthcare / Shift Worker,Morning Lark,21,YouTube,44,0,0,43,23.0,7.5,24.0,19.6,2,1.3,Mild Deficit,35-44
Female,Healthcare / Shift Worker,Intermediate,21,TikTok / Reels,64,0,94,37,32.3,5.35,20.6,15.6,5,5.9,Moderate Debt,35-44
Male,Corporate 9-to-5,Intermediate,35,Streaming (Netflix/Hulu),44,0,0,10,36.6,7.54,23.9,19.1,1,1.0,Mild Deficit,45-54
Male,Healthcare / Shift Worker,Night Owl,114,Instagram / Reddit,53,1,86,21,65.6,3.2,20.0,18.9,6,10.0,Severe Sleep Debt,<25
Female,Corporate 9-to-5,Night Owl,36,News / Reading,91,1,22,54,30.3,5.78,23.1,21.3,2,2.8,Moderate Debt,25-34
Female,Corporate 9-to-5,Morning Lark,36,YouTube,44,0,0,41,27.3,8.15,22.8,20.4,0,1.0,Optimal Recovery,35-44
Female,Freelance / Creative,Night Owl,30,YouTube,36,0,0,0,19.3,6.31,19.5,19.7,1,2.3,Moderate Debt,45-54
Male,Healthcare / Shift Worker,Morning Lark,129,Instagram / Reddit,68,0,0,58,78.1,5.2,19.5,16.5,4,7.8,Moderate Debt,35-44
Female,Remote Tech,Intermediate,53,Streaming (Netflix/Hulu),74,0,0,26,34.1,6.12,21.2,21.0,3,5.0,Moderate Debt,25-34
Male,Healthcare / Shift Worker,Morning Lark,91,Instagram / Reddit,25,0,0,60,55.0,5.05,26.1,22.8,5,6.5,Moderate Debt,55+
Female,Freelance / Creative,Night Owl,97,Instagram / Reddit,62,0,0,32,60.8,4.54,23.2,21.5,4,8.3,Moderate Debt,<25
Female,Student,Night Owl,23,TikTok / Reels,66,1,37,38,29.6,5.5,20.0,21.8,2,4.8,Moderate Debt,45-54
Female,Student,Intermediate,28,Instagram / Reddit,90,1,0,56,22.5,6.87,24.9,18.1,1,1.1,Mild Deficit,55+
Female,Student,Intermediate,56,TikTok / Reels,47,0,0,28,41.2,7.72,22.9,18.4,2,1.0,Mild Deficit,<25
Male,Corporate 9-to-5,Morning Lark,22,News / Reading,82,0,0,22,17.1,8.38,19.0,25.2,0,1.0,Optimal Recovery,35-44
Male,Corporate 9-to-5,Intermediate,27,TikTok / Reels,58,0,20,7,23.0,7.7,20.3,17.7,3,1.0,Mild Deficit,<25
Female,Student,Intermediate,37,YouTube,49,0,0,39,20.3,6.72,27.5,21.2,1,1.0,Moderate Debt,25-34
Male,Corporate 9-to-5,Morning Lark,28,TikTok / Reels,40,0,33,27,31.2,9.02,21.4,19.5,0,1.0,Optimal Recovery,25-34
Female,Corporate 9-to-5,Night Owl,18,News / Reading,65,0,0,47,20.6,6.37,22.0,23.2,2,2.3,Moderate Debt,35-44
Male,Corporate 9-to-5,Intermediate,31,Streaming (Netflix/Hulu),32,0,0,30,20.7,7.41,21.7,20.6,3,2.1,Mild Deficit,55+
Female,Remote Tech,Intermediate,49,News / Reading,33,0,0,45,28.2,7.4,22.7,17.0,1,1.0,Mild Deficit,35-44
Male,Freelance / Creative,Morning Lark,24,TikTok / Reels,67,0,20,44,24.4,7.91,22.0,20.0,0,1.0,Optimal Recovery,25-34
Male,Student,Morning Lark,32,TikTok / Reels,92,0,0,21,23.0,9.02,24.5,19.7,0,1.0,Optimal Recovery,45-54
Female,Remote Tech,Intermediate,40,YouTube,27,1,0,59,34.4,8.03,20.5,20.0,2,1.0,Optimal Recovery,55+
Male,Freelance / Creative,Intermediate,131,Instagram / Reddit,40,0,0,20,71.3,4.8,19.8,18.1,4,8.3,Moderate Debt,<25
Female,Freelance / Creative,Intermediate,26,YouTube,61,0,121,0,35.3,8.58,23.2,16.5,0,1.0,Optimal Recovery,55+
Female,Remote Tech,Night Owl,105,Instagram / Reddit,44,0,46,30,62.3,4.12,20.3,16.1,6,9.5,Severe Sleep Debt,<25
Female,Freelance / Creative,Intermediate,7,TikTok / Reels,17,0,0,0,15.3,7.4,25.7,16.8,2,1.0,Mild Deficit,45-54
Female,Remote Tech,Intermediate,77,Instagram / Reddit,38,1,0,39,44.7,5.98,20.4,19.6,4,5.2,Moderate Debt,25-34
Female,Corporate 9-to-5,Night Owl,68,YouTube,65,1,0,21,49.2,5.95,17.8,23.4,2,4.3,Moderate Debt,<25
Female,Corporate 9-to-5,Intermediate,77,Instagram / Reddit,49,1,0,58,61.0,6.7,28.0,23.0,3,3.1,Moderate Debt,25-34
Female,Student,Intermediate,71,Instagram / Reddit,62,1,66,40,53.8,6.96,22.6,18.2,2,3.4,Mild Deficit,35-44
Female,Remote Tech,Intermediate,87,TikTok / Reels,28,1,239,0,74.7,5.68,18.9,17.8,4,7.3,Moderate Debt,25-34
Male,Student,Morning Lark,37,Messaging / Chat,62,1,20,37,43.8,7.68,21.1,18.2,2,1.1,Mild Deficit,<25
Male,Student,Morning Lark,106,Messaging / Chat,13,0,89,85,43.0,6.16,23.5,19.8,2,3.4,Moderate Debt,35-44
Female,Corporate 9-to-5,Intermediate,27,Instagram / Reddit,71,0,132,58,33.1,7.44,24.3,17.1,3,2.7,Mild Deficit,45-54
Female,Corporate 9-to-5,Night Owl,9,YouTube,82,1,0,61,20.9,4.27,21.6,20.0,3,4.8,Moderate Debt,25-34
Female,Remote Tech,Night Owl,10,TikTok / Reels,27,1,0,74,19.8,5.7,26.5,18.5,3,3.1,Moderate Debt,<25
Male,Corporate 9-to-5,Intermediate,53,Instagram / Reddit,44,0,0,51,33.9,7.45,26.8,19.2,2,1.0,Mild Deficit,25-34
Male,Student,Intermediate,64,YouTube,25,1,0,25,36.1,6.88,21.9,17.8,1,1.0,Mild Deficit,<25
Female,Remote Tech,Intermediate,80,YouTube,57,0,57,58,43.6,5.73,24.3,20.4,3,4.2,Moderate Debt,45-54
Female,Remote Tech,Intermediate,51,Messaging / Chat,58,0,0,52,21.0,8.21,21.5,17.9,0,1.0,Optimal Recovery,45-54
Female,Corporate 9-to-5,Morning Lark,29,YouTube,28,1,20,26,22.3,8.68,24.4,20.2,1,1.0,Optimal Recovery,35-44
Female,Student,Intermediate,79,TikTok / Reels,43,0,0,22,53.8,6.73,19.7,18.6,2,3.1,Moderate Debt,25-34
Male,Healthcare / Shift Worker,Intermediate,47,Instagram / Reddit,77,0,0,38,39.9,5.83,17.4,18.5,3,4.5,Moderate Debt,45-54
Male,Freelance / Creative,Morning Lark,28,Streaming (Netflix/Hulu),66,0,27,0,24.4,8.23,23.8,19.5,0,1.0,Optimal Recovery,25-34
Female,Healthcare / Shift Worker,Morning Lark,62,TikTok / Reels,59,0,0,22,45.2,6.99,22.9,18.8,1,1.6,Mild Deficit,45-54
Male,Remote Tech,Intermediate,47,Instagram / Reddit,77,0,0,41,36.8,7.35,24.0,19.5,2,1.0,Mild Deficit,35-44
Female,Corporate 9-to-5,Intermediate,180,YouTube,91,0,0,5,96.3,3.35,16.1,19.2,6,10.0,Severe Sleep Debt,35-44
Female,Student,Intermediate,180,Streaming (Netflix/Hulu),58,0,25,34,89.7,3.2,19.9,22.2,6,10.0,Severe Sleep Debt,35-44
Male,Freelance / Creative,Morning Lark,26,Instagram / Reddit,61,0,36,0,25.8,7.66,20.9,17.4,1,1.0,Mild Deficit,25-34
Male,Corporate 9-to-5,Morning Lark,10,Messaging / Chat,49,0,0,5,16.5,8.8,21.6,23.8,0,1.0,Optimal Recovery,55+
Female,Corporate 9-to-5,Intermediate,22,YouTube,58,1,0,0,31.9,7.57,20.0,21.4,2,1.0,Mild Deficit,25-34
Female,Corporate 9-to-5,Morning Lark,12,Messaging / Chat,41,0,0,49,15.1,8.53,28.0,22.1,0,1.0,Optimal Recovery,35-44
Male,Student,Intermediate,68,Instagram / Reddit,21,0,0,21,40.6,7.24,20.4,21.3,2,1.4,Mild Deficit,25-34
Male,Remote Tech,Morning Lark,100,Messaging / Chat,71,0,0,82,57.0,6.46,20.0,19.0,5,6.3,Moderate Debt,35-44
Female,Corporate 9-to-5,Night Owl,22,Messaging / Chat,69,0,0,24,24.3,6.34,22.6,21.0,3,3.1,Moderate Debt,35-44
Female,Healthcare / Shift Worker,Intermediate,95,YouTube,56,0,60,31,64.0,3.62,19.9,13.5,4,8.0,Moderate Debt,<25
Female,Remote Tech,Intermediate,17,TikTok / Reels,58,1,0,32,19.9,8.16,25.5,20.6,0,1.0,Optimal Recovery,<25
Male,Corporate 9-to-5,Morning Lark,93,Streaming (Netflix/Hulu),41,0,20,7,50.3,6.81,17.8,20.5,2,3.7,Mild Deficit,35-44
Male,Corporate 9-to-5,Morning Lark,25,YouTube,79,1,0,40,20.4,7.5,26.2,20.4,1,1.0,Mild Deficit,35-44
Female,Corporate 9-to-5,Morning Lark,50,TikTok / Reels,31,0,0,36,36.8,7.32,20.9,17.3,2,1.9,Mild Deficit,25-34
Male,Remote Tech,Night Owl,80,Streaming (Netflix/Hulu),83,0,0,35,46.4,5.5,14.7,20.3,3,5.6,Moderate Debt,25-34
Male,Corporate 9-to-5,Night Owl,37,YouTube,67,1,73,26,28.2,5.58,24.8,19.2,3,4.5,Moderate Debt,35-44
Female,Remote Tech,Morning Lark,16,TikTok / Reels,61,0,0,34,18.5,9.16,21.7,23.3,0,1.0,Optimal Recovery,<25
Female,Student,Intermediate,159,Streaming (Netflix/Hulu),62,0,0,5,76.1,3.78,17.6,16.8,6,10.0,Severe Sleep Debt,25-34
Male,Student,Intermediate,16,Streaming (Netflix/Hulu),75,0,0,52,26.8,8.23,26.2,21.9,1,1.0,Optimal Recovery,<25
Male,Corporate 9-to-5,Morning Lark,130,Streaming (Netflix/Hulu),44,1,0,31,67.9,6.24,23.4,20.6,4,6.7,Moderate Debt,<25
Male,Remote Tech,Night Owl,67,YouTube,71,0,0,68,33.3,4.95,19.3,17.6,1,4.9,Moderate Debt,<25
Male,Healthcare / Shift Worker,Morning Lark,101,TikTok / Reels,47,0,0,44,61.5,5.26,16.4,22.8,3,6.6,Moderate Debt,25-34
Female,Corporate 9-to-5,Intermediate,72,Instagram / Reddit,64,1,0,32,42.3,6.6,21.8,18.7,2,2.3,Moderate Debt,<25
Female,Corporate 9-to-5,Intermediate,16,Instagram / Reddit,24,0,0,38,8.9,8.04,28.0,21.5,0,1.0,Optimal Recovery,25-34
Male,Remote Tech,Intermediate,12,YouTube,42,1,0,48,12.1,7.17,22.2,22.1,1,1.0,Mild Deficit,25-34
Female,Student,Night Owl,29,News / Reading,90,0,0,52,14.4,5.41,22.1,17.4,2,2.5,Moderate Debt,25-34
Male,Corporate 9-to-5,Night Owl,7,TikTok / Reels,82,0,103,29,26.7,6.51,24.9,15.3,2,2.3,Moderate Debt,25-34
Male,Student,Night Owl,51,YouTube,88,1,35,46,33.6,4.68,22.6,17.7,5,6.4,Moderate Debt,45-54
Male,Student,Intermediate,53,TikTok / Reels,78,1,0,32,32.3,6.37,26.2,18.8,3,3.4,Moderate Debt,<25
Female,Freelance / Creative,Morning Lark,40,News / Reading,42,1,0,73,20.4,7.49,28.0,17.8,2,1.0,Mild Deficit,25-34
Male,Corporate 9-to-5,Night Owl,22,TikTok / Reels,45,1,0,38,16.9,5.8,25.5,16.8,2,2.5,Moderate Debt,<25
Male,Student,Night Owl,58,YouTube,75,0,0,65,31.8,4.78,21.9,17.1,4,5.9,Moderate Debt,<25
Male,Corporate 9-to-5,Intermediate,25,Messaging / Chat,77,0,43,52,25.7,8.53,20.6,18.7,0,1.0,Optimal Recovery,35-44
Female,Remote Tech,Night Owl,48,YouTube,83,0,0,45,41.8,6.28,21.3,16.1,5,5.4,Moderate Debt,35-44
Female,Remote Tech,Morning Lark,24,TikTok / Reels,59,0,20,60,27.5,9.54,20.6,19.9,0,1.0,Optimal Recovery,45-54
Female,Remote Tech,Intermediate,35,TikTok / Reels,54,1,72,43,30.3,7.29,20.4,14.9,1,1.7,Mild Deficit,25-34
Female,Healthcare / Shift Worker,Morning Lark,180,Instagram / Reddit,79,0,79,4,103.9,3.26,11.2,20.1,7,10.0,Severe Sleep Debt,55+
Female,Corporate 9-to-5,Intermediate,85,YouTube,24,0,82,28,48.3,5.95,21.2,18.2,3,4.5,Moderate Debt,<25
Male,Remote Tech,Night Owl,17,Instagram / Reddit,52,0,0,34,19.1,6.18,24.0,15.0,2,2.0,Moderate Debt,<25
Male,Corporate 9-to-5,Intermediate,132,TikTok / Reels,50,0,42,40,84.2,3.64,18.8,19.3,6,10.0,Severe Sleep Debt,<25
Male,Student,Night Owl,71,Instagram / Reddit,50,1,0,54,38.3,4.68,24.4,17.2,5,5.7,Moderate Debt,<25
Male,Corporate 9-to-5,Intermediate,39,News / Reading,82,1,174,20,40.3,7.72,16.7,14.8,3,2.9,Mild Deficit,25-34
Female,Healthcare / Shift Worker,Intermediate,43,Messaging / Chat,67,1,0,0,29.4,5.4,24.9,21.6,4,4.6,Moderate Debt,35-44
Non-Binary,Healthcare / Shift Worker,Night Owl,58,Instagram / Reddit,57,0,0,25,49.9,3.2,22.1,22.9,5,8.8,Severe Sleep Debt,<25
Female,Healthcare / Shift Worker,Morning Lark,131,News / Reading,24,1,38,46,44.8,4.1,20.9,19.9,5,6.8,Moderate Debt,55+
Female,Corporate 9-to-5,Night Owl,66,News / Reading,32,0,80,34,33.5,5.23,18.0,19.2,4,5.1,Moderate Debt,45-54
Female,Student,Morning Lark,29,YouTube,71,1,37,14,29.9,8.91,22.9,21.9,0,1.0,Optimal Recovery,25-34
Male,Corporate 9-to-5,Intermediate,38,TikTok / Reels,60,1,0,46,36.8,6.19,25.7,23.5,3,3.4,Moderate Debt,<25
Male,Healthcare / Shift Worker,Intermediate,29,Messaging / Chat,80,0,191,42,42.6,5.46,20.3,15.6,4,6.3,Moderate Debt,<25
Female,Student,Night Owl,60,Streaming (Netflix/Hulu),41,1,61,32,30.7,5.04,24.0,22.8,3,4.4,Moderate Debt,<25
Male,Remote Tech,Intermediate,70,TikTok / Reels,56,0,114,97,68.2,4.91,22.4,11.6,4,7.1,Moderate Debt,<25
Female,Student,Intermediate,71,News / Reading,52,0,80,1,38.0,7.38,20.3,18.5,3,3.3,Mild Deficit,25-34
Female,Corporate 9-to-5,Night Owl,108,TikTok / Reels,73,0,0,16,90.4,4.16,18.9,16.2,6,10.0,Severe Sleep Debt,25-34
Male,Remote Tech,Intermediate,68,TikTok / Reels,96,0,37,48,58.2,5.26,17.8,19.0,4,6.4,Moderate Debt,25-34
Male,Corporate 9-to-5,Night Owl,21,YouTube,44,0,0,35,20.9,5.55,20.3,20.4,4,4.7,Moderate Debt,55+
Male,Freelance / Creative,Intermediate,111,YouTube,14,0,0,25,51.9,5.2,19.6,21.3,4,4.9,Moderate Debt,35-44
Male,Healthcare / Shift Worker,Morning Lark,44,Instagram / Reddit,65,0,53,15,56.8,6.86,14.9,19.9,3,3.9,Mild Deficit,55+
Male,Student,Intermediate,48,YouTube,63,1,80,5,42.2,6.19,15.4,19.8,3,3.7,Moderate Debt,<25
Male,Freelance / Creative,Morning Lark,37,YouTube,19,0,0,53,22.5,9.12,24.2,22.8,0,1.0,Optimal Recovery,25-34
Male,Corporate 9-to-5,Morning Lark,27,Instagram / Reddit,35,1,0,32,29.8,8.76,18.1,17.2,0,1.0,Optimal Recovery,25-34
Male,Freelance / Creative,Intermediate,28,Instagram / Reddit,46,1,0,52,20.1,8.31,21.5,18.5,1,1.0,Optimal Recovery,<25
Male,Corporate 9-to-5,Morning Lark,87,TikTok / Reels,78,1,82,0,63.1,7.32,17.0,12.4,4,4.2,Mild Deficit,<25
Non-Binary,Student,Intermediate,51,News / Reading,34,0,0,61,24.5,6.09,25.9,21.0,3,2.2,Moderate Debt,35-44
Female,Student,Intermediate,38,Streaming (Netflix/Hulu),50,1,20,48,26.2,6.85,28.0,19.4,3,2.2,Mild Deficit,35-44
Male,Corporate 9-to-5,Intermediate,109,Instagram / Reddit,16,1,0,22,48.5,5.4,22.1,22.2,4,6.2,Moderate Debt,25-34
Female,Remote Tech,Intermediate,68,Instagram / Reddit,65,0,78,47,40.5,6.42,17.8,21.2,2,4.7,Moderate Debt,25-34
Female,Corporate 9-to-5,Night Owl,41,News / Reading,30,0,0,47,22.5,5.84,22.8,23.2,3,3.0,Moderate Debt,25-34
Male,Freelance / Creative,Morning Lark,117,TikTok / Reels,98,1,0,54,76.9,6.91,24.7,19.3,4,4.9,Mild Deficit,<25
Female,Corporate 9-to-5,Intermediate,102,TikTok / Reels,38,0,0,26,62.4,6.13,24.3,16.7,4,4.6,Moderate Debt,25-34
Female,Remote Tech,Intermediate,38,Streaming (Netflix/Hulu),74,1,0,11,16.6,7.6,25.1,17.1,0,1.0,Mild Deficit,<25
Male,Healthcare / Shift Worker,Intermediate,32,Instagram / Reddit,66,0,164,4,37.4,5.81,20.9,18.0,3,5.1,Moderate Debt,<25
Female,Corporate 9-to-5,Intermediate,74,YouTube,38,0,0,22,40.4,6.22,19.1,21.5,2,3.1,Moderate Debt,55+
Female,Remote Tech,Night Owl,36,Streaming (Netflix/Hulu),77,1,0,0,22.1,5.57,18.0,22.8,2,3.4,Moderate Debt,35-44
Male,Student,Night Owl,52,Instagram / Reddit,15,0,35,49,47.2,6.37,19.6,19.1,2,2.8,Moderate Debt,35-44
Female,Corporate 9-to-5,Night Owl,45,YouTube,54,1,0,25,27.7,7.11,21.3,17.9,2,1.0,Mild Deficit,25-34
Female,Student,Morning Lark,53,YouTube,69,1,0,11,32.6,7.19,20.7,24.0,1,1.0,Mild Deficit,25-34
Female,Corporate 9-to-5,Intermediate,124,News / Reading,50,1,0,54,41.0,5.96,24.5,19.8,3,2.6,Moderate Debt,25-34
Male,Corporate 9-to-5,Night Owl,52,News / Reading,32,0,36,43,37.5,5.93,23.0,16.8,5,4.0,Moderate Debt,<25
Male,Remote Tech,Intermediate,80,News / Reading,87,0,0,33,40.5,5.5,18.0,22.5,5,6.5,Moderate Debt,<25
Male,Remote Tech,Night Owl,55,Instagram / Reddit,52,0,28,71,37.1,5.09,24.7,18.3,4,4.7,Moderate Debt,35-44
Female,Freelance / Creative,Intermediate,51,YouTube,44,0,20,52,33.4,7.22,21.5,16.0,2,1.0,Mild Deficit,35-44
Male,Healthcare / Shift Worker,Night Owl,22,Instagram / Reddit,33,0,0,36,26.7,4.47,27.1,18.1,3,3.4,Moderate Debt,25-34
Male,Remote Tech,Night Owl,12,Streaming (Netflix/Hulu),57,0,95,38,26.5,6.74,22.3,21.4,1,2.0,Moderate Debt,25-34
Female,Remote Tech,Intermediate,28,YouTube,51,0,0,0,26.3,7.69,22.9,15.1,0,1.0,Mild Deficit,45-54
Male,Corporate 9-to-5,Morning Lark,9,Instagram / Reddit,49,1,152,4,32.0,8.38,19.4,18.4,1,1.0,Optimal Recovery,<25
Male,Corporate 9-to-5,Intermediate,29,Instagram / Reddit,88,0,85,8,34.3,7.77,17.4,17.7,1,2.1,Optimal Recovery,25-34
Male,Remote Tech,Night Owl,52,Messaging / Chat,88,1,0,0,37.0,4.91,19.6,20.2,3,5.2,Moderate Debt,25-34
Female,Healthcare / Shift Worker,Night Owl,34,YouTube,60,1,0,24,19.0,4.48,23.9,22.1,4,4.0,Moderate Debt,35-44
Female,Corporate 9-to-5,Morning Lark,10,Streaming (Netflix/Hulu),69,0,0,80,23.2,8.56,26.2,21.7,0,1.0,Optimal Recovery,55+
Female,Corporate 9-to-5,Intermediate,180,YouTube,25,1,0,24,71.3,4.5,24.1,18.6,5,7.5,Moderate Debt,25-34
Female,Remote Tech,Night Owl,47,TikTok / Reels,57,1,110,41,40.2,5.55,21.6,16.1,4,5.4,Moderate Debt,45-54
Male,Corporate 9-to-5,Intermediate,46,YouTube,60,0,0,49,28.0,8.07,23.9,15.3,0,1.0,Optimal Recovery,45-54
Female,Student,Night Owl,104,TikTok / Reels,51,1,32,29,63.7,4.33,23.4,16.4,5,7.9,Moderate Debt,25-34
Male,Remote Tech,Night Owl,94,TikTok / Reels,46,0,31,38,61.7,3.2,16.7,17.0,6,9.3,Severe Sleep Debt,25-34
Female,Remote Tech,Night Owl,46,TikTok / Reels,39,0,0,27,40.8,6.0,21.1,20.1,3,3.4,Moderate Debt,25-34
Female,Corporate 9-to-5,Morning Lark,49,News / Reading,56,1,32,20,28.5,7.36,22.9,20.0,1,1.0,Mild Deficit,55+
Male,Freelance / Creative,Morning Lark,145,TikTok / Reels,78,0,0,37,86.1,5.3,15.6,21.9,6,9.3,Severe Sleep Debt,<25
Female,Corporate 9-to-5,Morning Lark,46,Messaging / Chat,81,0,250,26,56.0,7.48,16.3,13.6,1,3.3,Mild Deficit,45-54
Male,Healthcare / Shift Worker,Night Owl,90,Messaging / Chat,55,0,52,20,50.6,3.2,20.2,16.0,6,9.0,Severe Sleep Debt,25-34
Female,Remote Tech,Intermediate,32,Instagram / Reddit,76,1,0,29,27.1,8.0,18.9,20.2,1,1.0,Optimal Recovery,35-44
Female,Healthcare / Shift Worker,Morning Lark,24,TikTok / Reels,36,0,0,17,18.8,6.99,25.8,18.0,0,1.0,Mild Deficit,25-34
Male,Student,Intermediate,69,Streaming (Netflix/Hulu),66,0,74,61,41.2,6.39,23.0,19.4,4,3.5,Moderate Debt,35-44
Male,Corporate 9-to-5,Intermediate,89,YouTube,53,0,0,54,44.8,5.99,23.3,22.4,3,3.7,Moderate Debt,45-54
Female,Healthcare / Shift Worker,Night Owl,18,TikTok / Reels,41,1,0,54,27.1,3.66,22.3,18.8,4,6.0,Moderate Debt,45-54
Female,Student,Night Owl,67,Instagram / Reddit,98,1,76,28,55.1,3.93,23.4,17.7,6,10.0,Severe Sleep Debt,45-54
Male,Corporate 9-to-5,Intermediate,33,TikTok / Reels,46,0,0,9,42.1,6.43,17.2,22.7,2,2.9,Moderate Debt,<25
Non-Binary,Corporate 9-to-5,Morning Lark,6,Streaming (Netflix/Hulu),48,0,0,54,11.6,8.45,24.8,17.1,0,1.0,Optimal Recovery,35-44
Male,Student,Night Owl,20,YouTube,46,1,0,0,24.5,6.14,19.1,22.0,2,2.1,Moderate Debt,<25
Female,Student,Morning Lark,37,Messaging / Chat,62,0,0,64,18.0,9.64,28.0,23.2,0,1.0,Optimal Recovery,25-34
Non-Binary,Student,Intermediate,89,TikTok / Reels,82,1,250,78,83.8,4.36,17.2,13.9,6,10.0,Severe Sleep Debt,25-34
Female,Student,Morning Lark,74,TikTok / Reels,32,1,0,58,44.4,7.7,25.4,20.0,2,1.0,Mild Deficit,25-34
Female,Student,Morning Lark,18,Instagram / Reddit,65,1,228,35,29.6,8.8,16.8,10.7,2,1.0,Optimal Recovery,25-34
Male,Student,Morning Lark,69,Messaging / Chat,62,0,0,9,42.9,8.4,18.5,18.8,1,1.0,Optimal Recovery,55+
Female,Remote Tech,Intermediate,26,Streaming (Netflix/Hulu),23,0,0,27,13.9,7.41,25.7,21.6,1,1.0,Mild Deficit,<25
Female,Corporate 9-to-5,Intermediate,65,Streaming (Netflix/Hulu),82,1,82,26,38.9,6.64,20.8,16.4,3,3.1,Moderate Debt,35-44
Female,Freelance / Creative,Morning Lark,28,YouTube,60,1,59,42,31.6,7.5,19.3,23.6,1,1.7,Mild Deficit,25-34
Female,Corporate 9-to-5,Intermediate,138,Instagram / Reddit,69,0,0,39,79.2,4.78,23.6,21.8,5,8.9,Severe Sleep Debt,<25
Male,Remote Tech,Night Owl,30,TikTok / Reels,14,1,0,69,40.4,4.97,27.8,17.1,3,5.7,Moderate Debt,<25
Male,Student,Morning Lark,39,Streaming (Netflix/Hulu),84,1,0,27,16.6,8.53,23.7,19.8,1,1.0,Optimal Recovery,55+
Female,Remote Tech,Morning Lark,26,Instagram / Reddit,96,0,0,57,29.3,7.4,18.4,22.5,2,1.1,Mild Deficit,45-54
Female,Corporate 9-to-5,Intermediate,70,YouTube,52,0,0,39,48.4,5.39,25.6,16.1,3,5.0,Moderate Debt,45-54
Male,Corporate 9-to-5,Night Owl,25,Messaging / Chat,41,1,0,32,11.8,6.59,24.2,18.0,2,1.0,Moderate Debt,55+
Male,Student,Intermediate,10,Streaming (Netflix/Hulu),10,1,0,40,18.6,8.06,26.2,18.1,0,1.0,Optimal Recovery,<25
Female,Freelance / Creative,Night Owl,62,TikTok / Reels,29,0,182,50,69.1,5.04,22.5,16.6,3,5.9,Moderate Debt,25-34
Non-Binary,Remote Tech,Intermediate,60,News / Reading,72,1,0,0,25.4,6.73,16.1,23.1,2,1.7,Moderate Debt,35-44
Male,Remote Tech,Intermediate,21,YouTube,54,1,0,9,20.8,8.4,19.5,19.1,0,1.0,Optimal Recovery,25-34
Female,Corporate 9-to-5,Morning Lark,26,YouTube,25,0,164,9,46.6,8.51,25.2,20.8,1,1.0,Optimal Recovery,25-34
Female,Corporate 9-to-5,Intermediate,42,Messaging / Chat,86,0,0,43,26.4,7.21,19.5,19.5,1,1.0,Mild Deficit,25-34
Female,Corporate 9-to-5,Morning Lark,72,Instagram / Reddit,42,1,0,48,40.4,7.81,26.2,19.4,2,1.0,Optimal Recovery,35-44
Male,Corporate 9-to-5,Intermediate,161,Messaging / Chat,25,0,0,11,68.3,3.48,21.7,19.2,4,7.5,Moderate Debt,35-44
Female,Remote Tech,Morning Lark,72,TikTok / Reels,56,0,0,46,47.0,6.32,22.2,18.7,2,2.6,Moderate Debt,<25
Male,Corporate 9-to-5,Intermediate,78,Messaging / Chat,65,0,0,29,47.3,6.04,18.9,19.6,4,4.2,Moderate Debt,25-34
Female,Corporate 9-to-5,Night Owl,124,Messaging / Chat,28,1,36,35,59.4,3.54,20.8,19.5,6,7.4,Moderate Debt,25-34
Male,Student,Night Owl,81,Instagram / Reddit,49,1,0,48,40.0,4.58,23.6,16.5,5,6.3,Moderate Debt,35-44
Female,Healthcare / Shift Worker,Morning Lark,135,Instagram / Reddit,86,0,20,22,97.5,3.33,15.6,19.8,6,10.0,Severe Sleep Debt,<25
Male,Freelance / Creative,Intermediate,53,News / Reading,28,1,0,49,29.9,7.24,24.7,21.9,2,2.0,Mild Deficit,35-44
Male,Student,Intermediate,61,YouTube,62,0,0,80,38.4,7.37,21.5,21.3,3,2.1,Mild Deficit,<25
Female,Corporate 9-to-5,Morning Lark,26,YouTube,49,1,0,31,35.8,9.1,21.5,25.6,2,1.0,Optimal Recovery,25-34
Female,Student,Intermediate,22,Streaming (Netflix/Hulu),66,0,55,61,31.0,6.38,22.1,16.9,3,3.1,Moderate Debt,35-44
Female,Corporate 9-to-5,Intermediate,34,YouTube,34,0,0,52,28.3,7.73,24.7,15.5,1,1.0,Mild Deficit,25-34
Male,Student,Intermediate,83,Messaging / Chat,60,0,0,24,51.9,5.75,21.5,18.9,3,3.9,Moderate Debt,25-34
Male,Student,Night Owl,85,TikTok / Reels,36,0,37,52,45.2,5.65,20.7,18.8,2,5.0,Moderate Debt,35-44
Female,Student,Morning Lark,50,Instagram / Reddit,15,0,0,25,37.2,7.74,26.0,18.4,1,1.0,Mild Deficit,35-44
Female,Freelance / Creative,Morning Lark,99,Streaming (Netflix/Hulu),27,1,0,61,54.5,6.74,24.0,23.0,4,2.6,Moderate Debt,35-44
Female,Student,Intermediate,37,Instagram / Reddit,51,1,0,67,16.4,7.01,24.5,19.0,0,1.0,Mild Deficit,35-44
Male,Student,Night Owl,20,YouTube,60,1,0,34,10.1,6.87,26.8,18.4,1,1.0,Mild Deficit,35-44
Male,Corporate 9-to-5,Night Owl,73,Instagram / Reddit,79,1,79,17,48.9,5.23,20.7,21.0,3,5.7,Moderate Debt,25-34
Male,Freelance / Creative,Morning Lark,59,Streaming (Netflix/Hulu),62,0,0,49,40.6,7.73,22.6,22.8,1,1.6,Mild Deficit,<25
Female,Corporate 9-to-5,Intermediate,60,YouTube,86,0,0,31,40.9,7.01,21.8,22.5,2,4.1,Mild Deficit,25-34
Female,Freelance / Creative,Intermediate,138,YouTube,51,0,33,36,67.0,5.07,15.0,23.3,4,8.0,Moderate Debt,25-34
Non-Binary,Corporate 9-to-5,Intermediate,60,Streaming (Netflix/Hulu),66,0,146,32,44.8,5.9,17.1,17.9,4,5.2,Moderate Debt,35-44
Female,Corporate 9-to-5,Intermediate,91,Streaming (Netflix/Hulu),35,1,84,64,43.7,5.65,18.3,17.0,3,5.0,Moderate Debt,25-34
Male,Healthcare / Shift Worker,Night Owl,2,YouTube,61,1,0,27,19.3,4.46,20.9,16.4,4,5.7,Moderate Debt,25-34
Female,Corporate 9-to-5,Morning Lark,59,YouTube,48,0,0,32,40.8,8.59,25.7,21.8,1,1.0,Optimal Recovery,<25
Female,Healthcare / Shift Worker,Intermediate,16,TikTok / Reels,45,0,0,63,8.2,6.35,23.0,20.3,2,1.4,Moderate Debt,25-34
Male,Corporate 9-to-5,Night Owl,43,Instagram / Reddit,56,1,57,26,43.1,5.15,26.7,18.1,3,4.0,Moderate Debt,25-34
Non-Binary,Healthcare / Shift Worker,Night Owl,35,Instagram / Reddit,27,0,0,24,18.1,3.45,20.1,21.3,4,6.4,Moderate Debt,35-44
Male,Student,Intermediate,121,YouTube,62,0,0,53,55.4,4.27,22.0,20.2,5,8.0,Moderate Debt,<25
Female,Student,Intermediate,125,YouTube,69,0,0,47,68.2,5.37,21.9,21.2,5,7.6,Moderate Debt,35-44
Female,Remote Tech,Intermediate,133,YouTube,41,1,28,4,48.8,5.34,20.4,19.9,3,5.3,Moderate Debt,55+
Male,Corporate 9-to-5,Intermediate,56,Instagram / Reddit,59,1,32,4,38.2,8.22,19.9,18.3,0,1.0,Optimal Recovery,<25
Male,Healthcare / Shift Worker,Night Owl,7,Instagram / Reddit,80,1,147,45,29.6,5.23,18.0,11.9,3,5.8,Moderate Debt,25-34
Male,Corporate 9-to-5,Night Owl,67,TikTok / Reels,70,0,0,13,62.7,5.11,23.7,21.0,5,6.2,Moderate Debt,<25
Female,Remote Tech,Night Owl,38,TikTok / Reels,52,0,0,43,32.4,5.47,28.0,19.7,2,3.7,Moderate Debt,35-44
Male,Student,Intermediate,55,YouTube,63,1,0,20,29.6,8.37,18.0,23.3,0,1.0,Optimal Recovery,25-34
Male,Remote Tech,Night Owl,24,YouTube,85,0,0,62,17.1,5.68,22.1,21.0,3,3.7,Moderate Debt,25-34
Male,Corporate 9-to-5,Morning Lark,119,Streaming (Netflix/Hulu),60,0,0,44,63.3,5.45,21.2,22.6,4,7.3,Moderate Debt,25-34
Male,Corporate 9-to-5,Morning Lark,81,TikTok / Reels,74,1,0,6,53.4,6.45,17.0,17.3,3,3.7,Moderate Debt,45-54
Female,Corporate 9-to-5,Intermediate,43,YouTube,71,0,0,45,24.4,6.95,22.8,23.1,3,2.3,Mild Deficit,<25
Non-Binary,Healthcare / Shift Worker,Intermediate,28,TikTok / Reels,57,1,0,54,28.6,4.94,23.6,20.2,3,5.4,Moderate Debt,<25
Male,Corporate 9-to-5,Night Owl,88,TikTok / Reels,81,0,0,39,67.0,3.78,16.7,17.7,7,9.9,Severe Sleep Debt,45-54
Male,Freelance / Creative,Intermediate,99,Messaging / Chat,35,1,0,23,53.7,5.01,19.4,20.9,4,5.2,Moderate Debt,35-44
Male,Corporate 9-to-5,Intermediate,38,Streaming (Netflix/Hulu),64,0,0,45,26.4,7.15,23.8,20.4,2,1.0,Mild Deficit,45-54
Male,Corporate 9-to-5,Intermediate,29,Messaging / Chat,44,1,0,51,17.9,6.97,26.7,20.4,1,1.0,Mild Deficit,35-44
Male,Remote Tech,Night Owl,57,YouTube,73,1,0,47,32.0,5.03,22.8,20.0,3,3.6,Moderate Debt,45-54
Female,Corporate 9-to-5,Intermediate,65,YouTube,55,0,43,33,43.7,6.36,24.5,18.3,1,2.3,Moderate Debt,25-34
Female,Student,Morning Lark,21,Instagram / Reddit,74,1,0,56,29.7,7.53,24.4,18.1,2,1.1,Mild Deficit,35-44
Female,Healthcare / Shift Worker,Night Owl,93,Streaming (Netflix/Hulu),70,0,0,7,53.6,3.2,18.0,19.6,7,10.0,Severe Sleep Debt,45-54
Female,Corporate 9-to-5,Intermediate,44,Instagram / Reddit,47,0,0,7,36.6,6.76,20.9,21.2,3,2.3,Mild Deficit,35-44
Female,Healthcare / Shift Worker,Morning Lark,108,YouTube,66,1,0,29,42.6,5.01,23.4,21.8,3,6.1,Moderate Debt,<25
Female,Remote Tech,Intermediate,109,TikTok / Reels,64,1,0,73,62.4,5.92,25.1,19.5,3,4.4,Moderate Debt,25-34
Female,Corporate 9-to-5,Morning Lark,103,YouTube,51,0,0,72,46.6,6.79,24.0,21.4,3,2.5,Mild Deficit,<25
Female,Corporate 9-to-5,Night Owl,15,Streaming (Netflix/Hulu),72,0,68,66,23.1,5.83,25.2,20.7,2,2.3,Moderate Debt,25-34
Female,Freelance / Creative,Intermediate,19,YouTube,53,0,128,36,28.7,7.76,22.9,16.6,1,1.4,Optimal Recovery,25-34
Female,Corporate 9-to-5,Night Owl,85,YouTube,39,0,0,0,50.2,3.98,19.5,21.0,5,8.0,Moderate Debt,25-34
Male,Healthcare / Shift Worker,Intermediate,85,Instagram / Reddit,61,0,66,46,73.1,3.95,18.4,19.5,4,8.9,Severe Sleep Debt,35-44
Male,Remote Tech,Night Owl,22,Streaming (Netflix/Hulu),64,1,0,22,25.5,6.15,25.0,21.2,2,1.6,Moderate Debt,25-34
Female,Corporate 9-to-5,Morning Lark,48,TikTok / Reels,10,0,111,52,47.1,7.05,19.7,20.4,3,2.8,Mild Deficit,35-44
Male,Remote Tech,Morning Lark,97,YouTube,100,1,0,45,52.8,6.7,24.2,20.2,2,3.0,Moderate Debt,<25
Male,Healthcare / Shift Worker,Morning Lark,8,Messaging / Chat,100,0,0,80,27.5,6.84,26.2,26.0,1,1.0,Mild Deficit,<25
Female,Student,Intermediate,72,YouTube,38,1,0,76,41.0,6.72,27.8,17.8,1,2.3,Moderate Debt,<25
Male,Remote Tech,Morning Lark,84,TikTok / Reels,67,1,0,19,54.2,7.01,18.5,16.9,2,2.1,Mild Deficit,25-34
Male,Healthcare / Shift Worker,Intermediate,65,Instagram / Reddit,34,1,0,38,30.6,6.47,22.3,17.5,1,1.7,Moderate Debt,<25
Male,Corporate 9-to-5,Intermediate,74,TikTok / Reels,22,0,153,30,59.8,7.17,18.0,14.4,3,3.3,Mild Deficit,25-34
Female,Freelance / Creative,Intermediate,50,TikTok / Reels,46,1,0,25,36.7,6.35,19.2,20.4,2,3.0,Moderate Debt,25-34
Male,Healthcare / Shift Worker,Intermediate,44,TikTok / Reels,27,1,0,36,29.4,6.5,23.0,20.2,0,2.1,Moderate Debt,45-54
Female,Student,Morning Lark,55,TikTok / Reels,66,0,73,0,51.2,6.94,17.1,17.1,2,3.8,Mild Deficit,<25
Male,Healthcare / Shift Worker,Night Owl,93,Messaging / Chat,73,0,0,22,50.5,3.61,18.0,21.0,5,8.2,Moderate Debt,35-44
Non-Binary,Remote Tech,Intermediate,35,Streaming (Netflix/Hulu),90,1,0,60,17.5,7.13,22.9,17.3,3,2.0,Mild Deficit,35-44
Male,Student,Night Owl,40,YouTube,56,1,35,0,22.2,6.07,23.9,19.4,3,4.2,Moderate Debt,45-54
Male,Remote Tech,Intermediate,21,Messaging / Chat,72,1,0,0,22.5,7.48,23.6,23.3,1,1.0,Mild Deficit,55+
Female,Remote Tech,Night Owl,44,Instagram / Reddit,63,1,57,60,37.6,5.68,17.7,19.4,3,4.5,Moderate Debt,<25
Non-Binary,Remote Tech,Intermediate,21,YouTube,61,1,0,64,17.6,7.59,28.0,22.8,0,1.0,Mild Deficit,<25
Male,Corporate 9-to-5,Night Owl,102,TikTok / Reels,35,0,57,6,66.4,4.54,16.8,16.6,6,9.3,Severe Sleep Debt,45-54
Female,Remote Tech,Morning Lark,47,Streaming (Netflix/Hulu),50,1,0,61,39.2,7.4,24.9,17.1,3,2.7,Mild Deficit,25-34
Male,Corporate 9-to-5,Night Owl,24,YouTube,48,0,0,57,22.9,6.42,25.2,19.9,2,1.6,Moderate Debt,35-44
Female,Corporate 9-to-5,Night Owl,94,YouTube,67,0,0,40,63.7,4.69,27.5,22.6,5,7.1,Moderate Debt,35-44
Female,Corporate 9-to-5,Morning Lark,25,YouTube,13,0,47,30,33.5,8.93,23.4,20.8,0,1.0,Optimal Recovery,35-44
Male,Healthcare / Shift Worker,Intermediate,18,TikTok / Reels,76,1,0,55,19.3,6.85,22.4,20.0,1,1.0,Mild Deficit,55+
Female,Remote Tech,Night Owl,10,Streaming (Netflix/Hulu),50,0,0,31,12.4,6.56,24.2,24.2,2,1.0,Moderate Debt,55+
Male,Student,Intermediate,12,TikTok / Reels,42,0,130,40,24.6,8.05,25.3,20.3,1,1.0,Optimal Recovery,35-44
Female,Corporate 9-to-5,Morning Lark,46,YouTube,62,1,31,57,40.7,8.82,21.8,19.4,1,1.0,Optimal Recovery,25-34
Female,Remote Tech,Intermediate,50,TikTok / Reels,55,0,0,22,39.1,6.77,23.6,17.4,1,1.5,Mild Deficit,45-54
Non-Binary,Corporate 9-to-5,Morning Lark,74,Instagram / Reddit,58,1,0,28,29.9,6.48,17.9,17.5,2,2.8,Moderate Debt,<25
Female,Corporate 9-to-5,Night Owl,56,TikTok / Reels,81,0,0,67,45.3,4.73,22.2,16.6,3,5.4,Moderate Debt,25-34
Male,Student,Morning Lark,54,Streaming (Netflix/Hulu),19,0,0,12,24.1,8.61,23.9,21.9,0,1.0,Optimal Recovery,45-54
Male,Student,Morning Lark,23,TikTok / Reels,27,1,0,52,21.2,8.67,24.9,19.5,0,1.0,Optimal Recovery,25-34
Male,Corporate 9-to-5,Intermediate,97,TikTok / Reels,44,1,60,38,69.3,6.21,19.2,13.3,5,6.2,Moderate Debt,25-34
Male,Remote Tech,Intermediate,63,TikTok / Reels,83,0,0,47,48.8,6.72,21.7,15.1,4,3.3,Moderate Debt,<25
Male,Healthcare / Shift Worker,Night Owl,44,Streaming (Netflix/Hulu),71,0,25,39,28.1,3.2,23.7,19.5,6,8.6,Severe Sleep Debt,45-54
Female,Corporate 9-to-5,Morning Lark,58,TikTok / Reels,53,1,86,20,51.3,6.75,22.0,16.5,3,2.4,Mild Deficit,25-34
Male,Corporate 9-to-5,Morning Lark,79,Streaming (Netflix/Hulu),67,1,74,0,37.9,7.59,19.5,19.4,1,1.0,Mild Deficit,35-44
Female,Student,Intermediate,21,TikTok / Reels,72,1,0,5,26.8,8.09,24.5,20.8,0,1.0,Optimal Recovery,25-34
Male,Corporate 9-to-5,Night Owl,30,News / Reading,65,0,0,26,23.1,5.64,23.1,23.3,4,3.6,Moderate Debt,35-44
Male,Freelance / Creative,Intermediate,8,Instagram / Reddit,77,0,0,54,18.7,7.39,25.7,19.9,2,1.0,Mild Deficit,35-44
Male,Student,Intermediate,49,TikTok / Reels,59,0,39,44,50.7,6.43,20.2,18.9,3,4.1,Moderate Debt,25-34
Male,Remote Tech,Intermediate,68,TikTok / Reels,65,1,194,59,58.8,5.93,22.8,17.5,2,4.3,Moderate Debt,25-34
Male,Remote Tech,Intermediate,64,TikTok / Reels,65,0,0,47,57.6,6.58,25.6,20.5,4,4.7,Moderate Debt,<25
Male,Remote Tech,Intermediate,80,Messaging / Chat,47,0,0,35,30.2,7.15,22.5,23.8,1,1.9,Mild Deficit,55+
Male,Corporate 9-to-5,Intermediate,76,TikTok / Reels,52,0,22,61,54.7,6.52,25.0,17.3,2,3.7,Moderate Debt,35-44
Female,Freelance / Creative,Night Owl,51,Messaging / Chat,65,1,0,41,27.3,6.17,19.6,18.0,4,3.4,Moderate Debt,55+
Female,Student,Night Owl,72,YouTube,35,1,0,61,33.3,4.68,22.0,20.3,4,5.7,Moderate Debt,25-34
Female,Corporate 9-to-5,Night Owl,126,Messaging / Chat,41,1,58,40,68.6,3.2,23.0,19.7,7,10.0,Severe Sleep Debt,35-44
Male,Remote Tech,Intermediate,92,Messaging / Chat,50,0,0,16,52.0,6.66,14.1,21.7,2,3.7,Moderate Debt,35-44
Female,Corporate 9-to-5,Intermediate,88,News / Reading,56,0,128,45,44.5,5.2,13.3,17.0,3,6.3,Moderate Debt,35-44
Female,Corporate 9-to-5,Morning Lark,38,TikTok / Reels,55,0,0,34,27.3,8.71,19.5,19.0,0,1.0,Optimal Recovery,55+
Female,Student,Night Owl,41,Instagram / Reddit,55,1,0,13,30.3,5.03,25.0,20.5,3,4.4,Moderate Debt,25-34
Male,Student,Intermediate,99,TikTok / Reels,58,1,57,71,60.5,4.71,21.0,15.5,5,7.1,Moderate Debt,<25
Male,Remote Tech,Night Owl,20,YouTube,50,0,0,35,16.2,5.59,23.3,20.6,1,1.6,Moderate Debt,35-44
Female,Corporate 9-to-5,Morning Lark,54,Streaming (Netflix/Hulu),41,1,0,31,34.0,8.14,20.7,20.6,1,1.0,Optimal Recovery,35-44
Female,Student,Night Owl,91,Instagram / Reddit,56,0,0,18,66.4,3.43,23.3,20.6,7,9.1,Severe Sleep Debt,35-44
Female,Corporate 9-to-5,Intermediate,55,YouTube,68,1,44,13,40.8,6.31,21.0,19.1,3,3.6,Moderate Debt,<25
Female,Student,Intermediate,47,News / Reading,72,0,20,37,25.5,7.59,20.3,20.9,1,1.0,Mild Deficit,25-34
Female,Remote Tech,Intermediate,80,Streaming (Netflix/Hulu),15,0,91,63,51.2,6.65,25.0,20.6,3,3.3,Moderate Debt,25-34
Male,Student,Night Owl,68,YouTube,35,0,0,53,30.5,4.63,24.0,23.1,3,5.2,Moderate Debt,25-34
Non-Binary,Healthcare / Shift Worker,Night Owl,87,Streaming (Netflix/Hulu),74,0,0,21,47.8,3.2,18.3,22.6,5,9.5,Severe Sleep Debt,35-44
Female,Healthcare / Shift Worker,Night Owl,161,TikTok / Reels,49,1,0,40,89.2,3.2,22.5,18.4,6,10.0,Severe Sleep Debt,35-44
Female,Freelance / Creative,Morning Lark,43,YouTube,18,0,31,97,38.2,8.56,27.2,16.2,0,1.0,Optimal Recovery,25-34
Female,Freelance / Creative,Night Owl,75,Instagram / Reddit,79,0,29,25,59.4,3.76,23.3,17.8,6,9.5,Severe Sleep Debt,25-34
Female,Student,Intermediate,43,Instagram / Reddit,75,0,0,38,32.5,7.12,25.5,20.9,2,1.9,Mild Deficit,25-34
Female,Freelance / Creative,Intermediate,21,Messaging / Chat,31,0,0,54,22.8,7.31,23.1,20.7,3,1.1,Mild Deficit,<25
Female,Healthcare / Shift Worker,Morning Lark,47,YouTube,32,0,0,27,38.3,6.55,21.7,19.2,1,2.3,Moderate Debt,35-44
Female,Student,Morning Lark,16,News / Reading,100,1,20,0,14.1,6.83,23.1,16.3,1,1.0,Mild Deficit,45-54
Male,Corporate 9-to-5,Morning Lark,24,Instagram / Reddit,37,0,0,79,13.6,7.8,26.8,18.0,1,1.0,Optimal Recovery,25-34
Male,Corporate 9-to-5,Night Owl,73,TikTok / Reels,79,0,103,31,59.8,4.19,23.0,19.8,5,7.6,Moderate Debt,35-44
Male,Healthcare / Shift Worker,Morning Lark,69,YouTube,86,1,0,57,39.7,6.72,23.4,15.1,2,2.0,Moderate Debt,45-54
Female,Remote Tech,Morning Lark,111,Instagram / Reddit,26,0,0,25,55.7,5.9,21.3,21.5,2,3.3,Moderate Debt,45-54
Male,Healthcare / Shift Worker,Intermediate,99,TikTok / Reels,37,0,33,86,62.6,4.48,25.1,18.0,4,6.5,Moderate Debt,<25
Male,Corporate 9-to-5,Intermediate,30,TikTok / Reels,76,1,49,75,36.2,6.98,26.0,16.4,1,1.0,Mild Deficit,55+
Female,Remote Tech,Morning Lark,80,YouTube,28,0,77,30,49.2,7.05,22.8,18.1,3,2.1,Mild Deficit,25-34
Female,Student,Morning Lark,68,TikTok / Reels,34,0,0,38,48.6,5.94,27.4,20.4,3,4.3,Moderate Debt,25-34
Male,Freelance / Creative,Morning Lark,37,Messaging / Chat,51,1,20,32,26.4,8.28,27.1,18.9,1,1.0,Optimal Recovery,<25
Female,Corporate 9-to-5,Intermediate,59,Messaging / Chat,52,0,0,39,31.1,7.99,22.1,20.3,2,1.0,Optimal Recovery,25-34
Female,Healthcare / Shift Worker,Morning Lark,28,YouTube,77,1,0,21,20.6,7.02,27.6,21.2,0,1.0,Mild Deficit,<25
Male,Healthcare / Shift Worker,Intermediate,106,TikTok / Reels,66,0,157,29,84.9,3.9,12.3,14.7,6,10.0,Severe Sleep Debt,25-34
Male,Corporate 9-to-5,Morning Lark,71,YouTube,59,0,0,0,45.9,7.53,23.2,19.7,1,1.3,Mild Deficit,25-34
Female,Remote Tech,Morning Lark,113,Streaming (Netflix/Hulu),52,1,0,27,48.8,6.72,22.6,18.6,3,2.8,Moderate Debt,45-54
Male,Corporate 9-to-5,Intermediate,17,Messaging / Chat,34,1,43,22,20.3,8.56,22.0,18.6,1,1.0,Optimal Recovery,45-54
Male,Corporate 9-to-5,Morning Lark,52,TikTok / Reels,79,0,0,24,39.8,8.83,20.5,16.2,0,1.0,Optimal Recovery,25-34
Female,Remote Tech,Morning Lark,28,Streaming (Netflix/Hulu),58,1,0,52,22.3,7.84,22.5,22.8,2,1.0,Optimal Recovery,45-54
Male,Corporate 9-to-5,Intermediate,11,Instagram / Reddit,68,0,0,31,37.2,8.92,22.7,14.9,2,1.0,Optimal Recovery,45-54
Female,Corporate 9-to-5,Intermediate,32,TikTok / Reels,59,0,179,65,43.0,6.97,18.4,12.7,3,4.5,Mild Deficit,35-44
Female,Healthcare / Shift Worker,Night Owl,32,TikTok / Reels,57,0,25,24,19.5,4.61,20.5,14.5,4,5.7,Moderate Debt,<25
Male,Remote Tech,Morning Lark,80,Streaming (Netflix/Hulu),57,1,0,16,30.6,7.14,22.5,21.0,2,2.0,Mild Deficit,35-44
Female,Student,Night Owl,61,YouTube,55,1,0,46,31.8,5.06,25.8,22.9,4,3.7,Moderate Debt,55+
Female,Corporate 9-to-5,Night Owl,90,News / Reading,52,1,0,12,31.3,3.31,21.2,24.1,5,6.7,Moderate Debt,35-44
Female,Healthcare / Shift Worker,Night Owl,36,Streaming (Netflix/Hulu),43,1,0,33,43.7,3.82,25.6,18.2,4,5.6,Moderate Debt,25-34
Male,Healthcare / Shift Worker,Intermediate,96,Instagram / Reddit,66,0,0,0,63.5,5.3,16.6,19.9,4,6.6,Moderate Debt,25-34
Male,Remote Tech,Night Owl,46,Streaming (Netflix/Hulu),77,1,33,20,23.8,5.99,24.3,19.8,1,2.2,Moderate Debt,35-44
Female,Freelance / Creative,Morning Lark,30,TikTok / Reels,60,1,0,66,26.5,9.8,27.5,19.5,0,1.0,Optimal Recovery,25-34
Male,Healthcare / Shift Worker,Morning Lark,12,Streaming (Netflix/Hulu),87,0,73,50,21.2,7.22,24.0,18.9,2,1.0,Mild Deficit,<25
Female,Student,Morning Lark,20,YouTube,46,1,0,22,28.3,8.17,23.1,20.2,1,1.0,Optimal Recovery,25-34
Male,Student,Night Owl,33,Instagram / Reddit,98,0,20,43,34.5,7.35,16.4,18.4,4,3.1,Mild Deficit,45-54
Female,Corporate 9-to-5,Intermediate,58,Messaging / Chat,64,0,0,43,28.7,7.08,21.6,20.4,3,1.8,Mild Deficit,45-54
Male,Corporate 9-to-5,Night Owl,29,TikTok / Reels,10,0,65,55,26.2,5.11,23.6,16.8,4,4.5,Moderate Debt,<25
Non-Binary,Corporate 9-to-5,Intermediate,167,Instagram / Reddit,93,1,0,1,83.9,3.75,16.8,16.7,6,10.0,Severe Sleep Debt,55+
Male,Corporate 9-to-5,Night Owl,77,Instagram / Reddit,36,1,0,0,42.7,4.92,18.8,23.5,2,4.3,Moderate Debt,25-34
Female,Corporate 9-to-5,Night Owl,23,TikTok / Reels,59,1,82,33,36.5,5.28,19.2,14.0,3,5.9,Moderate Debt,35-44
Male,Healthcare / Shift Worker,Night Owl,37,TikTok / Reels,65,1,63,23,37.9,4.73,20.0,17.8,4,6.4,Moderate Debt,35-44
Female,Corporate 9-to-5,Intermediate,41,Instagram / Reddit,56,0,0,40,29.5,7.44,21.2,16.9,0,1.0,Mild Deficit,45-54
Male,Freelance / Creative,Night Owl,63,Instagram / Reddit,53,1,0,60,43.1,6.06,25.9,17.5,3,2.9,Moderate Debt,55+
Female,Remote Tech,Night Owl,12,TikTok / Reels,42,1,0,44,17.6,6.52,27.6,17.1,2,1.0,Moderate Debt,25-34
Female,Corporate 9-to-5,Intermediate,134,Messaging / Chat,45,1,0,57,49.9,5.66,20.0,20.9,5,6.0,Moderate Debt,45-54
Female,Remote Tech,Intermediate,160,TikTok / Reels,79,0,25,36,107.4,3.2,16.5,21.8,7,10.0,Severe Sleep Debt,<25
Female,Corporate 9-to-5,Night Owl,69,Instagram / Reddit,35,0,0,36,47.3,4.07,22.7,19.8,6,8.4,Moderate Debt,35-44
Male,Freelance / Creative,Intermediate,111,YouTube,56,1,0,56,56.4,5.26,23.6,24.8,6,5.5,Moderate Debt,35-44
Male,Healthcare / Shift Worker,Night Owl,60,TikTok / Reels,69,0,0,54,44.5,3.2,21.1,12.4,5,8.9,Severe Sleep Debt,35-44
Male,Corporate 9-to-5,Morning Lark,41,YouTube,34,0,20,60,18.0,6.69,21.2,20.4,1,1.8,Moderate Debt,25-34
Male,Freelance / Creative,Intermediate,24,Instagram / Reddit,64,1,0,40,17.5,7.32,24.6,21.1,1,1.0,Mild Deficit,45-54
Male,Student,Morning Lark,67,Instagram / Reddit,76,1,76,19,53.3,6.97,19.3,14.8,2,4.1,Mild Deficit,<25
Female,Corporate 9-to-5,Intermediate,52,YouTube,62,1,0,34,36.6,7.48,25.8,22.2,1,1.0,Mild Deficit,<25
Female,Student,Intermediate,137,YouTube,78,1,0,54,63.1,4.71,22.4,20.4,5,6.7,Moderate Debt,35-44
Female,Student,Night Owl,82,Streaming (Netflix/Hulu),54,1,0,54,49.4,3.73,23.1,21.3,4,6.7,Moderate Debt,25-34
Female,Corporate 9-to-5,Morning Lark,27,YouTube,38,0,66,26,30.3,7.87,16.0,17.3,1,1.0,Optimal Recovery,45-54
Female,Student,Night Owl,76,TikTok / Reels,52,1,0,22,47.4,5.22,19.3,21.1,5,5.8,Moderate Debt,25-34
Female,Corporate 9-to-5,Night Owl,35,Messaging / Chat,28,0,78,47,35.1,6.0,21.8,19.0,2,3.0,Moderate Debt,<25
Female,Remote Tech,Intermediate,26,Instagram / Reddit,100,0,184,3,34.7,7.52,16.8,12.7,1,2.7,Mild Deficit,45-54
Female,Corporate 9-to-5,Morning Lark,33,YouTube,55,0,34,13,28.7,9.01,26.8,18.1,0,1.0,Optimal Recovery,25-34
Male,Freelance / Creative,Morning Lark,30,Instagram / Reddit,17,0,0,38,11.3,8.95,23.8,21.6,0,1.0,Optimal Recovery,<25
Female,Student,Intermediate,64,Messaging / Chat,42,1,0,26,46.9,7.01,23.2,19.8,4,3.4,Mild Deficit,35-44
Male,Corporate 9-to-5,Morning Lark,81,Streaming (Netflix/Hulu),51,1,0,34,35.1,7.45,22.3,21.8,3,1.0,Mild Deficit,25-34
Male,Corporate 9-to-5,Intermediate,16,Streaming (Netflix/Hulu),29,1,0,19,10.8,7.88,22.9,22.7,0,1.0,Optimal Recovery,35-44
Male,Corporate 9-to-5,Night Owl,32,Instagram / Reddit,29,0,0,35,20.4,5.36,21.0,21.5,2,2.2,Moderate Debt,25-34
Female,Student,Morning Lark,75,Streaming (Netflix/Hulu),48,0,0,38,39.0,8.14,21.2,21.0,1,1.0,Optimal Recovery,45-54
Female,Corporate 9-to-5,Intermediate,83,Streaming (Netflix/Hulu),66,1,0,46,43.5,6.14,17.7,24.4,5,5.4,Moderate Debt,45-54
Female,Healthcare / Shift Worker,Night Owl,61,Instagram / Reddit,74,0,0,25,43.2,3.2,19.4,20.8,6,9.0,Severe Sleep Debt,35-44
Female,Freelance / Creative,Night Owl,49,Instagram / Reddit,77,0,126,66,55.7,5.38,20.5,18.8,3,5.5,Moderate Debt,<25
Female,Student,Night Owl,27,TikTok / Reels,43,1,27,19,27.4,5.87,26.8,18.7,2,2.6,Moderate Debt,45-54
Male,Corporate 9-to-5,Night Owl,18,TikTok / Reels,10,0,69,27,32.6,5.78,22.6,17.6,2,3.6,Moderate Debt,35-44
Male,Remote Tech,Intermediate,41,News / Reading,91,0,42,84,43.0,7.12,24.2,21.1,2,2.3,Mild Deficit,35-44
Male,Remote Tech,Night Owl,42,Messaging / Chat,51,1,0,0,31.1,7.22,19.1,19.9,2,1.6,Mild Deficit,25-34
Female,Student,Night Owl,48,Messaging / Chat,46,0,0,50,29.5,6.33,22.6,19.8,2,2.6,Moderate Debt,45-54
Female,Student,Intermediate,65,YouTube,80,1,70,36,49.4,6.52,22.2,18.6,4,4.3,Moderate Debt,35-44
Male,Remote Tech,Intermediate,63,TikTok / Reels,49,1,96,28,53.9,5.9,18.2,17.3,5,6.3,Moderate Debt,<25
Female,Remote Tech,Intermediate,73,TikTok / Reels,65,0,0,77,53.7,5.47,23.1,19.0,5,4.4,Moderate Debt,25-34
Male,Healthcare / Shift Worker,Intermediate,51,Streaming (Netflix/Hulu),60,0,0,14,34.8,5.19,24.9,17.2,3,3.4,Moderate Debt,45-54
Male,Corporate 9-to-5,Morning Lark,27,TikTok / Reels,30,1,0,64,25.3,7.9,24.3,18.1,3,1.0,Optimal Recovery,<25
Female,Remote Tech,Intermediate,140,Messaging / Chat,33,1,64,41,65.9,4.67,22.5,20.2,5,8.2,Moderate Debt,55+
Female,Student,Intermediate,21,Streaming (Netflix/Hulu),51,1,34,40,19.5,7.5,19.2,23.1,2,1.0,Mild Deficit,35-44
Female,Corporate 9-to-5,Intermediate,27,Streaming (Netflix/Hulu),55,1,0,17,44.8,5.39,21.6,22.3,3,3.8,Moderate Debt,35-44
Female,Student,Morning Lark,62,Messaging / Chat,43,1,0,24,26.0,8.54,20.4,19.2,0,1.0,Optimal Recovery,25-34
Female,Healthcare / Shift Worker,Night Owl,35,Streaming (Netflix/Hulu),42,0,20,9,31.9,4.47,23.6,22.3,4,4.0,Moderate Debt,25-34
Female,Student,Morning Lark,112,Streaming (Netflix/Hulu),54,0,109,53,75.1,6.43,21.3,19.4,3,7.3,Moderate Debt,55+
Female,Corporate 9-to-5,Morning Lark,51,TikTok / Reels,41,0,117,67,44.5,6.89,23.1,14.1,2,2.0,Mild Deficit,25-34
Female,Corporate 9-to-5,Intermediate,72,News / Reading,73,1,0,31,27.0,6.67,22.9,22.8,2,1.7,Moderate Debt,35-44
Male,Corporate 9-to-5,Intermediate,45,TikTok / Reels,61,0,0,42,36.2,7.24,26.2,20.1,2,1.4,Mild Deficit,25-34
Female,Corporate 9-to-5,Morning Lark,15,TikTok / Reels,44,0,0,59,32.1,9.02,19.5,19.0,0,1.0,Optimal Recovery,<25
Male,Freelance / Creative,Intermediate,180,Streaming (Netflix/Hulu),67,0,0,19,80.6,3.2,22.4,23.3,6,10.0,Severe Sleep Debt,<25
Male,Student,Night Owl,60,YouTube,82,1,0,33,44.4,3.47,21.2,22.9,6,8.3,Moderate Debt,25-34
Male,Corporate 9-to-5,Intermediate,27,Streaming (Netflix/Hulu),59,0,87,55,37.9,6.59,28.0,19.9,3,1.9,Moderate Debt,55+
Male,Freelance / Creative,Intermediate,49,YouTube,26,0,181,57,45.3,7.0,19.4,18.3,1,2.8,Mild Deficit,25-34
Female,Student,Morning Lark,82,Instagram / Reddit,86,1,69,52,59.9,7.46,22.9,16.8,3,4.0,Mild Deficit,25-34
Female,Corporate 9-to-5,Intermediate,12,Messaging / Chat,88,1,76,15,23.9,6.31,24.3,20.6,3,2.0,Moderate Debt,25-34
Male,Remote Tech,Night Owl,51,Messaging / Chat,80,0,0,51,33.0,5.5,22.6,22.5,3,4.2,Moderate Debt,25-34
Male,Corporate 9-to-5,Intermediate,41,YouTube,68,1,0,10,31.2,7.84,17.5,20.1,3,1.2,Optimal Recovery,25-34
Male,Freelance / Creative,Night Owl,22,TikTok / Reels,65,0,88,70,26.2,6.43,21.4,13.9,2,3.8,Moderate Debt,45-54
Non-Binary,Remote Tech,Intermediate,83,News / Reading,58,0,0,1,44.4,6.64,19.3,23.8,2,3.1,Moderate Debt,25-34
Female,Healthcare / Shift Worker,Night Owl,28,Streaming (Netflix/Hulu),57,0,90,45,31.5,4.02,17.9,20.7,5,6.4,Moderate Debt,25-34
Female,Corporate 9-to-5,Night Owl,106,TikTok / Reels,32,0,0,27,63.9,4.87,20.0,17.0,4,6.6,Moderate Debt,<25
Female,Healthcare / Shift Worker,Night Owl,36,Streaming (Netflix/Hulu),32,1,136,39,34.6,3.2,19.4,17.5,5,8.8,Severe Sleep Debt,55+
Female,Corporate 9-to-5,Night Owl,75,TikTok / Reels,37,0,107,4,64.5,5.09,16.3,20.9,4,8.2,Moderate Debt,25-34
Female,Freelance / Creative,Intermediate,61,TikTok / Reels,15,0,0,14,35.0,6.19,24.1,17.3,3,3.4,Moderate Debt,<25
Male,Freelance / Creative,Night Owl,57,Streaming (Netflix/Hulu),30,0,0,47,33.3,6.26,24.2,18.4,2,2.5,Moderate Debt,35-44
Male,Remote Tech,Intermediate,49,Instagram / Reddit,55,1,20,41,28.1,7.31,23.3,18.4,2,1.3,Mild Deficit,35-44
Female,Student,Night Owl,55,YouTube,10,0,25,56,35.8,5.88,25.4,21.3,2,2.5,Moderate Debt,25-34
Male,Student,Morning Lark,75,Streaming (Netflix/Hulu),36,1,57,36,35.1,7.3,23.8,14.9,2,1.3,Mild Deficit,25-34
Male,Freelance / Creative,Intermediate,109,Messaging / Chat,50,0,0,0,52.2,5.62,19.0,20.5,3,5.4,Moderate Debt,35-44
Male,Corporate 9-to-5,Night Owl,35,Instagram / Reddit,40,1,143,53,39.0,5.07,17.7,15.3,3,4.9,Moderate Debt,<25
Female,Remote Tech,Morning Lark,163,Instagram / Reddit,48,0,0,52,74.8,7.14,18.9,20.8,4,5.6,Mild Deficit,45-54
Male,Healthcare / Shift Worker,Intermediate,90,Streaming (Netflix/Hulu),61,1,0,75,32.8,5.02,21.3,20.1,3,4.3,Moderate Debt,35-44
Male,Student,Night Owl,68,Streaming (Netflix/Hulu),74,0,143,34,43.7,4.72,16.8,20.4,4,7.0,Moderate Debt,25-34
Female,Remote Tech,Intermediate,65,Streaming (Netflix/Hulu),40,1,25,0,37.0,5.62,19.6,21.7,4,4.9,Moderate Debt,25-34
Female,Healthcare / Shift Worker,Intermediate,8,TikTok / Reels,49,1,0,19,16.6,6.03,25.2,18.5,2,2.4,Moderate Debt,25-34
Male,Corporate 9-to-5,Intermediate,159,TikTok / Reels,11,0,0,56,94.2,4.16,25.4,20.4,6,9.3,Severe Sleep Debt,35-44
Female,Healthcare / Shift Worker,Intermediate,79,Streaming (Netflix/Hulu),67,0,0,39,51.6,5.28,22.8,18.9,4,5.0,Moderate Debt,25-34
Female,Corporate 9-to-5,Morning Lark,26,TikTok / Reels,38,0,103,65,18.2,7.87,13.9,14.8,0,1.0,Optimal Recovery,25-34
Female,Corporate 9-to-5,Morning Lark,16,Instagram / Reddit,62,0,0,63,21.2,9.09,24.5,21.5,0,1.0,Optimal Recovery,35-44
Male,Remote Tech,Morning Lark,80,YouTube,49,1,170,11,64.5,7.63,14.5,16.1,4,4.1,Mild Deficit,55+
Male,Remote Tech,Intermediate,37,YouTube,100,0,56,18,34.8,8.62,21.7,20.8,1,1.0,Optimal Recovery,25-34
Female,Remote Tech,Morning Lark,48,Instagram / Reddit,92,1,0,13,49.8,7.12,22.4,16.2,3,2.9,Mild Deficit,45-54
Female,Remote Tech,Night Owl,47,Streaming (Netflix/Hulu),68,0,0,43,25.6,5.79,14.0,17.0,3,3.2,Moderate Debt,25-34
Non-Binary,Corporate 9-to-5,Intermediate,48,Instagram / Reddit,64,1,0,0,39.2,5.4,22.4,19.1,5,5.0,Moderate Debt,<25
Male,Corporate 9-to-5,Night Owl,14,TikTok / Reels,60,0,0,27,26.3,5.89,22.0,17.5,3,4.1,Moderate Debt,<25
Male,Student,Morning Lark,99,Messaging / Chat,46,0,0,42,44.7,6.51,26.3,19.7,2,3.8,Moderate Debt,25-34
Female,Remote Tech,Intermediate,35,YouTube,40,1,0,76,17.3,7.47,22.1,20.7,2,1.0,Mild Deficit,25-34
Female,Remote Tech,Intermediate,42,TikTok / Reels,36,1,85,38,41.3,6.29,23.6,19.2,4,3.0,Moderate Debt,<25
Female,Student,Night Owl,30,Instagram / Reddit,42,0,20,15,25.9,5.45,24.0,17.5,3,3.7,Moderate Debt,45-54
Male,Freelance / Creative,Night Owl,85,YouTube,63,0,113,0,52.1,4.26,13.3,19.4,6,10.0,Severe Sleep Debt,45-54
Female,Student,Night Owl,30,YouTube,50,0,0,52,29.7,6.09,28.0,17.9,4,2.5,Moderate Debt,35-44
Female,Corporate 9-to-5,Morning Lark,23,Streaming (Netflix/Hulu),14,0,20,53,33.2,8.56,19.9,15.8,0,1.0,Optimal Recovery,<25
Female,Healthcare / Shift Worker,Night Owl,76,Instagram / Reddit,100,0,38,27,53.9,3.2,16.7,18.1,5,9.0,Severe Sleep Debt,<25
Female,Freelance / Creative,Intermediate,41,YouTube,52,0,0,20,28.9,7.27,23.4,23.0,2,1.2,Mild Deficit,<25
Male,Remote Tech,Night Owl,64,YouTube,98,1,81,18,45.1,3.98,18.8,17.2,4,7.8,Moderate Debt,35-44
Female,Freelance / Creative,Intermediate,34,YouTube,47,0,0,47,31.0,7.53,24.6,20.6,0,1.0,Mild Deficit,55+
Male,Remote Tech,Intermediate,24,News / Reading,50,0,22,32,29.2,7.8,22.0,20.0,0,1.0,Optimal Recovery,25-34
Male,Remote Tech,Morning Lark,38,TikTok / Reels,74,1,0,41,45.3,6.67,20.7,20.7,2,2.9,Moderate Debt,<25
Female,Corporate 9-to-5,Intermediate,90,Streaming (Netflix/Hulu),49,0,0,45,52.4,6.14,24.8,18.8,3,2.5,Moderate Debt,25-34
Male,Student,Intermediate,38,YouTube,63,0,0,37,31.0,7.39,19.3,18.9,2,1.0,Mild Deficit,25-34
Non-Binary,Corporate 9-to-5,Morning Lark,95,TikTok / Reels,48,1,29,67,50.7,7.1,24.9,18.4,4,2.1,Mild Deficit,25-34
Male,Corporate 9-to-5,Morning Lark,36,News / Reading,45,0,0,64,23.5,8.97,25.7,20.3,0,1.0,Optimal Recovery,35-44
Female,Corporate 9-to-5,Night Owl,68,TikTok / Reels,86,1,177,39,61.3,4.02,18.2,11.2,6,10.0,Severe Sleep Debt,35-44
Female,Corporate 9-to-5,Intermediate,46,Instagram / Reddit,31,0,29,63,35.2,7.27,19.3,16.9,2,1.4,Mild Deficit,<25
Female,Remote Tech,Night Owl,37,Streaming (Netflix/Hulu),45,1,0,41,38.7,5.34,21.8,19.9,4,4.5,Moderate Debt,<25
Male,Remote Tech,Night Owl,26,Streaming (Netflix/Hulu),92,0,0,75,29.9,6.6,25.2,20.7,3,2.0,Moderate Debt,55+
Male,Corporate 9-to-5,Night Owl,35,Streaming (Netflix/Hulu),48,0,65,47,27.9,6.66,26.2,21.8,2,2.4,Moderate Debt,25-34
Male,Freelance / Creative,Night Owl,54,Instagram / Reddit,26,0,52,0,36.4,5.27,24.3,17.9,4,5.7,Moderate Debt,<25
Female,Corporate 9-to-5,Night Owl,14,YouTube,67,0,129,53,19.4,6.35,24.6,15.8,2,2.7,Moderate Debt,<25
Female,Remote Tech,Intermediate,24,Streaming (Netflix/Hulu),54,1,39,42,33.2,7.58,22.9,22.5,1,1.0,Mild Deficit,<25
Male,Corporate 9-to-5,Morning Lark,67,Messaging / Chat,64,0,24,39,45.5,7.64,23.4,18.3,1,1.7,Mild Deficit,25-34
Female,Corporate 9-to-5,Intermediate,19,Instagram / Reddit,56,0,0,8,33.1,8.26,23.3,21.1,0,1.0,Optimal Recovery,45-54
Male,Corporate 9-to-5,Intermediate,50,YouTube,33,0,29,41,30.5,6.37,22.4,17.6,2,2.3,Moderate Debt,25-34
Female,Remote Tech,Morning Lark,79,Instagram / Reddit,60,0,92,71,58.6,7.17,24.1,21.5,2,2.6,Mild Deficit,25-34
Female,Student,Intermediate,109,YouTube,80,1,44,38,58.7,5.66,19.9,19.3,3,7.1,Moderate Debt,35-44
Female,Corporate 9-to-5,Intermediate,11,TikTok / Reels,45,1,0,29,30.5,8.03,21.3,21.5,2,1.0,Optimal Recovery,25-34
Female,Remote Tech,Night Owl,52,YouTube,37,1,0,5,26.1,5.34,21.6,19.8,4,4.2,Moderate Debt,45-54
Female,Corporate 9-to-5,Intermediate,136,Messaging / Chat,52,1,43,22,66.6,4.57,18.8,18.5,7,9.6,Severe Sleep Debt,45-54
Female,Healthcare / Shift Worker,Intermediate,113,YouTube,51,0,0,40,70.1,5.33,19.0,19.2,5,6.7,Moderate Debt,<25
Female,Student,Intermediate,15,Messaging / Chat,49,1,0,50,28.6,7.76,23.1,17.3,0,1.0,Optimal Recovery,35-44
Female,Corporate 9-to-5,Intermediate,59,Streaming (Netflix/Hulu),80,0,47,16,45.6,6.29,14.9,18.0,3,4.5,Moderate Debt,25-34
Female,Remote Tech,Night Owl,32,YouTube,60,1,0,22,17.4,5.9,23.2,20.3,2,2.0,Moderate Debt,55+
Male,Freelance / Creative,Morning Lark,32,YouTube,88,1,82,29,29.7,9.05,23.0,16.3,1,1.0,Optimal Recovery,25-34
Female,Remote Tech,Intermediate,34,Instagram / Reddit,60,0,0,17,32.9,6.62,22.5,19.7,3,1.2,Moderate Debt,55+
Male,Remote Tech,Intermediate,78,News / Reading,62,0,128,50,54.8,5.71,21.5,18.9,3,6.9,Moderate Debt,35-44
Male,Remote Tech,Intermediate,63,Streaming (Netflix/Hulu),99,1,215,41,60.5,5.65,15.7,15.9,5,8.0,Moderate Debt,25-34
Male,Remote Tech,Intermediate,63,Streaming (Netflix/Hulu),62,1,0,17,26.6,7.96,17.7,21.8,2,1.2,Optimal Recovery,25-34
Male,Freelance / Creative,Intermediate,61,Streaming (Netflix/Hulu),50,1,0,34,33.5,6.35,19.4,21.7,4,3.4,Moderate Debt,55+
Female,Freelance / Creative,Morning Lark,27,Instagram / Reddit,36,1,20,54,33.1,7.67,23.2,21.0,2,1.0,Mild Deficit,45-54
Male,Student,Intermediate,24,TikTok / Reels,38,1,0,44,33.2,7.48,24.6,19.1,0,1.0,Mild Deficit,<25
Male,Remote Tech,Night Owl,21,YouTube,47,1,102,4,41.0,5.77,19.5,19.5,4,5.0,Moderate Debt,35-44
Male,Remote Tech,Intermediate,47,YouTube,50,0,0,47,39.9,7.09,23.7,21.1,2,1.8,Mild Deficit,25-34
Female,Remote Tech,Morning Lark,11,TikTok / Reels,14,0,0,39,15.4,9.02,24.2,17.6,0,1.0,Optimal Recovery,<25
Female,Freelance / Creative,Intermediate,62,Instagram / Reddit,55,1,0,33,35.9,6.99,22.2,18.9,3,1.3,Mild Deficit,25-34
Female,Student,Morning Lark,121,TikTok / Reels,10,1,184,40,79.9,5.4,17.7,12.1,4,7.6,Moderate Debt,25-34
Male,Remote Tech,Night Owl,65,TikTok / Reels,81,0,60,49,57.1,4.83,17.4,18.9,4,6.1,Moderate Debt,45-54
Male,Corporate 9-to-5,Intermediate,70,Instagram / Reddit,17,0,30,44,47.9,6.94,20.0,19.7,3,3.5,Mild Deficit,25-34
Female,Remote Tech,Night Owl,30,Streaming (Netflix/Hulu),59,1,35,57,39.5,6.71,27.5,18.1,2,1.2,Moderate Debt,45-54
Male,Freelance / Creative,Intermediate,37,TikTok / Reels,58,1,64,44,35.8,7.03,25.5,16.4,2,2.7,Mild Deficit,<25
Male,Remote Tech,Night Owl,46,News / Reading,82,1,27,89,30.5,4.83,25.0,17.5,4,3.7,Moderate Debt,25-34
Female,Corporate 9-to-5,Intermediate,44,YouTube,58,1,167,47,33.6,8.37,24.2,20.0,1,1.0,Optimal Recovery,25-34
Male,Corporate 9-to-5,Morning Lark,62,Instagram / Reddit,53,0,32,30,41.9,8.24,21.5,21.0,0,1.0,Optimal Recovery,25-34
Male,Remote Tech,Morning Lark,114,Messaging / Chat,61,1,0,17,50.1,6.49,26.0,21.1,3,4.6,Moderate Debt,<25
Female,Freelance / Creative,Intermediate,45,TikTok / Reels,44,0,0,54,42.3,6.1,25.5,16.9,3,3.1,Moderate Debt,<25
Male,Freelance / Creative,Intermediate,99,Messaging / Chat,45,0,101,30,53.3,6.38,21.0,18.1,3,4.3,Moderate Debt,25-34
Female,Freelance / Creative,Intermediate,50,Instagram / Reddit,59,0,0,41,37.2,7.44,26.7,19.1,2,1.3,Mild Deficit,25-34
Male,Student,Night Owl,18,TikTok / Reels,49,0,0,33,17.8,5.72,25.0,19.5,4,3.0,Moderate Debt,25-34
Male,Remote Tech,Morning Lark,54,Instagram / Reddit,68,0,147,32,48.8,7.86,20.8,14.8,2,2.6,Optimal Recovery,25-34
Male,Remote Tech,Intermediate,56,Messaging / Chat,37,0,24,0,43.0,6.64,21.5,15.8,2,2.5,Moderate Debt,45-54
Female,Remote Tech,Night Owl,19,Messaging / Chat,74,0,0,47,27.5,5.55,26.2,18.1,3,4.2,Moderate Debt,45-54
Female,Student,Intermediate,107,Streaming (Netflix/Hulu),64,1,0,40,43.2,5.4,23.3,19.3,3,3.7,Moderate Debt,25-34
Female,Remote Tech,Night Owl,71,TikTok / Reels,56,1,0,11,54.7,5.6,23.6,19.6,4,4.3,Moderate Debt,25-34
Male,Student,Intermediate,88,TikTok / Reels,24,1,0,58,48.6,5.91,23.4,19.5,4,4.1,Moderate Debt,<25
Female,Corporate 9-to-5,Intermediate,91,Instagram / Reddit,72,0,0,0,67.0,5.51,14.5,16.5,4,6.9,Moderate Debt,55+
Male,Corporate 9-to-5,Morning Lark,26,YouTube,94,1,68,45,44.6,7.96,22.4,17.0,0,1.1,Optimal Recovery,<25
Female,Healthcare / Shift Worker,Night Owl,91,Messaging / Chat,46,1,53,46,45.1,3.2,20.1,16.2,7,9.4,Severe Sleep Debt,25-34
Female,Freelance / Creative,Night Owl,14,YouTube,72,0,93,37,31.8,6.47,22.7,20.3,2,2.3,Moderate Debt,25-34
Female,Remote Tech,Night Owl,51,TikTok / Reels,53,0,93,98,45.2,5.71,22.5,21.8,4,5.4,Moderate Debt,25-34
Non-Binary,Corporate 9-to-5,Intermediate,36,TikTok / Reels,33,0,0,98,40.2,7.43,23.2,19.0,1,1.1,Mild Deficit,<25
Male,Freelance / Creative,Night Owl,19,TikTok / Reels,40,0,250,14,35.8,6.22,14.8,17.0,4,5.6,Moderate Debt,35-44
Female,Student,Intermediate,70,TikTok / Reels,53,1,0,19,38.8,4.7,21.2,20.7,3,5.6,Moderate Debt,<25
Female,Remote Tech,Intermediate,76,Instagram / Reddit,64,1,0,42,42.3,6.44,25.3,20.9,3,3.3,Moderate Debt,35-44
Male,Remote Tech,Night Owl,25,TikTok / Reels,26,1,0,18,25.1,4.7,24.7,13.9,5,5.0,Moderate Debt,<25
Female,Remote Tech,Morning Lark,49,Streaming (Netflix/Hulu),41,1,0,49,21.5,8.55,24.3,19.7,1,1.0,Optimal Recovery,<25
Male,Remote Tech,Morning Lark,68,Streaming (Netflix/Hulu),56,0,116,96,39.6,7.95,17.6,17.4,1,1.0,Optimal Recovery,45-54
Male,Healthcare / Shift Worker,Intermediate,7,Streaming (Netflix/Hulu),30,1,0,39,8.5,5.71,26.7,16.8,3,1.5,Moderate Debt,<25
Male,Corporate 9-to-5,Night Owl,74,Instagram / Reddit,63,1,77,47,35.0,5.27,23.6,19.3,2,4.8,Moderate Debt,45-54
Male,Corporate 9-to-5,Intermediate,22,Streaming (Netflix/Hulu),89,1,0,6,22.1,6.44,21.9,20.9,2,3.0,Moderate Debt,25-34
Male,Corporate 9-to-5,Intermediate,23,YouTube,53,0,0,18,19.0,8.35,22.8,17.4,0,1.0,Optimal Recovery,<25
Male,Corporate 9-to-5,Night Owl,73,News / Reading,70,0,0,0,36.3,5.54,21.3,18.4,3,4.5,Moderate Debt,55+
Male,Corporate 9-to-5,Intermediate,22,Instagram / Reddit,29,0,0,29,13.8,6.93,28.0,19.0,2,1.0,Mild Deficit,25-34
Male,Corporate 9-to-5,Morning Lark,92,Streaming (Netflix/Hulu),42,1,0,63,34.4,6.96,25.9,24.7,2,1.7,Mild Deficit,45-54
Female,Corporate 9-to-5,Intermediate,42,Instagram / Reddit,75,0,0,11,25.7,6.18,17.8,19.8,3,2.2,Moderate Debt,<25
Female,Corporate 9-to-5,Night Owl,34,YouTube,28,0,79,47,25.7,6.39,24.6,20.6,2,2.0,Moderate Debt,45-54
Female,Corporate 9-to-5,Morning Lark,82,Instagram / Reddit,41,1,0,31,55.5,7.22,26.4,17.5,3,2.0,Mild Deficit,<25
Male,Corporate 9-to-5,Intermediate,50,News / Reading,78,0,88,40,32.8,6.58,20.6,19.7,1,1.4,Moderate Debt,25-34
Female,Student,Morning Lark,54,TikTok / Reels,43,0,0,82,35.0,7.99,28.0,21.2,1,1.0,Optimal Recovery,35-44
Female,Remote Tech,Intermediate,19,Streaming (Netflix/Hulu),15,1,0,61,21.2,7.8,23.9,24.6,2,1.0,Optimal Recovery,55+
Female,Corporate 9-to-5,Intermediate,150,Instagram / Reddit,44,1,39,31,83.1,5.06,22.4,20.5,5,7.8,Moderate Debt,45-54
Female,Remote Tech,Intermediate,126,Messaging / Chat,90,1,0,27,66.4,5.94,23.1,17.4,5,6.7,Moderate Debt,45-54
Male,Freelance / Creative,Intermediate,52,TikTok / Reels,84,0,0,19,32.1,7.42,21.0,21.7,1,1.0,Mild Deficit,45-54
Male,Freelance / Creative,Night Owl,38,TikTok / Reels,53,0,0,76,29.4,5.51,20.6,19.5,5,4.2,Moderate Debt,<25
Male,Corporate 9-to-5,Night Owl,65,TikTok / Reels,50,0,0,52,45.0,5.02,23.3,16.7,5,5.2,Moderate Debt,25-34
Female,Healthcare / Shift Worker,Night Owl,14,TikTok / Reels,100,1,0,57,21.7,5.05,21.7,18.7,3,4.5,Moderate Debt,25-34
Male,Remote Tech,Intermediate,60,Instagram / Reddit,36,1,0,22,42.5,6.79,24.4,21.9,3,3.3,Mild Deficit,25-34
Female,Corporate 9-to-5,Morning Lark,5,TikTok / Reels,42,1,0,39,24.2,8.73,24.9,21.9,1,1.0,Optimal Recovery,25-34
Male,Corporate 9-to-5,Intermediate,40,Streaming (Netflix/Hulu),76,0,48,35,33.2,6.87,23.5,19.8,1,2.6,Mild Deficit,25-34
Female,Corporate 9-to-5,Night Owl,20,Streaming (Netflix/Hulu),38,0,20,8,18.8,6.33,18.5,20.9,2,2.7,Moderate Debt,<25
Female,Remote Tech,Intermediate,75,TikTok / Reels,62,1,0,10,50.6,6.5,19.5,22.2,3,4.8,Moderate Debt,35-44
Female,Student,Night Owl,32,TikTok / Reels,30,1,114,6,37.9,5.73,21.2,16.6,3,5.3,Moderate Debt,<25
Female,Student,Morning Lark,18,News / Reading,85,0,0,34,19.7,7.94,23.0,20.0,1,1.0,Optimal Recovery,25-34
Male,Corporate 9-to-5,Intermediate,93,Streaming (Netflix/Hulu),46,1,0,4,51.4,6.15,21.2,17.9,4,4.9,Moderate Debt,25-34
Female,Corporate 9-to-5,Intermediate,180,TikTok / Reels,42,0,0,76,103.3,3.45,25.3,18.6,6,10.0,Severe Sleep Debt,35-44
Female,Corporate 9-to-5,Intermediate,46,YouTube,38,1,115,71,44.5,7.59,24.1,17.6,2,1.9,Mild Deficit,35-44
Female,Remote Tech,Intermediate,64,News / Reading,32,0,0,18,26.7,7.07,21.4,22.9,2,1.6,Mild Deficit,35-44
Male,Freelance / Creative,Intermediate,29,TikTok / Reels,48,0,0,6,21.9,6.89,19.5,17.7,2,1.9,Mild Deficit,<25
Female,Student,Intermediate,34,Streaming (Netflix/Hulu),10,1,0,39,26.5,5.52,22.9,16.6,4,3.9,Moderate Debt,25-34
Male,Freelance / Creative,Intermediate,115,TikTok / Reels,33,0,0,39,70.2,5.01,24.3,16.1,4,6.2,Moderate Debt,<25
Male,Student,Morning Lark,71,YouTube,55,1,0,29,33.5,6.36,25.7,24.0,3,3.6,Moderate Debt,25-34
Female,Remote Tech,Night Owl,72,Messaging / Chat,57,1,137,52,45.7,4.54,17.6,20.0,4,6.9,Moderate Debt,25-34
Female,Remote Tech,Intermediate,31,TikTok / Reels,54,0,44,16,47.8,6.86,19.1,20.9,2,3.3,Mild Deficit,<25
Female,Remote Tech,Intermediate,24,TikTok / Reels,40,1,0,37,31.0,7.46,28.0,16.6,1,1.0,Mild Deficit,25-34
Male,Remote Tech,Intermediate,129,Instagram / Reddit,85,1,103,16,83.3,4.92,20.7,16.8,6,8.5,Moderate Debt,55+
Female,Healthcare / Shift Worker,Night Owl,46,Streaming (Netflix/Hulu),72,0,177,14,44.0,3.2,15.2,18.8,6,9.8,Severe Sleep Debt,55+
Female,Remote Tech,Intermediate,69,TikTok / Reels,53,0,0,48,54.4,5.61,26.1,15.3,4,4.1,Moderate Debt,25-34
Male,Corporate 9-to-5,Night Owl,26,YouTube,53,0,109,37,22.9,5.48,18.3,13.7,2,3.0,Moderate Debt,<25
Male,Student,Intermediate,11,TikTok / Reels,46,0,0,69,18.2,8.0,23.4,15.9,0,1.0,Optimal Recovery,<25
Female,Healthcare / Shift Worker,Intermediate,40,TikTok / Reels,42,0,53,3,33.6,5.69,16.2,16.1,4,5.4,Moderate Debt,25-34
Male,Remote Tech,Intermediate,131,YouTube,52,1,60,5,77.1,4.41,21.0,21.0,5,9.6,Severe Sleep Debt,55+
Female,Student,Intermediate,65,Messaging / Chat,74,0,0,63,41.5,6.3,18.5,21.0,3,3.7,Moderate Debt,<25
Female,Corporate 9-to-5,Intermediate,64,YouTube,46,0,89,21,36.3,7.31,19.5,19.7,2,3.4,Mild Deficit,35-44
Female,Remote Tech,Intermediate,38,YouTube,81,1,100,37,34.3,7.31,23.6,16.9,3,2.0,Mild Deficit,<25
Male,Corporate 9-to-5,Morning Lark,47,YouTube,42,1,0,42,24.2,7.55,23.5,17.1,3,1.2,Mild Deficit,55+
Female,Corporate 9-to-5,Intermediate,53,TikTok / Reels,85,0,0,26,50.9,6.76,21.3,18.7,2,3.3,Mild Deficit,25-34
Male,Student,Night Owl,59,YouTube,49,0,150,29,40.0,4.98,20.8,16.0,3,7.3,Moderate Debt,35-44
Male,Corporate 9-to-5,Intermediate,19,YouTube,69,0,93,38,33.8,7.39,22.1,17.3,2,1.6,Mild Deficit,25-34
Female,Student,Intermediate,103,YouTube,100,0,0,17,52.6,6.15,20.0,21.4,3,5.6,Moderate Debt,35-44
Male,Healthcare / Shift Worker,Night Owl,73,Instagram / Reddit,100,1,0,30,40.4,4.19,22.7,19.7,4,6.3,Moderate Debt,<25
Female,Corporate 9-to-5,Intermediate,55,Messaging / Chat,28,1,250,55,37.4,6.46,18.4,13.9,1,2.9,Moderate Debt,<25
Non-Binary,Student,Morning Lark,84,TikTok / Reels,76,0,0,31,62.3,6.2,20.2,18.7,3,5.3,Moderate Debt,55+
Male,Remote Tech,Night Owl,95,Streaming (Netflix/Hulu),36,1,20,9,40.4,5.23,21.0,17.8,4,5.4,Moderate Debt,45-54
Female,Corporate 9-to-5,Morning Lark,84,TikTok / Reels,63,0,107,49,67.2,6.26,18.1,14.8,4,5.8,Moderate Debt,45-54
Female,Student,Night Owl,86,TikTok / Reels,65,1,180,50,73.1,3.2,17.9,14.4,6,10.0,Severe Sleep Debt,35-44
Female,Student,Morning Lark,34,TikTok / Reels,72,1,20,25,26.2,8.13,26.8,15.0,1,1.0,Optimal Recovery,45-54
Female,Remote Tech,Morning Lark,48,YouTube,29,1,45,0,37.3,8.09,16.8,20.1,1,1.0,Optimal Recovery,<25
Female,Freelance / Creative,Morning Lark,92,TikTok / Reels,31,1,0,40,54.6,6.06,22.5,15.2,4,4.6,Moderate Debt,25-34
Female,Remote Tech,Intermediate,42,Instagram / Reddit,38,1,115,86,35.6,7.66,19.4,14.7,1,1.0,Mild Deficit,25-34
Male,Freelance / Creative,Morning Lark,80,TikTok / Reels,67,1,0,52,60.3,6.63,26.5,17.4,3,4.6,Moderate Debt,35-44
Female,Remote Tech,Morning Lark,32,YouTube,60,1,0,19,25.8,7.59,21.4,20.4,0,1.0,Mild Deficit,25-34
Male,Corporate 9-to-5,Night Owl,29,Instagram / Reddit,63,0,0,0,40.6,5.78,22.3,19.0,3,4.9,Moderate Debt,<25
Male,Remote Tech,Night Owl,59,YouTube,31,0,60,18,49.0,3.95,19.5,12.9,5,9.4,Severe Sleep Debt,35-44
Female,Corporate 9-to-5,Night Owl,114,Instagram / Reddit,58,1,0,49,49.9,3.69,23.7,17.7,5,8.3,Moderate Debt,45-54
Male,Remote Tech,Night Owl,73,TikTok / Reels,42,0,47,27,51.1,4.73,22.7,20.9,4,6.1,Moderate Debt,25-34
Female,Student,Intermediate,56,TikTok / Reels,43,1,0,58,45.1,6.53,23.6,19.7,1,2.4,Moderate Debt,<25
Female,Remote Tech,Night Owl,73,Streaming (Netflix/Hulu),52,1,0,12,27.3,4.81,24.5,17.8,3,3.7,Moderate Debt,<25
Male,Corporate 9-to-5,Intermediate,63,TikTok / Reels,25,0,0,12,46.2,5.23,16.5,17.4,3,5.3,Moderate Debt,25-34
Female,Remote Tech,Intermediate,29,Streaming (Netflix/Hulu),66,1,0,17,18.9,7.85,22.6,22.2,1,1.0,Optimal Recovery,25-34
Male,Corporate 9-to-5,Night Owl,43,YouTube,26,1,250,49,52.5,5.2,17.4,13.8,5,6.6,Moderate Debt,35-44
Male,Student,Morning Lark,19,YouTube,47,0,0,32,29.2,9.0,20.5,17.8,1,1.0,Optimal Recovery,35-44
Male,Healthcare / Shift Worker,Night Owl,65,TikTok / Reels,70,0,0,23,36.9,3.2,20.6,16.9,6,8.3,Moderate Debt,35-44
Male,Freelance / Creative,Intermediate,96,YouTube,25,1,53,53,52.7,5.58,24.3,19.5,3,4.6,Moderate Debt,25-34
Male,Corporate 9-to-5,Morning Lark,105,YouTube,27,1,20,63,47.5,5.96,22.5,20.3,2,4.2,Moderate Debt,45-54
Female,Remote Tech,Morning Lark,41,TikTok / Reels,76,1,40,0,32.7,7.52,25.2,20.5,1,1.0,Mild Deficit,<25
Female,Remote Tech,Morning Lark,28,Instagram / Reddit,34,0,0,58,22.5,8.13,24.0,19.9,0,1.0,Optimal Recovery,25-34
Male,Freelance / Creative,Night Owl,67,TikTok / Reels,74,0,50,31,54.2,3.99,15.3,19.0,5,9.1,Severe Sleep Debt,45-54
Female,Student,Night Owl,18,Streaming (Netflix/Hulu),64,0,0,59,17.0,6.44,25.5,19.5,2,1.0,Moderate Debt,<25
Female,Corporate 9-to-5,Intermediate,14,YouTube,28,0,0,38,9.6,6.72,23.7,18.1,0,1.0,Moderate Debt,<25
Female,Remote Tech,Intermediate,76,Streaming (Netflix/Hulu),58,0,0,54,38.1,6.43,21.1,18.3,3,3.6,Moderate Debt,45-54
Male,Student,Morning Lark,55,Streaming (Netflix/Hulu),64,0,98,10,38.4,8.54,18.4,17.9,2,1.0,Optimal Recovery,25-34
Female,Student,Night Owl,69,TikTok / Reels,27,1,81,15,46.0,6.32,17.1,16.0,2,3.0,Moderate Debt,35-44
Male,Healthcare / Shift Worker,Morning Lark,17,TikTok / Reels,56,0,20,31,22.2,7.7,24.9,15.6,1,1.0,Mild Deficit,<25
Female,Corporate 9-to-5,Night Owl,140,TikTok / Reels,72,0,0,1,90.5,3.2,20.1,16.9,7,10.0,Severe Sleep Debt,35-44
Female,Freelance / Creative,Intermediate,16,TikTok / Reels,53,0,0,10,22.8,8.08,22.9,22.8,1,1.0,Optimal Recovery,25-34
Female,Corporate 9-to-5,Night Owl,112,TikTok / Reels,58,0,141,58,79.3,3.2,18.3,13.9,6,10.0,Severe Sleep Debt,<25
Female,Freelance / Creative,Intermediate,114,Instagram / Reddit,52,1,0,2,57.9,5.45,19.1,19.0,5,6.1,Moderate Debt,35-44
Male,Healthcare / Shift Worker,Intermediate,91,YouTube,75,0,20,15,57.1,4.16,17.9,13.6,6,10.0,Severe Sleep Debt,25-34
Female,Student,Intermediate,73,TikTok / Reels,53,0,139,30,58.4,5.02,15.5,14.9,4,7.7,Moderate Debt,25-34
Female,Student,Night Owl,66,TikTok / Reels,41,1,0,36,37.5,4.33,25.0,20.8,5,5.0,Moderate Debt,<25
Male,Corporate 9-to-5,Night Owl,22,TikTok / Reels,51,0,131,2,37.0,5.81,18.5,15.2,3,4.6,Moderate Debt,<25
Female,Corporate 9-to-5,Intermediate,28,TikTok / Reels,24,0,47,23,34.1,7.29,19.9,15.6,0,1.6,Mild Deficit,25-34
Female,Corporate 9-to-5,Intermediate,39,Instagram / Reddit,10,1,0,35,33.4,7.5,22.6,17.2,1,1.0,Mild Deficit,<25
Female,Corporate 9-to-5,Night Owl,54,Streaming (Netflix/Hulu),38,1,0,46,25.7,6.02,24.7,21.4,2,1.3,Moderate Debt,45-54
Non-Binary,Remote Tech,Night Owl,40,TikTok / Reels,85,1,40,12,48.3,3.81,19.4,20.0,5,8.3,Moderate Debt,<25
Male,Corporate 9-to-5,Intermediate,45,Messaging / Chat,75,1,48,5,29.2,6.52,21.6,24.5,3,3.8,Moderate Debt,25-34
Female,Healthcare / Shift Worker,Morning Lark,22,YouTube,22,0,0,9,18.6,8.12,22.1,13.9,0,1.0,Optimal Recovery,<25
Female,Remote Tech,Morning Lark,121,YouTube,34,0,0,32,67.9,5.69,22.6,18.3,6,6.7,Moderate Debt,25-34
Female,Student,Night Owl,61,TikTok / Reels,43,1,26,24,47.8,5.22,21.7,18.2,5,6.2,Moderate Debt,55+
Female,Student,Morning Lark,139,TikTok / Reels,51,1,23,33,77.0,4.71,23.7,20.2,6,7.5,Moderate Debt,<25
Male,Corporate 9-to-5,Morning Lark,17,Streaming (Netflix/Hulu),34,1,0,30,21.8,8.49,24.1,23.3,1,1.0,Optimal Recovery,55+
Male,Corporate 9-to-5,Morning Lark,19,News / Reading,43,0,77,28,26.2,8.91,18.0,18.1,1,1.0,Optimal Recovery,<25
Female,Corporate 9-to-5,Intermediate,94,Streaming (Netflix/Hulu),75,0,0,29,64.5,6.41,23.3,19.6,4,5.2,Moderate Debt,35-44
Male,Healthcare / Shift Worker,Intermediate,38,TikTok / Reels,35,1,0,43,28.5,6.23,23.3,17.4,4,3.1,Moderate Debt,25-34
Female,Remote Tech,Intermediate,103,TikTok / Reels,66,0,0,58,73.9,3.48,17.5,19.5,5,9.9,Severe Sleep Debt,45-54
Female,Corporate 9-to-5,Morning Lark,86,Instagram / Reddit,70,0,60,38,59.7,7.07,25.4,20.2,4,2.8,Mild Deficit,25-34
Female,Healthcare / Shift Worker,Night Owl,47,Streaming (Netflix/Hulu),100,0,32,46,31.4,4.11,21.0,22.1,3,5.7,Moderate Debt,25-34
Female,Corporate 9-to-5,Night Owl,24,TikTok / Reels,41,1,0,11,27.2,5.79,24.2,19.4,3,3.4,Moderate Debt,<25
Male,Student,Morning Lark,25,Instagram / Reddit,33,1,130,66,40.8,8.03,19.5,14.6,2,1.2,Optimal Recovery,<25
Female,Remote Tech,Morning Lark,32,Instagram / Reddit,21,1,78,46,37.6,7.02,22.5,19.3,1,1.0,Mild Deficit,45-54
Female,Student,Intermediate,52,Instagram / Reddit,68,1,0,69,36.0,7.26,27.0,24.6,2,1.0,Mild Deficit,25-34
Male,Freelance / Creative,Night Owl,73,YouTube,64,1,38,30,44.2,4.82,24.0,22.1,4,4.7,Moderate Debt,25-34
Male,Student,Night Owl,25,Streaming (Netflix/Hulu),53,0,0,30,14.6,6.22,25.9,18.5,2,1.0,Moderate Debt,35-44
Male,Remote Tech,Night Owl,27,TikTok / Reels,61,1,0,6,32.4,6.31,20.2,20.8,3,3.3,Moderate Debt,25-34
Male,Corporate 9-to-5,Night Owl,26,Streaming (Netflix/Hulu),57,0,0,53,26.0,5.74,25.1,26.2,3,3.2,Moderate Debt,55+
Female,Healthcare / Shift Worker,Morning Lark,180,Messaging / Chat,47,1,0,5,76.8,4.09,16.7,23.6,7,10.0,Severe Sleep Debt,35-44
Male,Remote Tech,Morning Lark,35,Messaging / Chat,48,1,139,39,25.5,9.43,17.2,15.6,0,1.0,Optimal Recovery,35-44
Male,Corporate 9-to-5,Intermediate,64,TikTok / Reels,53,0,0,58,49.6,5.9,23.0,17.7,4,4.5,Moderate Debt,45-54
Male,Student,Night Owl,90,Instagram / Reddit,100,1,0,30,43.6,5.06,19.7,20.6,6,7.0,Moderate Debt,<25
Male,Corporate 9-to-5,Intermediate,28,News / Reading,73,0,179,32,30.2,8.0,18.5,15.7,1,1.9,Optimal Recovery,25-34
Female,Corporate 9-to-5,Night Owl,70,Streaming (Netflix/Hulu),32,1,0,78,34.7,3.92,24.5,20.3,4,5.6,Moderate Debt,25-34
Male,Freelance / Creative,Night Owl,70,TikTok / Reels,63,1,0,0,51.1,3.88,19.2,18.7,5,7.1,Moderate Debt,25-34
Female,Remote Tech,Night Owl,25,Messaging / Chat,55,0,0,31,35.6,6.31,23.5,20.9,2,3.5,Moderate Debt,35-44
Female,Corporate 9-to-5,Morning Lark,36,YouTube,91,0,0,11,30.4,8.56,23.3,18.5,0,1.0,Optimal Recovery,45-54
Female,Student,Morning Lark,70,TikTok / Reels,80,0,0,47,62.8,7.23,23.4,23.7,2,2.7,Mild Deficit,25-34
Male,Healthcare / Shift Worker,Night Owl,45,YouTube,53,0,58,63,38.1,3.21,24.2,18.1,6,10.0,Severe Sleep Debt,25-34
Female,Corporate 9-to-5,Morning Lark,96,TikTok / Reels,54,0,68,10,75.8,6.21,14.8,20.6,3,6.1,Moderate Debt,55+
Male,Student,Morning Lark,18,TikTok / Reels,32,0,0,48,30.4,8.33,24.0,21.4,3,1.0,Optimal Recovery,25-34
Female,Student,Night Owl,103,Instagram / Reddit,68,1,22,42,59.5,5.22,20.0,19.2,5,7.8,Moderate Debt,25-34
Male,Corporate 9-to-5,Night Owl,47,Instagram / Reddit,78,0,0,53,37.9,5.98,26.0,15.0,4,3.1,Moderate Debt,25-34
Female,Remote Tech,Morning Lark,41,News / Reading,57,1,0,25,36.9,8.73,22.0,20.2,2,1.0,Optimal Recovery,45-54
Male,Corporate 9-to-5,Night Owl,75,Streaming (Netflix/Hulu),60,0,0,60,46.1,5.23,28.0,20.6,5,4.5,Moderate Debt,35-44
Male,Student,Morning Lark,43,Messaging / Chat,48,1,89,51,34.4,7.88,22.7,20.5,2,1.0,Optimal Recovery,35-44
Female,Healthcare / Shift Worker,Intermediate,55,Instagram / Reddit,73,0,0,35,34.3,5.4,23.7,18.5,4,5.2,Moderate Debt,45-54
Female,Corporate 9-to-5,Intermediate,85,TikTok / Reels,28,0,99,31,64.9,6.89,18.6,15.6,4,4.4,Mild Deficit,25-34
Male,Healthcare / Shift Worker,Night Owl,63,Streaming (Netflix/Hulu),33,0,31,51,30.4,3.56,24.7,19.1,5,7.2,Moderate Debt,25-34
Male,Student,Morning Lark,92,Streaming (Netflix/Hulu),74,1,0,47,53.6,8.03,20.3,21.1,2,1.9,Optimal Recovery,45-54
Male,Corporate 9-to-5,Intermediate,40,YouTube,27,1,0,27,32.1,7.87,24.9,21.0,0,1.0,Optimal Recovery,25-34
Female,Student,Morning Lark,63,YouTube,42,1,66,0,34.8,7.3,20.0,17.6,2,2.2,Mild Deficit,35-44
Male,Corporate 9-to-5,Night Owl,125,YouTube,49,1,0,0,55.7,4.21,13.8,18.9,4,7.4,Moderate Debt,55+
Female,Freelance / Creative,Intermediate,15,Instagram / Reddit,64,0,20,61,20.3,7.4,23.7,18.0,2,1.0,Mild Deficit,35-44
Male,Remote Tech,Intermediate,66,TikTok / Reels,58,1,0,18,48.0,7.02,22.0,19.2,2,2.0,Mild Deficit,35-44
Male,Student,Morning Lark,81,Messaging / Chat,10,1,0,11,42.5,8.89,20.8,23.0,1,1.0,Optimal Recovery,45-54
Female,Student,Intermediate,117,Instagram / Reddit,67,1,0,33,65.8,6.32,22.4,24.0,5,6.2,Moderate Debt,45-54
Male,Remote Tech,Intermediate,65,Instagram / Reddit,51,0,97,40,65.0,5.96,18.4,18.3,4,5.4,Moderate Debt,25-34
Male,Healthcare / Shift Worker,Night Owl,70,TikTok / Reels,76,1,20,19,48.0,3.22,23.6,18.7,6,8.8,Severe Sleep Debt,<25
Male,Student,Intermediate,32,YouTube,36,1,63,0,28.9,7.52,21.3,19.9,2,1.0,Mild Deficit,25-34
Female,Freelance / Creative,Night Owl,106,News / Reading,87,0,46,27,53.0,4.02,18.8,23.6,5,8.8,Severe Sleep Debt,35-44
Female,Remote Tech,Intermediate,76,YouTube,31,0,0,11,53.3,5.45,19.4,14.0,4,4.1,Moderate Debt,25-34
Male,Corporate 9-to-5,Intermediate,31,YouTube,46,0,0,7,23.1,7.75,24.3,17.2,2,1.0,Optimal Recovery,35-44
Female,Freelance / Creative,Intermediate,29,YouTube,80,0,0,52,38.8,7.01,24.5,23.0,2,1.2,Mild Deficit,25-34
Female,Student,Intermediate,43,YouTube,100,0,93,5,58.3,6.39,21.3,16.1,3,4.5,Moderate Debt,35-44
Non-Binary,Student,Night Owl,53,Instagram / Reddit,32,1,0,49,50.7,4.41,22.4,19.2,4,5.9,Moderate Debt,<25
Female,Freelance / Creative,Night Owl,49,YouTube,100,1,0,46,29.6,6.01,22.0,20.6,2,3.8,Moderate Debt,35-44
Non-Binary,Corporate 9-to-5,Intermediate,50,Streaming (Netflix/Hulu),10,0,0,34,23.9,7.79,24.8,20.4,2,1.0,Optimal Recovery,25-34
Female,Remote Tech,Morning Lark,42,YouTube,70,0,84,62,42.5,7.95,21.7,17.5,1,1.1,Optimal Recovery,<25
Female,Corporate 9-to-5,Morning Lark,50,TikTok / Reels,90,1,27,56,39.7,8.18,22.0,14.6,0,1.0,Optimal Recovery,25-34
Male,Student,Intermediate,93,News / Reading,34,1,0,1,37.9,6.35,17.0,19.4,3,4.9,Moderate Debt,35-44
Male,Healthcare / Shift Worker,Night Owl,75,YouTube,80,1,75,36,41.0,3.41,21.9,20.2,5,9.7,Severe Sleep Debt,25-34
Male,Freelance / Creative,Night Owl,17,YouTube,45,0,113,32,24.9,5.84,20.2,17.8,3,3.6,Moderate Debt,<25
Male,Remote Tech,Morning Lark,99,TikTok / Reels,40,0,0,62,62.0,5.78,22.4,21.7,5,4.6,Moderate Debt,55+
Male,Healthcare / Shift Worker,Morning Lark,64,News / Reading,28,0,0,0,24.2,6.49,18.6,22.8,3,3.3,Moderate Debt,35-44
Female,Freelance / Creative,Intermediate,24,News / Reading,53,0,175,36,32.8,7.78,21.0,16.8,3,2.6,Optimal Recovery,55+
Female,Student,Night Owl,55,YouTube,58,1,0,38,39.5,4.09,22.1,21.1,4,7.6,Moderate Debt,25-34
Female,Corporate 9-to-5,Intermediate,31,TikTok / Reels,31,0,0,60,20.2,7.24,28.0,19.1,0,1.0,Mild Deficit,25-34
Male,Student,Intermediate,31,Streaming (Netflix/Hulu),83,1,0,39,16.6,6.71,22.9,20.6,2,1.6,Moderate Debt,45-54
Female,Freelance / Creative,Intermediate,42,YouTube,43,0,146,43,46.2,6.75,21.6,14.5,2,3.4,Mild Deficit,25-34
Female,Freelance / Creative,Morning Lark,99,Streaming (Netflix/Hulu),54,1,0,71,42.6,6.22,26.0,16.3,3,2.3,Moderate Debt,35-44
Female,Student,Intermediate,7,Messaging / Chat,60,1,0,28,15.5,7.7,20.5,19.7,2,1.0,Mild Deficit,25-34
Female,Healthcare / Shift Worker,Night Owl,35,Streaming (Netflix/Hulu),100,0,170,36,38.7,3.59,19.9,15.1,4,7.7,Moderate Debt,25-34
Female,Corporate 9-to-5,Night Owl,78,Streaming (Netflix/Hulu),81,1,0,45,36.1,5.29,18.7,20.2,5,4.5,Moderate Debt,<25
Male,Corporate 9-to-5,Intermediate,167,TikTok / Reels,71,0,28,13,99.1,4.5,16.5,17.9,7,10.0,Severe Sleep Debt,<25
Female,Freelance / Creative,Morning Lark,180,Messaging / Chat,46,0,0,3,87.6,4.42,16.9,23.4,5,9.3,Severe Sleep Debt,<25
Male,Corporate 9-to-5,Intermediate,44,TikTok / Reels,62,1,0,42,42.6,6.58,22.8,18.6,3,2.7,Moderate Debt,<25
Male,Corporate 9-to-5,Night Owl,21,YouTube,65,1,0,37,12.5,6.15,22.2,19.5,2,2.1,Moderate Debt,55+
Female,Remote Tech,Morning Lark,67,Streaming (Netflix/Hulu),54,0,0,76,23.7,7.18,23.8,22.2,1,1.0,Mild Deficit,25-34
Male,Remote Tech,Night Owl,75,Instagram / Reddit,74,1,0,30,30.2,4.79,22.3,23.5,4,5.6,Moderate Debt,35-44
Female,Student,Night Owl,95,Messaging / Chat,100,1,0,45,51.9,4.02,16.8,17.3,6,8.1,Moderate Debt,45-54
Male,Corporate 9-to-5,Intermediate,67,Messaging / Chat,33,0,128,10,49.4,6.78,21.5,19.0,2,2.6,Mild Deficit,25-34
Non-Binary,Freelance / Creative,Intermediate,20,Instagram / Reddit,63,1,0,23,11.5,7.12,22.9,21.4,2,1.0,Mild Deficit,<25
Male,Freelance / Creative,Night Owl,8,YouTube,63,1,182,70,44.9,7.11,20.0,18.8,1,1.3,Mild Deficit,35-44
Male,Remote Tech,Intermediate,104,Streaming (Netflix/Hulu),50,1,0,7,50.3,6.01,21.3,21.8,2,3.3,Moderate Debt,35-44
Female,Remote Tech,Morning Lark,88,TikTok / Reels,42,1,0,49,52.3,6.76,23.7,18.8,4,3.4,Mild Deficit,35-44
Female,Student,Morning Lark,25,YouTube,41,1,20,63,22.4,7.65,28.0,17.1,1,1.0,Mild Deficit,35-44
Male,Student,Morning Lark,24,Streaming (Netflix/Hulu),100,1,0,31,31.8,7.06,23.8,24.1,0,1.0,Mild Deficit,55+
Female,Remote Tech,Night Owl,145,News / Reading,58,1,20,11,48.1,5.25,19.0,23.2,5,5.6,Moderate Debt,35-44
Female,Remote Tech,Intermediate,96,Instagram / Reddit,75,1,79,60,66.8,5.62,20.5,13.1,4,6.0,Moderate Debt,25-34
Female,Corporate 9-to-5,Intermediate,43,YouTube,49,0,0,57,25.0,7.0,22.0,21.6,1,1.3,Mild Deficit,35-44
Male,Corporate 9-to-5,Night Owl,29,Streaming (Netflix/Hulu),64,0,51,34,22.0,6.26,23.5,20.3,2,1.0,Moderate Debt,<25
Female,Remote Tech,Intermediate,42,News / Reading,65,1,0,46,20.0,7.74,27.3,17.4,0,1.0,Mild Deficit,45-54
Male,Student,Night Owl,35,TikTok / Reels,50,1,102,21,36.6,4.82,22.3,17.6,3,4.9,Moderate Debt,<25
Female,Student,Intermediate,75,TikTok / Reels,60,0,42,21,53.0,7.07,20.2,15.2,2,3.8,Mild Deficit,25-34
Female,Student,Intermediate,60,YouTube,81,1,0,35,28.6,6.89,22.3,20.3,2,1.9,Mild Deficit,45-54
Male,Remote Tech,Intermediate,33,Instagram / Reddit,33,0,102,35,34.3,8.15,23.5,18.3,1,1.0,Optimal Recovery,35-44
Female,Student,Night Owl,80,TikTok / Reels,60,0,0,6,67.5,4.78,21.3,17.0,4,8.0,Moderate Debt,25-34
Male,Corporate 9-to-5,Night Owl,30,Instagram / Reddit,66,1,0,21,29.7,5.71,22.6,19.9,4,4.1,Moderate Debt,25-34
Female,Remote Tech,Morning Lark,33,Streaming (Netflix/Hulu),71,0,0,8,26.0,8.27,18.9,19.9,1,1.0,Optimal Recovery,45-54
Female,Healthcare / Shift Worker,Night Owl,45,YouTube,74,0,0,53,38.4,3.67,23.5,22.2,6,7.8,Moderate Debt,25-34
Female,Student,Night Owl,97,News / Reading,69,0,92,45,46.8,4.91,20.0,19.1,4,7.5,Moderate Debt,45-54
Male,Remote Tech,Morning Lark,31,YouTube,79,1,0,45,27.7,8.51,20.8,18.1,1,1.0,Optimal Recovery,<25
Male,Student,Morning Lark,86,TikTok / Reels,47,1,0,0,62.8,6.83,14.4,16.1,3,4.5,Mild Deficit,35-44
Male,Freelance / Creative,Intermediate,144,Instagram / Reddit,84,1,0,9,86.1,4.52,17.4,24.0,5,8.3,Moderate Debt,45-54
Female,Remote Tech,Intermediate,37,Messaging / Chat,57,1,88,42,26.9,6.75,21.2,14.9,2,1.0,Mild Deficit,<25
Male,Healthcare / Shift Worker,Intermediate,91,TikTok / Reels,72,0,0,63,59.9,4.21,24.8,18.4,5,8.7,Severe Sleep Debt,25-34
Female,Freelance / Creative,Intermediate,103,TikTok / Reels,29,1,181,44,66.6,6.13,18.4,20.2,4,6.4,Moderate Debt,<25
Male,Student,Intermediate,180,Streaming (Netflix/Hulu),68,0,40,50,80.6,3.51,20.3,18.0,7,10.0,Severe Sleep Debt,35-44
Male,Remote Tech,Morning Lark,69,YouTube,58,1,0,47,51.1,8.3,22.2,24.6,3,1.7,Optimal Recovery,25-34
Male,Corporate 9-to-5,Morning Lark,47,Streaming (Netflix/Hulu),49,0,0,45,29.4,8.8,18.5,25.4,0,1.0,Optimal Recovery,35-44
Female,Remote Tech,Intermediate,125,YouTube,81,0,84,34,74.6,4.94,12.9,16.5,6,9.7,Severe Sleep Debt,<25
Male,Remote Tech,Intermediate,81,Instagram / Reddit,59,1,91,14,47.0,5.79,20.4,19.3,3,4.4,Moderate Debt,<25
Female,Healthcare / Shift Worker,Intermediate,76,YouTube,59,1,106,54,54.5,4.81,22.0,16.1,4,7.8,Moderate Debt,<25
Male,Remote Tech,Night Owl,71,TikTok / Reels,26,0,86,48,56.6,5.89,22.0,15.2,4,6.0,Moderate Debt,25-34
Female,Freelance / Creative,Morning Lark,148,YouTube,41,0,37,44,76.0,6.11,19.5,21.2,3,6.8,Moderate Debt,25-34
Female,Corporate 9-to-5,Morning Lark,35,YouTube,59,1,0,40,28.6,8.67,22.8,19.9,0,1.0,Optimal Recovery,45-54
Female,Student,Morning Lark,92,Messaging / Chat,42,1,0,20,44.0,7.8,26.4,19.1,0,1.0,Optimal Recovery,35-44
Female,Remote Tech,Intermediate,71,Streaming (Netflix/Hulu),84,1,49,61,46.3,5.6,22.1,21.7,3,3.4,Moderate Debt,25-34
Female,Remote Tech,Night Owl,108,Streaming (Netflix/Hulu),49,1,39,0,52.3,3.46,17.3,19.9,5,8.6,Severe Sleep Debt,55+
Male,Healthcare / Shift Worker,Intermediate,34,YouTube,36,1,0,30,26.1,5.16,26.1,17.1,3,2.4,Moderate Debt,35-44
Male,Corporate 9-to-5,Intermediate,21,Streaming (Netflix/Hulu),33,0,0,60,13.4,6.42,26.0,20.0,2,1.5,Moderate Debt,55+
Male,Corporate 9-to-5,Intermediate,148,TikTok / Reels,52,1,0,32,97.0,4.57,22.8,19.7,7,8.8,Severe Sleep Debt,25-34
Male,Remote Tech,Intermediate,14,TikTok / Reels,72,0,103,33,24.4,7.38,22.1,16.6,1,1.0,Mild Deficit,25-34
Female,Remote Tech,Intermediate,32,TikTok / Reels,36,0,0,19,26.0,7.92,24.3,20.2,0,1.0,Optimal Recovery,<25
Male,Healthcare / Shift Worker,Intermediate,17,Streaming (Netflix/Hulu),34,0,0,74,22.3,7.39,22.0,21.9,2,1.0,Mild Deficit,35-44
Female,Freelance / Creative,Morning Lark,98,YouTube,43,1,0,59,61.7,6.49,21.2,19.8,3,3.7,Moderate Debt,<25
Male,Corporate 9-to-5,Night Owl,26,YouTube,54,0,0,79,21.6,6.13,22.4,20.7,2,2.0,Moderate Debt,25-34
Female,Remote Tech,Intermediate,66,Messaging / Chat,34,0,25,30,40.8,6.1,18.0,22.0,2,3.0,Moderate Debt,25-34
Female,Student,Intermediate,26,Instagram / Reddit,57,0,0,9,24.3,7.27,21.9,17.9,1,1.0,Mild Deficit,35-44
Female,Freelance / Creative,Intermediate,20,Streaming (Netflix/Hulu),86,0,0,0,8.7,7.81,16.3,21.5,1,1.0,Optimal Recovery,35-44
Female,Freelance / Creative,Night Owl,141,News / Reading,55,0,169,62,66.7,3.2,15.8,14.7,5,10.0,Severe Sleep Debt,<25
Female,Student,Morning Lark,80,YouTube,47,0,0,41,43.9,7.06,21.3,23.7,2,1.3,Mild Deficit,25-34
Female,Remote Tech,Morning Lark,41,Messaging / Chat,77,1,0,35,23.6,9.34,21.6,20.9,0,1.0,Optimal Recovery,35-44
Male,Corporate 9-to-5,Intermediate,56,Instagram / Reddit,32,1,0,15,43.4,7.1,19.6,20.3,3,3.1,Mild Deficit,55+
Male,Remote Tech,Intermediate,21,TikTok / Reels,66,1,0,52,19.6,7.49,25.6,17.1,1,1.0,Mild Deficit,35-44
Female,Remote Tech,Morning Lark,166,Messaging / Chat,56,0,70,35,85.2,4.6,21.5,16.0,6,9.3,Severe Sleep Debt,45-54
Female,Student,Night Owl,31,News / Reading,89,0,90,37,35.0,6.12,18.6,23.6,3,3.8,Moderate Debt,35-44
Male,Student,Intermediate,86,Instagram / Reddit,80,0,31,0,66.0,6.04,14.9,15.8,4,6.9,Moderate Debt,35-44
Female,Student,Night Owl,17,YouTube,16,0,131,63,25.6,5.8,21.0,17.3,3,3.8,Moderate Debt,<25
Male,Remote Tech,Intermediate,61,Instagram / Reddit,59,0,21,30,43.8,7.66,25.9,17.5,2,1.0,Mild Deficit,35-44
Female,Student,Night Owl,72,News / Reading,26,1,161,30,41.1,5.51,21.0,14.0,2,3.6,Moderate Debt,35-44
Male,Corporate 9-to-5,Intermediate,51,News / Reading,78,1,28,37,32.3,6.48,22.3,19.8,1,1.9,Moderate Debt,35-44
Male,Corporate 9-to-5,Intermediate,85,TikTok / Reels,36,0,45,50,69.8,6.27,22.1,18.7,4,5.8,Moderate Debt,25-34
Male,Corporate 9-to-5,Night Owl,42,Streaming (Netflix/Hulu),71,1,55,33,31.9,5.41,24.2,22.0,3,3.2,Moderate Debt,25-34
Male,Healthcare / Shift Worker,Morning Lark,32,Instagram / Reddit,78,1,24,43,39.4,6.36,21.8,17.0,2,3.2,Moderate Debt,25-34
Female,Corporate 9-to-5,Night Owl,53,TikTok / Reels,19,0,48,2,39.9,5.15,20.6,20.4,4,6.8,Moderate Debt,25-34
Female,Healthcare / Shift Worker,Intermediate,22,YouTube,84,1,0,32,21.4,5.46,24.9,20.3,3,3.2,Moderate Debt,<25
Male,Corporate 9-to-5,Night Owl,22,TikTok / Reels,77,1,0,39,23.1,5.86,25.5,18.7,3,3.3,Moderate Debt,45-54
Male,Remote Tech,Intermediate,31,Streaming (Netflix/Hulu),34,0,34,29,30.5,7.03,24.5,17.2,0,1.0,Mild Deficit,<25
Female,Freelance / Creative,Night Owl,128,TikTok / Reels,78,1,0,64,84.0,4.03,23.6,18.6,6,10.0,Severe Sleep Debt,<25
Male,Remote Tech,Morning Lark,48,Messaging / Chat,31,1,0,24,28.3,8.13,21.6,21.0,0,1.0,Optimal Recovery,25-34
Female,Corporate 9-to-5,Intermediate,177,News / Reading,73,1,0,52,55.3,4.81,19.6,20.2,6,8.3,Moderate Debt,35-44
Female,Corporate 9-to-5,Night Owl,46,TikTok / Reels,53,0,0,33,47.3,6.37,19.3,17.9,3,3.5,Moderate Debt,25-34
Male,Freelance / Creative,Night Owl,32,Instagram / Reddit,27,1,0,48,28.0,6.89,23.4,18.8,1,1.1,Mild Deficit,25-34
Female,Remote Tech,Morning Lark,138,Instagram / Reddit,85,0,20,60,85.4,5.21,21.4,17.3,5,9.4,Severe Sleep Debt,25-34
Male,Remote Tech,Intermediate,31,Messaging / Chat,84,0,93,50,41.1,6.84,24.5,18.1,2,3.0,Mild Deficit,25-34
Female,Remote Tech,Intermediate,45,Messaging / Chat,59,0,0,13,40.3,6.72,20.8,21.5,2,2.6,Moderate Debt,55+
Female,Remote Tech,Morning Lark,20,Streaming (Netflix/Hulu),55,0,0,46,27.0,8.63,21.2,18.7,0,1.0,Optimal Recovery,45-54
Male,Corporate 9-to-5,Intermediate,113,News / Reading,47,0,63,50,43.5,6.03,19.3,23.8,1,4.1,Moderate Debt,25-34
Male,Student,Night Owl,50,TikTok / Reels,66,1,0,36,34.3,4.3,20.5,20.1,3,5.6,Moderate Debt,25-34
Female,Student,Intermediate,110,YouTube,63,0,0,32,67.8,5.43,16.9,22.6,4,6.5,Moderate Debt,35-44
Female,Corporate 9-to-5,Intermediate,73,Streaming (Netflix/Hulu),86,0,55,56,54.5,6.38,16.2,23.0,4,5.7,Moderate Debt,<25
Female,Healthcare / Shift Worker,Night Owl,49,TikTok / Reels,59,1,0,19,43.1,3.45,20.3,17.2,4,7.4,Moderate Debt,25-34
Female,Healthcare / Shift Worker,Morning Lark,65,Messaging / Chat,83,0,0,24,36.8,5.38,16.9,17.7,3,4.3,Moderate Debt,25-34
Male,Freelance / Creative,Intermediate,121,Streaming (Netflix/Hulu),18,1,22,42,57.8,5.98,19.8,20.3,3,4.5,Moderate Debt,45-54
Male,Corporate 9-to-5,Night Owl,56,YouTube,71,1,66,50,39.3,4.56,22.1,24.0,3,5.6,Moderate Debt,<25
Female,Corporate 9-to-5,Night Owl,45,YouTube,59,0,0,29,40.4,4.56,21.9,16.5,5,7.1,Moderate Debt,25-34
Female,Healthcare / Shift Worker,Night Owl,10,TikTok / Reels,62,1,23,65,16.7,5.55,28.0,18.3,3,3.3,Moderate Debt,35-44
Male,Corporate 9-to-5,Night Owl,71,TikTok / Reels,91,1,0,0,55.3,4.24,23.5,21.4,5,7.5,Moderate Debt,25-34
Male,Corporate 9-to-5,Morning Lark,50,YouTube,77,0,46,23,36.6,8.0,22.3,17.5,0,1.0,Optimal Recovery,<25
Male,Healthcare / Shift Worker,Intermediate,133,Messaging / Chat,48,1,0,24,64.0,3.67,23.5,26.6,6,9.0,Severe Sleep Debt,55+
Male,Corporate 9-to-5,Night Owl,20,Instagram / Reddit,38,0,20,35,23.8,5.07,22.9,23.0,3,4.2,Moderate Debt,25-34
Female,Remote Tech,Morning Lark,72,Instagram / Reddit,17,1,82,37,41.2,7.0,23.1,19.6,2,2.0,Mild Deficit,35-44
Female,Remote Tech,Morning Lark,15,TikTok / Reels,64,0,0,70,20.9,8.61,25.6,19.6,1,1.0,Optimal Recovery,25-34
Male,Healthcare / Shift Worker,Night Owl,43,TikTok / Reels,80,0,107,0,45.5,5.2,19.5,15.5,4,6.5,Moderate Debt,25-34
Male,Corporate 9-to-5,Night Owl,126,News / Reading,80,0,56,44,53.2,3.25,16.1,17.5,5,9.3,Severe Sleep Debt,25-34
Female,Healthcare / Shift Worker,Intermediate,125,TikTok / Reels,47,0,79,55,78.6,4.15,20.5,16.3,6,9.7,Severe Sleep Debt,<25
Female,Student,Night Owl,70,TikTok / Reels,80,0,0,50,46.0,4.77,23.3,20.8,3,5.9,Moderate Debt,<25
Female,Remote Tech,Night Owl,70,Streaming (Netflix/Hulu),80,1,55,17,47.5,4.87,17.6,21.4,6,7.0,Moderate Debt,45-54
Male,Corporate 9-to-5,Night Owl,93,YouTube,74,0,42,39,65.5,3.2,20.1,14.9,6,9.9,Severe Sleep Debt,25-34
Female,Corporate 9-to-5,Night Owl,50,TikTok / Reels,56,1,0,37,41.7,4.52,26.7,19.0,6,6.7,Moderate Debt,<25
Female,Student,Intermediate,46,News / Reading,54,0,60,30,32.8,6.38,22.7,22.5,1,2.6,Moderate Debt,25-34
Male,Remote Tech,Night Owl,20,Streaming (Netflix/Hulu),66,1,0,57,23.7,5.68,23.9,24.3,2,3.9,Moderate Debt,35-44
Female,Freelance / Creative,Intermediate,56,TikTok / Reels,69,1,0,75,41.6,6.8,26.7,21.6,2,1.0,Mild Deficit,<25
Female,Remote Tech,Night Owl,22,Messaging / Chat,46,0,0,24,24.2,6.34,24.3,21.7,2,2.3,Moderate Debt,35-44
Female,Remote Tech,Night Owl,40,TikTok / Reels,48,0,124,38,39.4,5.57,19.9,13.5,4,4.9,Moderate Debt,<25
Female,Remote Tech,Morning Lark,97,YouTube,60,0,0,7,66.4,6.57,15.3,20.9,3,4.8,Moderate Debt,<25
Female,Healthcare / Shift Worker,Morning Lark,67,Streaming (Netflix/Hulu),43,1,0,32,35.7,6.02,23.7,22.2,4,5.3,Moderate Debt,<25
Male,Remote Tech,Intermediate,30,News / Reading,45,0,20,22,20.2,7.37,22.7,21.9,0,1.0,Mild Deficit,45-54
Male,Corporate 9-to-5,Night Owl,39,YouTube,20,1,0,66,26.3,5.6,24.5,21.7,3,3.7,Moderate Debt,<25
Female,Healthcare / Shift Worker,Night Owl,58,TikTok / Reels,35,0,64,66,48.3,3.2,17.9,18.1,6,9.0,Severe Sleep Debt,<25
Female,Remote Tech,Intermediate,77,Instagram / Reddit,70,1,20,19,37.9,5.77,22.8,19.4,4,4.2,Moderate Debt,25-34
Male,Remote Tech,Intermediate,27,News / Reading,75,1,0,30,19.5,7.55,20.8,20.4,2,1.0,Mild Deficit,45-54
Female,Student,Night Owl,116,Instagram / Reddit,54,0,0,20,57.8,3.2,21.1,17.6,6,8.2,Moderate Debt,25-34
Female,Student,Intermediate,54,Streaming (Netflix/Hulu),71,1,0,40,22.5,6.52,25.2,20.2,2,1.8,Moderate Debt,25-34
Male,Corporate 9-to-5,Morning Lark,27,TikTok / Reels,10,0,36,50,24.6,7.98,22.4,19.4,0,1.0,Optimal Recovery,<25
Female,Corporate 9-to-5,Intermediate,32,Streaming (Netflix/Hulu),64,0,0,22,21.0,7.19,20.8,22.5,0,1.0,Mild Deficit,25-34
Female,Healthcare / Shift Worker,Night Owl,112,Messaging / Chat,26,0,87,24,72.9,3.54,23.1,19.3,6,9.9,Severe Sleep Debt,35-44
Female,Corporate 9-to-5,Night Owl,79,YouTube,38,1,0,66,42.9,4.41,17.5,19.0,3,7.5,Moderate Debt,35-44
Female,Student,Intermediate,99,TikTok / Reels,68,0,20,31,69.3,5.96,18.1,15.4,4,6.0,Moderate Debt,25-34
Female,Corporate 9-to-5,Morning Lark,68,YouTube,71,1,0,14,34.9,8.65,17.0,20.7,0,1.0,Optimal Recovery,25-34
Female,Remote Tech,Intermediate,6,TikTok / Reels,17,0,0,44,14.2,8.07,19.3,17.2,0,1.0,Optimal Recovery,<25
Female,Corporate 9-to-5,Night Owl,28,YouTube,22,1,98,18,32.8,5.72,23.3,17.7,2,2.8,Moderate Debt,25-34
Male,Remote Tech,Intermediate,114,TikTok / Reels,42,1,145,26,80.3,5.44,21.9,19.1,4,6.2,Moderate Debt,<25
Female,Student,Intermediate,25,YouTube,19,1,0,33,34.8,8.13,21.8,23.3,1,1.0,Optimal Recovery,35-44
Female,Corporate 9-to-5,Morning Lark,57,Messaging / Chat,47,0,0,25,45.2,7.5,23.8,17.9,2,1.7,Mild Deficit,55+
Male,Remote Tech,Night Owl,19,Instagram / Reddit,72,0,220,58,42.1,5.04,17.4,15.4,2,4.8,Moderate Debt,55+
Male,Freelance / Creative,Intermediate,40,News / Reading,24,0,0,54,24.8,6.55,22.0,21.3,2,2.3,Moderate Debt,45-54
Female,Remote Tech,Morning Lark,42,Streaming (Netflix/Hulu),95,1,0,44,28.1,8.4,24.8,15.5,1,1.0,Optimal Recovery,35-44
Female,Healthcare / Shift Worker,Night Owl,24,YouTube,50,1,0,26,17.7,4.99,21.2,14.3,1,4.1,Moderate Debt,35-44
Female,Freelance / Creative,Night Owl,31,TikTok / Reels,62,0,0,23,23.7,5.68,23.2,17.9,2,2.4,Moderate Debt,25-34
Male,Freelance / Creative,Intermediate,63,Streaming (Netflix/Hulu),34,1,0,47,33.0,6.33,20.8,20.9,1,2.7,Moderate Debt,35-44
Female,Healthcare / Shift Worker,Intermediate,37,YouTube,76,0,0,36,21.1,5.34,21.4,22.9,2,3.9,Moderate Debt,25-34
Female,Corporate 9-to-5,Intermediate,180,News / Reading,60,1,104,60,66.7,4.4,19.3,20.9,4,6.6,Moderate Debt,25-34
Female,Freelance / Creative,Morning Lark,81,TikTok / Reels,60,1,0,38,47.5,8.35,19.2,17.9,1,1.0,Optimal Recovery,35-44
Female,Healthcare / Shift Worker,Morning Lark,86,TikTok / Reels,63,0,36,39,51.3,5.78,20.7,19.2,3,4.3,Moderate Debt,25-34
Female,Healthcare / Shift Worker,Intermediate,100,TikTok / Reels,29,0,76,32,62.0,5.28,22.3,17.8,4,6.1,Moderate Debt,25-34
Female,Corporate 9-to-5,Morning Lark,70,Streaming (Netflix/Hulu),63,0,0,37,36.9,7.86,23.1,20.6,1,1.0,Optimal Recovery,55+
Male,Freelance / Creative,Night Owl,33,Streaming (Netflix/Hulu),69,1,102,36,38.2,5.45,20.1,19.0,3,5.4,Moderate Debt,<25
Male,Student,Morning Lark,85,TikTok / Reels,24,1,0,40,72.3,5.78,22.2,17.5,3,5.4,Moderate Debt,25-34
Female,Student,Intermediate,44,Streaming (Netflix/Hulu),50,1,118,23,46.9,7.36,19.6,14.9,3,3.1,Mild Deficit,45-54
Female,Corporate 9-to-5,Intermediate,21,TikTok / Reels,49,0,20,11,20.1,7.43,19.8,17.0,2,1.0,Mild Deficit,35-44
Female,Corporate 9-to-5,Intermediate,74,Instagram / Reddit,56,1,0,16,35.4,6.56,22.9,19.9,3,1.7,Moderate Debt,25-34
Female,Freelance / Creative,Intermediate,69,TikTok / Reels,69,1,0,59,51.1,5.72,25.4,22.8,4,4.8,Moderate Debt,25-34
Male,Remote Tech,Night Owl,86,YouTube,71,1,0,32,42.2,4.84,23.6,19.0,3,5.4,Moderate Debt,25-34
Non-Binary,Remote Tech,Intermediate,50,Instagram / Reddit,53,0,0,25,31.3,7.91,27.8,20.8,0,1.0,Optimal Recovery,45-54
Female,Healthcare / Shift Worker,Night Owl,93,TikTok / Reels,74,1,0,51,57.1,3.2,26.0,21.6,4,8.9,Severe Sleep Debt,25-34
Female,Corporate 9-to-5,Intermediate,25,Streaming (Netflix/Hulu),27,1,0,26,20.5,8.0,22.1,22.6,0,1.0,Optimal Recovery,25-34
Female,Remote Tech,Morning Lark,15,YouTube,60,1,20,32,18.7,8.89,22.5,22.1,2,1.0,Optimal Recovery,<25
Male,Remote Tech,Intermediate,57,Instagram / Reddit,15,1,68,18,38.3,6.03,20.7,17.0,3,4.1,Moderate Debt,<25
Male,Corporate 9-to-5,Intermediate,37,Instagram / Reddit,45,1,0,47,26.3,6.61,23.0,19.6,3,1.1,Moderate Debt,55+
Male,Corporate 9-to-5,Night Owl,29,Instagram / Reddit,65,1,0,18,28.2,5.44,23.3,15.4,3,3.5,Moderate Debt,25-34
Male,Corporate 9-to-5,Night Owl,46,Instagram / Reddit,69,0,94,0,40.4,5.28,18.1,16.0,5,7.8,Moderate Debt,35-44
Female,Corporate 9-to-5,Morning Lark,78,Messaging / Chat,61,0,160,64,72.2,7.96,23.2,16.8,1,3.2,Optimal Recovery,<25
Male,Student,Morning Lark,5,News / Reading,86,0,0,26,10.6,9.58,25.1,23.3,0,1.0,Optimal Recovery,35-44
Male,Freelance / Creative,Intermediate,41,Streaming (Netflix/Hulu),57,0,0,20,36.0,6.01,20.5,18.7,3,3.8,Moderate Debt,55+
Male,Remote Tech,Night Owl,135,News / Reading,21,0,0,35,51.9,3.2,21.3,23.3,5,9.2,Severe Sleep Debt,35-44
Female,Corporate 9-to-5,Morning Lark,19,Messaging / Chat,10,1,0,0,12.1,8.73,22.1,18.1,0,1.0,Optimal Recovery,<25
Male,Corporate 9-to-5,Intermediate,35,YouTube,35,0,0,54,31.0,8.24,23.7,22.3,1,1.0,Optimal Recovery,35-44
Male,Healthcare / Shift Worker,Intermediate,111,News / Reading,35,0,0,10,37.2,4.52,23.9,21.6,4,6.2,Moderate Debt,35-44
Male,Freelance / Creative,Intermediate,48,TikTok / Reels,56,1,0,22,38.4,6.23,21.8,18.4,4,4.9,Moderate Debt,25-34
Male,Corporate 9-to-5,Morning Lark,62,TikTok / Reels,44,1,0,28,32.0,7.66,25.3,16.7,1,1.0,Mild Deficit,45-54
Male,Corporate 9-to-5,Morning Lark,42,News / Reading,36,0,93,24,33.1,7.13,23.1,24.6,3,3.2,Mild Deficit,35-44
Male,Student,Intermediate,116,YouTube,43,0,0,29,53.2,5.26,25.2,18.8,5,7.2,Moderate Debt,45-54
Male,Student,Morning Lark,34,Streaming (Netflix/Hulu),48,1,148,52,25.8,8.38,21.3,17.7,1,1.0,Optimal Recovery,35-44
Male,Remote Tech,Morning Lark,56,News / Reading,38,1,65,62,28.4,7.88,19.6,21.6,1,1.0,Optimal Recovery,<25
Female,Student,Morning Lark,88,TikTok / Reels,56,0,0,69,64.0,5.79,25.5,11.7,4,6.3,Moderate Debt,25-34
Female,Student,Intermediate,30,TikTok / Reels,74,0,0,27,39.0,7.48,22.5,19.1,2,1.0,Mild Deficit,<25
Female,Freelance / Creative,Intermediate,18,Streaming (Netflix/Hulu),42,0,146,26,36.6,6.51,20.8,17.2,2,2.5,Moderate Debt,45-54
Male,Corporate 9-to-5,Intermediate,8,Streaming (Netflix/Hulu),57,0,0,20,20.3,7.18,24.6,18.3,0,1.0,Mild Deficit,35-44
Male,Freelance / Creative,Intermediate,78,Messaging / Chat,96,0,0,16,38.1,6.04,18.3,18.8,3,4.5,Moderate Debt,35-44
Non-Binary,Remote Tech,Morning Lark,23,Streaming (Netflix/Hulu),60,0,0,19,15.6,8.7,24.6,19.7,0,1.0,Optimal Recovery,25-34
Female,Student,Intermediate,69,TikTok / Reels,77,0,0,0,49.9,7.33,19.1,18.2,2,3.1,Mild Deficit,<25
Female,Remote Tech,Morning Lark,67,YouTube,46,1,0,60,32.0,6.79,20.7,22.6,3,3.4,Mild Deficit,35-44
Female,Remote Tech,Intermediate,22,Streaming (Netflix/Hulu),78,0,0,0,27.4,8.63,23.3,21.2,1,1.0,Optimal Recovery,25-34
Female,Student,Morning Lark,59,Instagram / Reddit,39,0,0,64,45.5,6.68,24.5,16.9,2,3.2,Moderate Debt,25-34
Male,Remote Tech,Night Owl,165,YouTube,67,1,0,31,87.2,3.24,20.9,22.3,7,10.0,Severe Sleep Debt,35-44
Female,Corporate 9-to-5,Morning Lark,80,TikTok / Reels,77,1,91,14,57.4,8.21,16.4,12.7,3,1.8,Optimal Recovery,<25
Male,Remote Tech,Night Owl,180,TikTok / Reels,86,0,0,0,106.6,3.2,12.0,17.1,7,10.0,Severe Sleep Debt,25-34
Male,Remote Tech,Night Owl,37,Messaging / Chat,58,1,71,46,48.7,4.82,22.6,18.1,3,5.3,Moderate Debt,25-34
Female,Corporate 9-to-5,Intermediate,61,Messaging / Chat,50,1,0,0,33.9,6.93,24.0,21.7,1,1.4,Mild Deficit,<25
Male,Freelance / Creative,Night Owl,28,TikTok / Reels,27,0,20,21,22.8,5.68,19.0,15.9,3,3.2,Moderate Debt,55+
Female,Corporate 9-to-5,Morning Lark,136,TikTok / Reels,54,0,0,54,78.6,5.98,18.0,17.9,6,7.0,Moderate Debt,<25
Female,Remote Tech,Morning Lark,44,YouTube,71,1,0,30,25.5,8.75,24.7,18.5,1,1.0,Optimal Recovery,<25
Male,Corporate 9-to-5,Intermediate,22,News / Reading,69,0,0,23,25.6,7.31,23.9,25.8,1,1.0,Mild Deficit,<25
Male,Remote Tech,Morning Lark,61,News / Reading,55,1,0,33,33.0,7.57,18.7,24.7,2,1.0,Mild Deficit,35-44
Female,Corporate 9-to-5,Intermediate,35,Streaming (Netflix/Hulu),62,1,0,58,37.2,6.86,26.9,22.2,2,1.0,Mild Deficit,25-34
Female,Remote Tech,Intermediate,68,TikTok / Reels,88,1,32,24,55.2,7.13,15.7,18.5,3,2.8,Mild Deficit,35-44
Female,Corporate 9-to-5,Morning Lark,49,TikTok / Reels,69,0,74,37,43.7,7.99,18.4,18.6,2,2.7,Optimal Recovery,<25
Female,Corporate 9-to-5,Intermediate,81,YouTube,50,0,0,52,45.7,6.24,24.1,20.6,3,3.7,Moderate Debt,<25
Non-Binary,Student,Morning Lark,10,News / Reading,55,1,0,20,26.7,8.4,23.2,21.1,1,1.0,Optimal Recovery,25-34
Male,Student,Intermediate,54,TikTok / Reels,69,1,85,22,49.3,5.99,21.9,18.0,4,4.7,Moderate Debt,45-54
Female,Corporate 9-to-5,Night Owl,28,Messaging / Chat,67,0,0,42,32.3,5.57,23.7,23.5,3,3.8,Moderate Debt,45-54
Male,Corporate 9-to-5,Intermediate,101,TikTok / Reels,100,0,99,38,107.9,4.31,16.9,15.7,6,9.7,Severe Sleep Debt,<25
Female,Healthcare / Shift Worker,Intermediate,128,Instagram / Reddit,88,0,0,64,83.1,3.91,20.0,19.4,6,10.0,Severe Sleep Debt,25-34
Female,Corporate 9-to-5,Intermediate,34,Streaming (Netflix/Hulu),34,1,0,21,25.3,6.71,24.1,21.8,3,1.8,Moderate Debt,45-54
Male,Freelance / Creative,Night Owl,2,Instagram / Reddit,42,0,0,25,23.8,5.7,23.2,21.9,4,3.3,Moderate Debt,25-34
Male,Remote Tech,Morning Lark,69,Streaming (Netflix/Hulu),81,1,164,28,49.4,7.57,21.2,14.9,2,1.7,Mild Deficit,45-54
Male,Corporate 9-to-5,Night Owl,26,Streaming (Netflix/Hulu),39,1,0,8,32.3,6.25,23.0,19.8,2,2.5,Moderate Debt,<25
Male,Student,Intermediate,65,YouTube,58,1,0,28,36.1,5.8,21.0,17.1,3,3.8,Moderate Debt,55+
Male,Healthcare / Shift Worker,Intermediate,27,YouTube,87,0,0,55,22.0,5.84,21.7,17.9,2,3.0,Moderate Debt,35-44
Female,Remote Tech,Night Owl,67,Messaging / Chat,61,1,0,15,45.4,4.81,20.9,18.1,4,6.0,Moderate Debt,55+
Male,Remote Tech,Night Owl,18,TikTok / Reels,75,0,91,44,25.4,5.8,22.8,17.1,2,2.2,Moderate Debt,35-44
Non-Binary,Remote Tech,Intermediate,74,YouTube,59,1,83,32,49.8,6.04,24.0,17.9,3,4.1,Moderate Debt,25-34
Female,Freelance / Creative,Morning Lark,143,News / Reading,54,0,125,20,62.7,5.35,14.1,20.9,4,8.7,Severe Sleep Debt,55+
Male,Student,Night Owl,17,Streaming (Netflix/Hulu),18,0,20,26,6.4,5.72,24.8,18.4,2,2.5,Moderate Debt,25-34
Female,Corporate 9-to-5,Intermediate,71,Streaming (Netflix/Hulu),60,1,94,25,48.1,6.73,19.6,19.0,3,5.1,Moderate Debt,25-34
Female,Corporate 9-to-5,Intermediate,12,TikTok / Reels,44,0,0,31,19.4,7.54,24.3,22.1,1,1.0,Mild Deficit,35-44
Male,Corporate 9-to-5,Morning Lark,50,Messaging / Chat,82,0,47,33,37.3,7.79,17.2,19.2,1,1.1,Optimal Recovery,35-44
Female,Corporate 9-to-5,Intermediate,48,News / Reading,10,0,0,39,14.6,7.65,23.4,18.3,1,1.0,Mild Deficit,55+
Male,Corporate 9-to-5,Night Owl,48,Instagram / Reddit,45,0,0,66,43.7,5.91,17.7,20.0,3,4.3,Moderate Debt,<25
Female,Student,Intermediate,16,YouTube,83,0,87,0,30.2,7.33,19.4,22.6,2,1.3,Mild Deficit,35-44
Male,Corporate 9-to-5,Night Owl,51,Instagram / Reddit,94,0,0,14,37.6,5.46,24.9,16.3,5,5.6,Moderate Debt,35-44
Female,Remote Tech,Morning Lark,50,Instagram / Reddit,78,1,22,52,42.2,7.34,21.9,19.3,2,1.7,Mild Deficit,<25
Female,Student,Morning Lark,8,Streaming (Netflix/Hulu),68,0,62,55,22.8,8.48,24.0,18.7,1,1.0,Optimal Recovery,25-34
Female,Corporate 9-to-5,Intermediate,11,TikTok / Reels,21,0,0,36,13.4,8.17,25.4,20.3,0,1.0,Optimal Recovery,25-34
Male,Corporate 9-to-5,Night Owl,59,TikTok / Reels,34,0,89,19,40.8,4.97,19.1,14.4,5,6.8,Moderate Debt,25-34
Male,Corporate 9-to-5,Night Owl,97,Streaming (Netflix/Hulu),74,0,0,0,48.5,4.35,13.4,21.4,3,7.5,Moderate Debt,55+
Male,Corporate 9-to-5,Night Owl,57,Streaming (Netflix/Hulu),29,0,59,41,36.6,5.7,20.5,16.5,2,3.3,Moderate Debt,35-44
Female,Healthcare / Shift Worker,Morning Lark,62,Instagram / Reddit,50,0,0,59,42.2,5.45,19.8,22.5,4,5.1,Moderate Debt,35-44
Female,Student,Night Owl,31,Instagram / Reddit,49,1,82,65,20.9,4.92,19.8,17.6,4,5.6,Moderate Debt,55+
Female,Corporate 9-to-5,Night Owl,47,Instagram / Reddit,63,0,83,23,30.8,5.83,21.9,19.6,3,5.2,Moderate Debt,25-34
Male,Remote Tech,Morning Lark,17,TikTok / Reels,68,0,0,40,22.3,8.49,21.6,19.7,1,1.0,Optimal Recovery,45-54
Female,Corporate 9-to-5,Intermediate,72,TikTok / Reels,10,0,20,36,54.5,6.15,23.0,16.5,2,2.9,Moderate Debt,25-34
Non-Binary,Remote Tech,Intermediate,26,Instagram / Reddit,61,1,54,4,29.1,7.82,19.0,17.6,0,1.0,Optimal Recovery,45-54
Male,Remote Tech,Intermediate,18,TikTok / Reels,41,0,34,40,34.3,8.67,21.3,14.8,1,1.0,Optimal Recovery,<25
Female,Remote Tech,Night Owl,51,Streaming (Netflix/Hulu),66,0,0,0,37.1,4.92,20.4,20.3,4,4.3,Moderate Debt,55+
Female,Corporate 9-to-5,Morning Lark,101,Instagram / Reddit,19,0,0,29,44.0,6.51,22.5,17.0,3,3.1,Moderate Debt,<25
Male,Corporate 9-to-5,Intermediate,57,Instagram / Reddit,75,0,94,53,40.3,6.18,20.0,18.4,3,4.5,Moderate Debt,25-34
Female,Student,Morning Lark,101,News / Reading,41,1,0,59,40.5,5.43,22.5,22.2,3,3.4,Moderate Debt,35-44
Female,Healthcare / Shift Worker,Intermediate,37,TikTok / Reels,47,1,0,32,34.0,5.57,24.3,15.2,2,2.0,Moderate Debt,25-34
Female,Freelance / Creative,Night Owl,61,YouTube,88,0,104,77,47.9,3.78,20.8,21.0,6,9.8,Severe Sleep Debt,35-44
Male,Corporate 9-to-5,Morning Lark,43,YouTube,52,0,0,25,39.0,7.19,21.5,21.0,2,2.1,Mild Deficit,25-34
Male,Student,Intermediate,77,Messaging / Chat,75,1,30,5,40.0,6.34,15.8,20.6,3,3.9,Moderate Debt,35-44
Female,Student,Night Owl,67,YouTube,55,1,0,54,37.9,4.26,20.2,19.3,6,7.2,Moderate Debt,25-34
Female,Freelance / Creative,Night Owl,29,TikTok / Reels,88,1,0,38,27.4,4.98,19.2,17.0,4,5.8,Moderate Debt,<25
Female,Corporate 9-to-5,Intermediate,148,TikTok / Reels,62,0,20,9,83.3,5.22,16.0,14.5,5,8.0,Moderate Debt,25-34
Male,Student,Morning Lark,19,Messaging / Chat,65,1,35,33,23.7,8.88,17.4,20.0,0,1.0,Optimal Recovery,25-34
Female,Corporate 9-to-5,Intermediate,55,Instagram / Reddit,59,1,0,27,37.9,6.47,21.2,21.7,3,3.7,Moderate Debt,<25
Female,Student,Night Owl,26,YouTube,49,1,0,67,19.6,5.15,24.2,23.1,3,3.2,Moderate Debt,25-34
Male,Remote Tech,Night Owl,50,Messaging / Chat,73,0,0,52,37.1,6.85,20.7,17.7,3,3.3,Mild Deficit,25-34
Male,Student,Morning Lark,25,Streaming (Netflix/Hulu),40,1,20,19,19.0,8.45,22.0,19.5,2,1.0,Optimal Recovery,<25
Non-Binary,Healthcare / Shift Worker,Intermediate,50,TikTok / Reels,70,0,0,36,41.0,5.14,25.4,20.3,4,5.7,Moderate Debt,35-44
Male,Remote Tech,Morning Lark,59,Instagram / Reddit,74,1,0,22,37.7,6.94,21.0,19.8,1,1.3,Mild Deficit,45-54
Female,Remote Tech,Morning Lark,77,YouTube,66,1,0,65,43.1,6.64,26.7,21.9,2,1.2,Moderate Debt,<25
Female,Corporate 9-to-5,Intermediate,12,Messaging / Chat,36,0,0,22,10.8,7.95,24.1,22.6,0,1.0,Optimal Recovery,35-44
Female,Remote Tech,Morning Lark,36,TikTok / Reels,64,1,0,18,19.5,7.63,20.6,19.2,2,1.0,Mild Deficit,35-44
Female,Remote Tech,Morning Lark,84,Instagram / Reddit,76,1,0,12,53.1,6.77,22.2,20.8,1,3.1,Mild Deficit,25-34
Male,Corporate 9-to-5,Night Owl,64,Streaming (Netflix/Hulu),30,0,0,48,39.4,4.86,25.9,16.4,5,4.9,Moderate Debt,35-44
Male,Healthcare / Shift Worker,Intermediate,180,Messaging / Chat,24,0,124,40,84.3,3.2,23.0,15.4,7,10.0,Severe Sleep Debt,25-34
Male,Corporate 9-to-5,Night Owl,35,Messaging / Chat,72,1,0,19,36.9,6.27,20.7,19.5,3,4.1,Moderate Debt,25-34
Female,Student,Intermediate,5,YouTube,42,0,37,18,17.8,7.32,25.1,23.4,1,1.0,Mild Deficit,<25
Male,Healthcare / Shift Worker,Night Owl,150,Streaming (Netflix/Hulu),70,0,0,79,80.6,3.2,21.8,22.3,6,10.0,Severe Sleep Debt,35-44
Male,Freelance / Creative,Intermediate,82,Messaging / Chat,89,1,0,63,47.8,5.19,25.5,20.8,2,4.8,Moderate Debt,35-44
Female,Healthcare / Shift Worker,Intermediate,111,Instagram / Reddit,26,0,0,35,58.2,3.8,22.8,21.2,5,7.8,Moderate Debt,<25
Male,Corporate 9-to-5,Intermediate,28,Streaming (Netflix/Hulu),24,0,60,54,24.0,6.82,26.2,18.8,2,1.8,Mild Deficit,25-34
Female,Healthcare / Shift Worker,Morning Lark,65,Messaging / Chat,71,1,80,26,37.7,6.17,18.0,19.8,3,3.5,Moderate Debt,55+
Female,Corporate 9-to-5,Night Owl,58,Messaging / Chat,81,0,20,36,38.1,6.42,23.3,16.8,1,2.3,Moderate Debt,25-34
Male,Freelance / Creative,Intermediate,37,TikTok / Reels,89,0,0,59,41.1,6.42,17.7,19.5,3,3.4,Moderate Debt,25-34
Male,Student,Morning Lark,101,YouTube,71,1,25,37,56.7,7.12,23.5,20.0,3,2.7,Mild Deficit,45-54
Female,Healthcare / Shift Worker,Intermediate,49,Instagram / Reddit,52,0,0,10,25.3,6.4,20.9,16.6,2,2.0,Moderate Debt,35-44
Female,Corporate 9-to-5,Night Owl,81,Streaming (Netflix/Hulu),57,1,0,21,36.7,4.15,21.4,19.7,4,6.0,Moderate Debt,35-44
Non-Binary,Remote Tech,Morning Lark,18,YouTube,62,1,0,41,29.8,7.92,25.9,20.7,0,1.0,Optimal Recovery,35-44
Male,Healthcare / Shift Worker,Morning Lark,60,YouTube,89,1,0,49,33.4,6.39,27.5,20.4,3,2.8,Moderate Debt,45-54
Male,Healthcare / Shift Worker,Night Owl,87,Instagram / Reddit,61,0,0,66,43.4,3.2,17.3,18.3,4,7.1,Moderate Debt,25-34
Female,Corporate 9-to-5,Morning Lark,33,News / Reading,41,1,49,15,22.2,8.56,20.2,24.6,1,1.0,Optimal Recovery,25-34
Female,Freelance / Creative,Morning Lark,47,YouTube,59,1,0,45,34.0,8.36,27.6,20.3,1,1.0,Optimal Recovery,25-34
Female,Corporate 9-to-5,Intermediate,50,TikTok / Reels,24,0,57,15,62.8,6.32,20.6,20.8,3,4.9,Moderate Debt,55+
Female,Student,Intermediate,50,TikTok / Reels,44,1,0,11,38.6,6.49,20.3,19.7,2,3.3,Moderate Debt,35-44
Female,Student,Intermediate,24,TikTok / Reels,49,1,0,40,23.5,7.45,22.7,18.4,1,1.0,Mild Deficit,<25
Female,Corporate 9-to-5,Intermediate,88,News / Reading,47,1,0,10,27.5,6.76,23.3,23.9,2,1.4,Mild Deficit,45-54
Male,Corporate 9-to-5,Night Owl,40,News / Reading,23,0,0,32,16.3,5.11,27.9,24.4,4,4.5,Moderate Debt,25-34
Female,Healthcare / Shift Worker,Night Owl,76,YouTube,31,0,97,29,49.7,3.42,21.4,20.1,5,8.3,Moderate Debt,<25
Male,Remote Tech,Night Owl,55,Streaming (Netflix/Hulu),55,0,132,18,45.9,4.97,18.4,19.5,6,7.6,Moderate Debt,25-34
Female,Corporate 9-to-5,Intermediate,26,Messaging / Chat,72,1,0,52,32.3,7.23,24.2,19.1,2,1.0,Mild Deficit,25-34
Female,Student,Morning Lark,64,TikTok / Reels,47,1,0,27,54.2,8.47,18.8,19.8,2,1.0,Optimal Recovery,45-54
Female,Healthcare / Shift Worker,Night Owl,32,TikTok / Reels,57,1,46,28,31.2,5.16,25.6,16.6,3,5.0,Moderate Debt,<25
Female,Remote Tech,Morning Lark,40,Streaming (Netflix/Hulu),73,0,51,16,43.5,7.69,19.6,21.1,1,1.9,Mild Deficit,45-54
Female,Corporate 9-to-5,Night Owl,13,Messaging / Chat,100,0,0,83,35.5,5.72,24.1,22.9,2,3.1,Moderate Debt,25-34
Non-Binary,Corporate 9-to-5,Morning Lark,87,Instagram / Reddit,49,1,0,21,46.4,7.19,19.5,20.8,3,2.9,Mild Deficit,<25
Male,Student,Night Owl,17,YouTube,38,1,0,21,31.6,5.77,26.2,18.8,2,2.1,Moderate Debt,55+
Female,Remote Tech,Night Owl,88,News / Reading,71,1,69,42,42.5,3.37,23.0,19.2,5,8.4,Moderate Debt,25-34
Female,Student,Intermediate,48,Instagram / Reddit,72,0,40,39,40.5,7.02,18.2,18.8,2,2.5,Mild Deficit,25-34
Male,Healthcare / Shift Worker,Morning Lark,56,Messaging / Chat,29,0,0,14,46.4,5.79,21.4,21.5,3,4.2,Moderate Debt,25-34
Male,Remote Tech,Morning Lark,37,YouTube,33,1,0,0,27.4,8.21,22.3,18.9,0,1.0,Optimal Recovery,45-54
Female,Corporate 9-to-5,Intermediate,18,TikTok / Reels,28,0,127,48,34.4,6.83,26.2,14.2,3,1.6,Mild Deficit,25-34
Male,Freelance / Creative,Morning Lark,106,TikTok / Reels,41,1,205,16,77.3,5.33,17.1,14.5,4,7.8,Moderate Debt,<25
Male,Remote Tech,Intermediate,28,Messaging / Chat,72,1,0,46,37.6,7.37,19.3,21.1,2,1.1,Mild Deficit,<25
Male,Student,Intermediate,123,TikTok / Reels,62,1,117,35,83.9,4.48,16.4,15.3,6,9.6,Severe Sleep Debt,25-34
Male,Freelance / Creative,Intermediate,144,Streaming (Netflix/Hulu),58,1,0,42,56.4,4.76,21.2,18.7,3,4.9,Moderate Debt,35-44
Male,Freelance / Creative,Intermediate,73,Instagram / Reddit,35,1,0,30,41.6,6.02,25.1,22.8,2,2.7,Moderate Debt,25-34
Male,Remote Tech,Intermediate,45,YouTube,34,1,0,51,27.4,6.61,26.0,20.3,1,1.0,Moderate Debt,25-34
Female,Corporate 9-to-5,Morning Lark,19,YouTube,56,0,0,5,20.9,9.01,23.5,21.9,0,1.0,Optimal Recovery,<25
Male,Freelance / Creative,Night Owl,81,TikTok / Reels,54,1,60,22,68.1,3.84,20.5,17.2,6,8.8,Severe Sleep Debt,25-34
Male,Student,Night Owl,107,TikTok / Reels,65,1,220,4,85.9,3.2,16.5,13.9,6,10.0,Severe Sleep Debt,55+
Male,Remote Tech,Intermediate,52,TikTok / Reels,83,1,65,16,40.4,5.88,21.1,15.2,2,4.5,Moderate Debt,25-34
Non-Binary,Remote Tech,Morning Lark,51,TikTok / Reels,32,0,56,12,46.9,7.37,17.8,20.5,2,1.6,Mild Deficit,55+
Female,Remote Tech,Night Owl,68,TikTok / Reels,52,1,24,42,57.6,5.41,22.5,18.7,3,5.4,Moderate Debt,25-34
Female,Healthcare / Shift Worker,Morning Lark,31,Instagram / Reddit,57,1,48,0,32.2,6.92,19.0,20.3,1,2.2,Mild Deficit,<25
Female,Remote Tech,Morning Lark,13,TikTok / Reels,59,0,0,41,18.0,7.92,24.6,19.4,0,1.0,Optimal Recovery,45-54
Female,Healthcare / Shift Worker,Intermediate,61,YouTube,56,0,0,68,40.8,4.69,24.9,22.1,4,4.7,Moderate Debt,25-34
Female,Healthcare / Shift Worker,Morning Lark,15,Streaming (Netflix/Hulu),54,1,204,52,34.7,7.9,20.1,12.9,1,2.3,Optimal Recovery,35-44
Male,Healthcare / Shift Worker,Morning Lark,47,TikTok / Reels,59,1,53,8,36.6,6.61,18.6,19.1,2,4.4,Moderate Debt,55+
Female,Student,Night Owl,33,Messaging / Chat,65,1,0,45,22.8,6.55,23.3,21.8,3,1.7,Moderate Debt,<25
Male,Healthcare / Shift Worker,Intermediate,39,YouTube,41,0,20,58,21.5,5.3,24.2,17.8,3,4.3,Moderate Debt,<25
Male,Remote Tech,Night Owl,42,News / Reading,64,0,20,30,28.5,5.03,20.5,20.4,3,5.6,Moderate Debt,35-44
Female,Corporate 9-to-5,Morning Lark,70,TikTok / Reels,65,0,43,66,50.2,7.36,26.3,17.0,3,1.8,Mild Deficit,25-34
Female,Healthcare / Shift Worker,Night Owl,35,TikTok / Reels,60,0,0,39,48.0,4.67,20.9,20.3,4,6.4,Moderate Debt,<25
Male,Remote Tech,Intermediate,54,YouTube,87,1,0,50,39.6,6.51,19.0,18.3,2,3.4,Moderate Debt,<25
Male,Corporate 9-to-5,Morning Lark,22,TikTok / Reels,59,1,0,22,25.7,8.76,20.9,22.0,0,1.0,Optimal Recovery,<25
Male,Corporate 9-to-5,Night Owl,27,Instagram / Reddit,62,1,86,42,25.1,6.11,19.3,17.6,1,3.3,Moderate Debt,35-44
Male,Corporate 9-to-5,Night Owl,73,YouTube,35,1,0,29,45.6,5.39,20.8,22.0,3,5.2,Moderate Debt,<25
Male,Student,Morning Lark,35,Instagram / Reddit,76,1,120,37,32.5,7.6,17.0,14.7,0,1.3,Mild Deficit,25-34
Male,Student,Night Owl,24,Messaging / Chat,93,0,0,46,12.2,6.77,22.3,22.7,2,2.1,Mild Deficit,35-44
Male,Corporate 9-to-5,Intermediate,54,YouTube,58,1,0,16,32.6,5.34,25.1,20.0,3,4.4,Moderate Debt,25-34
Male,Healthcare / Shift Worker,Night Owl,48,YouTube,14,0,0,34,37.6,5.09,25.7,21.8,5,6.1,Moderate Debt,<25
Male,Corporate 9-to-5,Night Owl,115,Instagram / Reddit,77,1,57,80,81.2,3.2,20.5,16.6,5,9.8,Severe Sleep Debt,35-44
Female,Healthcare / Shift Worker,Morning Lark,66,Instagram / Reddit,82,1,28,58,43.5,5.98,22.1,18.5,2,2.4,Moderate Debt,<25
Male,Remote Tech,Morning Lark,24,TikTok / Reels,59,0,22,46,31.6,8.99,24.7,16.6,0,1.0,Optimal Recovery,35-44
Female,Student,Intermediate,14,Instagram / Reddit,45,1,0,39,9.9,8.27,21.9,19.2,1,1.0,Optimal Recovery,45-54
Male,Remote Tech,Night Owl,48,Instagram / Reddit,80,1,0,56,55.7,4.99,22.9,19.5,5,5.9,Moderate Debt,25-34
Female,Corporate 9-to-5,Intermediate,86,News / Reading,79,0,58,24,43.3,6.01,15.9,20.0,3,5.0,Moderate Debt,25-34
Female,Healthcare / Shift Worker,Intermediate,47,Streaming (Netflix/Hulu),60,0,0,50,31.3,5.44,22.5,19.6,2,3.3,Moderate Debt,25-34
Female,Corporate 9-to-5,Morning Lark,49,TikTok / Reels,78,1,0,12,44.9,6.69,22.9,18.0,2,1.6,Moderate Debt,25-34
Female,Freelance / Creative,Night Owl,18,Instagram / Reddit,40,0,28,21,28.1,5.68,19.2,19.4,2,3.8,Moderate Debt,45-54
Female,Student,Intermediate,32,Messaging / Chat,81,1,25,27,29.2,6.76,26.6,20.2,3,2.6,Mild Deficit,45-54
Male,Remote Tech,Night Owl,11,YouTube,60,1,0,67,19.5,6.48,25.1,17.8,1,1.0,Moderate Debt,25-34
Female,Student,Night Owl,68,YouTube,49,1,0,67,41.1,4.52,20.1,21.7,3,5.5,Moderate Debt,35-44
Female,Corporate 9-to-5,Morning Lark,59,YouTube,57,0,80,42,56.8,8.04,22.8,18.2,2,1.6,Optimal Recovery,55+
Female,Remote Tech,Intermediate,51,YouTube,71,1,0,25,34.7,7.61,20.4,21.5,1,1.0,Mild Deficit,55+
Male,Freelance / Creative,Night Owl,27,TikTok / Reels,61,0,0,25,22.5,5.58,20.0,18.7,2,3.7,Moderate Debt,25-34
Female,Corporate 9-to-5,Morning Lark,22,Streaming (Netflix/Hulu),92,0,33,61,19.8,8.58,23.3,21.9,0,1.0,Optimal Recovery,25-34
Female,Student,Night Owl,59,Instagram / Reddit,79,0,0,35,40.7,5.18,17.4,20.9,4,5.0,Moderate Debt,25-34
Female,Remote Tech,Night Owl,58,YouTube,32,0,128,48,42.0,4.95,20.0,20.6,6,7.0,Moderate Debt,55+
Male,Student,Intermediate,78,Instagram / Reddit,73,0,29,45,54.9,7.62,23.7,17.2,3,2.5,Mild Deficit,<25
Female,Corporate 9-to-5,Morning Lark,58,YouTube,75,1,0,81,36.3,7.22,24.5,19.9,2,1.6,Mild Deficit,35-44
Female,Remote Tech,Morning Lark,74,TikTok / Reels,67,0,0,22,48.5,7.31,15.6,19.2,3,2.6,Mild Deficit,25-34
Female,Freelance / Creative,Intermediate,59,Instagram / Reddit,36,0,0,41,24.6,6.73,21.9,21.7,3,2.0,Moderate Debt,25-34
Non-Binary,Corporate 9-to-5,Morning Lark,96,Streaming (Netflix/Hulu),77,0,0,13,42.7,5.71,18.7,25.2,2,3.9,Moderate Debt,25-34
Female,Student,Intermediate,38,Streaming (Netflix/Hulu),60,0,47,30,32.1,7.99,18.2,16.8,0,1.0,Optimal Recovery,55+
Male,Remote Tech,Intermediate,58,Instagram / Reddit,35,1,0,41,34.9,7.17,20.5,21.9,1,1.0,Mild Deficit,<25
Female,Remote Tech,Intermediate,71,YouTube,62,0,0,50,50.7,5.83,20.2,16.9,2,3.5,Moderate Debt,35-44
Female,Student,Intermediate,50,TikTok / Reels,78,0,20,11,52.2,6.5,21.6,15.7,1,2.9,Moderate Debt,<25
Female,Remote Tech,Night Owl,8,Instagram / Reddit,38,0,20,48,7.2,5.71,19.9,19.9,1,1.0,Moderate Debt,<25
Female,Corporate 9-to-5,Intermediate,68,YouTube,38,0,183,13,66.8,5.5,20.3,17.0,4,6.9,Moderate Debt,25-34
Female,Freelance / Creative,Intermediate,32,Streaming (Netflix/Hulu),70,0,130,26,40.3,7.23,23.2,16.8,2,2.3,Mild Deficit,25-34
Female,Healthcare / Shift Worker,Night Owl,25,TikTok / Reels,62,1,0,44,18.6,4.45,25.5,22.5,3,4.2,Moderate Debt,25-34
Female,Corporate 9-to-5,Intermediate,19,Instagram / Reddit,71,0,0,0,37.5,7.41,21.8,20.5,2,1.3,Mild Deficit,25-34
Male,Remote Tech,Night Owl,79,YouTube,56,0,163,26,66.9,3.73,16.5,17.4,6,10.0,Severe Sleep Debt,<25
Non-Binary,Student,Morning Lark,52,Streaming (Netflix/Hulu),100,0,72,43,47.0,7.55,16.1,21.7,1,2.3,Mild Deficit,25-34
Female,Freelance / Creative,Night Owl,21,Messaging / Chat,48,0,58,31,22.5,5.6,21.0,18.1,3,2.2,Moderate Debt,55+
Male,Freelance / Creative,Intermediate,23,TikTok / Reels,68,0,0,31,24.7,7.19,26.0,20.7,2,1.0,Mild Deficit,55+
Male,Healthcare / Shift Worker,Night Owl,48,TikTok / Reels,46,1,96,56,42.0,3.47,21.0,18.9,5,8.1,Moderate Debt,25-34
Male,Corporate 9-to-5,Night Owl,21,Messaging / Chat,27,1,68,13,22.0,6.93,25.0,17.2,2,1.0,Mild Deficit,35-44
Female,Freelance / Creative,Intermediate,53,Instagram / Reddit,53,0,31,11,33.5,7.31,21.3,20.9,2,1.1,Mild Deficit,45-54
Male,Healthcare / Shift Worker,Intermediate,88,YouTube,49,0,0,12,42.0,4.37,21.2,20.0,4,6.7,Moderate Debt,<25
Female,Remote Tech,Night Owl,99,YouTube,91,1,0,55,57.2,4.84,23.9,20.1,4,6.8,Moderate Debt,45-54
Male,Remote Tech,Morning Lark,79,Instagram / Reddit,64,1,0,25,47.3,7.53,20.5,21.3,2,1.3,Mild Deficit,55+
Female,Remote Tech,Night Owl,120,TikTok / Reels,40,0,0,59,69.7,4.71,21.3,23.0,5,7.5,Moderate Debt,<25
Female,Student,Morning Lark,55,Streaming (Netflix/Hulu),56,0,0,51,30.2,8.22,22.1,20.5,2,1.1,Optimal Recovery,<25
Female,Corporate 9-to-5,Night Owl,156,YouTube,37,1,0,51,56.0,4.02,22.3,22.2,6,8.0,Moderate Debt,55+
Female,Corporate 9-to-5,Intermediate,138,YouTube,50,0,0,21,62.2,3.29,19.2,18.2,6,10.0,Severe Sleep Debt,25-34
Male,Corporate 9-to-5,Intermediate,57,TikTok / Reels,76,0,0,22,52.9,6.02,23.5,19.4,2,2.9,Moderate Debt,<25
Female,Remote Tech,Morning Lark,37,YouTube,65,0,20,92,48.2,7.66,24.8,19.0,2,1.7,Mild Deficit,25-34
Male,Corporate 9-to-5,Intermediate,40,News / Reading,22,0,0,63,26.2,7.37,24.2,21.5,2,1.0,Mild Deficit,25-34
Female,Student,Intermediate,12,TikTok / Reels,39,0,135,72,33.9,7.83,22.4,19.0,0,1.0,Optimal Recovery,35-44
Female,Corporate 9-to-5,Intermediate,37,TikTok / Reels,38,0,0,0,35.2,7.1,14.4,18.5,2,2.1,Mild Deficit,35-44
Male,Freelance / Creative,Morning Lark,16,Instagram / Reddit,41,0,0,33,19.7,8.1,21.7,18.6,1,1.0,Optimal Recovery,55+
Non-Binary,Healthcare / Shift Worker,Night Owl,85,Instagram / Reddit,61,1,51,56,49.1,3.2,21.1,23.2,6,10.0,Severe Sleep Debt,25-34
Female,Freelance / Creative,Morning Lark,14,News / Reading,76,1,0,58,19.1,9.71,25.8,23.0,0,1.0,Optimal Recovery,25-34
Female,Student,Night Owl,67,TikTok / Reels,48,1,0,58,48.3,5.38,24.5,19.5,5,4.8,Moderate Debt,25-34
Male,Corporate 9-to-5,Intermediate,37,Instagram / Reddit,42,1,0,50,20.1,6.85,25.4,19.7,2,1.0,Mild Deficit,25-34
Female,Remote Tech,Intermediate,84,TikTok / Reels,72,1,45,44,60.1,5.23,23.3,16.6,4,5.7,Moderate Debt,<25
Male,Corporate 9-to-5,Morning Lark,40,TikTok / Reels,61,0,0,47,41.9,8.52,24.8,18.7,0,1.0,Optimal Recovery,55+
Male,Freelance / Creative,Intermediate,69,YouTube,45,1,36,53,26.2,6.72,22.5,22.0,3,2.5,Moderate Debt,45-54
Female,Corporate 9-to-5,Intermediate,66,News / Reading,47,1,0,29,30.8,7.22,23.1,20.9,2,1.0,Mild Deficit,25-34
Female,Remote Tech,Morning Lark,36,Messaging / Chat,49,0,250,63,36.0,8.77,20.4,16.9,1,1.0,Optimal Recovery,35-44
Female,Student,Morning Lark,58,TikTok / Reels,77,1,0,56,38.6,7.88,27.4,15.6,0,1.0,Optimal Recovery,25-34
Female,Freelance / Creative,Morning Lark,71,News / Reading,64,0,0,35,53.1,6.28,19.7,24.0,3,5.1,Moderate Debt,25-34
Male,Student,Morning Lark,84,TikTok / Reels,92,1,138,38,59.6,7.03,13.7,15.2,4,5.6,Mild Deficit,35-44
Male,Student,Morning Lark,9,YouTube,66,0,0,31,9.0,8.82,25.2,21.6,0,1.0,Optimal Recovery,25-34
Male,Remote Tech,Morning Lark,16,Streaming (Netflix/Hulu),37,0,44,15,17.3,8.94,18.0,20.6,0,1.0,Optimal Recovery,55+
Male,Student,Intermediate,74,News / Reading,22,0,164,45,56.5,6.94,20.5,17.4,2,3.3,Mild Deficit,35-44
Female,Corporate 9-to-5,Intermediate,35,YouTube,43,1,0,70,20.0,7.78,26.7,25.0,1,1.0,Optimal Recovery,25-34
Male,Healthcare / Shift Worker,Intermediate,52,Messaging / Chat,22,0,175,22,39.9,5.01,19.5,17.7,3,6.2,Moderate Debt,35-44
Female,Remote Tech,Morning Lark,11,Messaging / Chat,39,1,20,56,28.3,8.11,19.3,24.3,0,1.0,Optimal Recovery,<25
Male,Corporate 9-to-5,Intermediate,157,TikTok / Reels,55,0,93,59,98.0,4.46,19.5,19.4,6,10.0,Severe Sleep Debt,25-34
Female,Freelance / Creative,Intermediate,23,TikTok / Reels,29,0,60,45,20.0,6.61,22.9,18.0,1,2.5,Moderate Debt,25-34
Male,Remote Tech,Intermediate,60,TikTok / Reels,71,0,0,23,47.4,5.78,21.9,14.8,3,4.9,Moderate Debt,25-34
Male,Healthcare / Shift Worker,Night Owl,27,Streaming (Netflix/Hulu),45,0,36,42,23.1,4.46,16.5,22.5,3,5.9,Moderate Debt,35-44
Female,Healthcare / Shift Worker,Intermediate,100,Instagram / Reddit,71,1,39,10,56.6,4.55,20.9,15.8,5,7.7,Moderate Debt,25-34
Female,Healthcare / Shift Worker,Intermediate,85,TikTok / Reels,36,0,0,15,56.0,3.67,20.6,16.2,5,8.0,Moderate Debt,35-44
Male,Corporate 9-to-5,Intermediate,91,Instagram / Reddit,69,0,0,51,56.1,5.41,28.0,23.0,3,5.0,Moderate Debt,35-44
Female,Corporate 9-to-5,Intermediate,67,YouTube,45,0,201,45,61.6,7.61,16.8,11.6,2,2.5,Mild Deficit,25-34
Male,Healthcare / Shift Worker,Night Owl,79,Streaming (Netflix/Hulu),50,1,0,8,41.5,3.2,23.9,18.6,6,9.2,Severe Sleep Debt,45-54
Male,Healthcare / Shift Worker,Night Owl,34,Instagram / Reddit,42,0,0,0,23.7,4.31,23.0,22.0,4,7.3,Moderate Debt,25-34
Female,Remote Tech,Intermediate,106,TikTok / Reels,52,1,65,68,68.2,5.88,22.8,16.2,3,6.3,Moderate Debt,25-34
Female,Remote Tech,Night Owl,45,Instagram / Reddit,67,0,0,40,32.3,5.13,25.1,18.0,4,3.3,Moderate Debt,25-34
Male,Corporate 9-to-5,Intermediate,24,TikTok / Reels,27,1,0,26,33.3,7.58,19.7,15.8,1,1.0,Mild Deficit,25-34
Female,Freelance / Creative,Intermediate,45,Instagram / Reddit,99,0,0,24,34.7,7.41,17.5,19.4,3,1.9,Mild Deficit,<25
Female,Corporate 9-to-5,Morning Lark,39,Streaming (Netflix/Hulu),100,0,0,48,23.1,7.45,28.0,19.3,4,2.2,Mild Deficit,35-44
Male,Corporate 9-to-5,Intermediate,48,Streaming (Netflix/Hulu),45,0,0,38,17.7,6.82,23.7,20.2,1,1.0,Mild Deficit,25-34
Male,Student,Night Owl,24,TikTok / Reels,75,0,30,37,17.3,5.99,18.6,19.6,2,2.7,Moderate Debt,25-34
Female,Corporate 9-to-5,Night Owl,82,Instagram / Reddit,31,0,0,0,49.6,3.71,21.3,19.7,5,7.8,Moderate Debt,55+
Female,Freelance / Creative,Intermediate,28,Messaging / Chat,22,0,0,70,15.5,6.66,24.2,22.2,2,1.1,Moderate Debt,35-44
Male,Corporate 9-to-5,Intermediate,58,Streaming (Netflix/Hulu),94,0,42,65,44.6,6.35,20.7,18.0,2,4.0,Moderate Debt,45-54
Male,Corporate 9-to-5,Intermediate,66,Streaming (Netflix/Hulu),71,0,0,40,42.1,6.25,21.1,20.7,3,3.9,Moderate Debt,<25
Male,Remote Tech,Night Owl,64,YouTube,58,1,135,59,57.4,4.51,20.7,21.0,6,8.3,Moderate Debt,35-44
Female,Remote Tech,Intermediate,67,YouTube,70,1,0,79,61.6,6.02,20.1,23.3,3,4.3,Moderate Debt,45-54
Male,Corporate 9-to-5,Intermediate,24,Instagram / Reddit,42,0,0,27,27.2,6.86,20.9,20.5,2,1.0,Mild Deficit,35-44
Male,Remote Tech,Intermediate,74,Instagram / Reddit,57,0,160,33,58.9,6.78,17.8,13.8,2,3.8,Mild Deficit,35-44
Male,Remote Tech,Night Owl,20,TikTok / Reels,60,0,37,36,23.9,6.5,25.3,18.1,3,1.9,Moderate Debt,25-34
Male,Healthcare / Shift Worker,Night Owl,15,YouTube,26,1,46,9,21.7,3.94,18.5,18.9,5,6.4,Moderate Debt,<25
Female,Corporate 9-to-5,Morning Lark,50,Streaming (Netflix/Hulu),78,0,0,11,34.3,7.45,16.3,22.0,2,2.0,Mild Deficit,25-34
Male,Freelance / Creative,Morning Lark,37,Instagram / Reddit,46,0,0,46,35.2,8.01,22.0,25.7,1,1.0,Optimal Recovery,25-34
Female,Student,Night Owl,71,TikTok / Reels,32,0,0,41,38.5,4.88,22.1,18.0,4,5.6,Moderate Debt,45-54
Female,Corporate 9-to-5,Night Owl,105,News / Reading,89,1,0,79,42.5,4.05,20.8,21.8,4,7.0,Moderate Debt,25-34
Male,Corporate 9-to-5,Intermediate,74,Instagram / Reddit,80,1,76,42,57.5,6.02,19.6,14.0,3,4.5,Moderate Debt,55+
Male,Remote Tech,Intermediate,25,Instagram / Reddit,51,1,0,80,22.9,7.26,28.0,17.6,0,1.0,Mild Deficit,55+
Male,Corporate 9-to-5,Night Owl,27,Messaging / Chat,30,0,126,0,37.1,5.53,23.1,19.5,4,4.5,Moderate Debt,25-34
Male,Corporate 9-to-5,Night Owl,26,TikTok / Reels,66,0,212,20,49.0,5.19,17.5,12.3,5,6.5,Moderate Debt,25-34
Female,Corporate 9-to-5,Night Owl,76,Instagram / Reddit,57,1,73,38,46.3,5.71,20.5,14.0,3,4.5,Moderate Debt,45-54
Male,Student,Morning Lark,47,Messaging / Chat,99,1,81,60,33.2,8.07,24.4,23.1,1,1.0,Optimal Recovery,55+
Female,Remote Tech,Night Owl,61,YouTube,82,1,0,28,31.1,5.79,21.8,20.6,3,3.9,Moderate Debt,25-34
Male,Corporate 9-to-5,Morning Lark,21,Instagram / Reddit,46,0,0,53,20.5,8.0,28.0,19.4,0,1.0,Optimal Recovery,25-34
Female,Remote Tech,Night Owl,61,Messaging / Chat,84,1,0,64,30.1,5.22,24.8,19.0,2,4.5,Moderate Debt,25-34
Male,Healthcare / Shift Worker,Morning Lark,37,YouTube,82,0,0,65,21.4,7.07,22.1,20.1,3,1.0,Mild Deficit,35-44
Female,Corporate 9-to-5,Intermediate,126,TikTok / Reels,20,0,0,80,68.6,4.11,27.3,19.3,6,6.9,Moderate Debt,25-34
Male,Healthcare / Shift Worker,Intermediate,20,YouTube,67,1,0,2,18.5,5.42,22.4,21.8,2,3.2,Moderate Debt,35-44
Male,Remote Tech,Night Owl,17,YouTube,79,0,80,26,19.8,6.29,23.2,17.3,2,3.4,Moderate Debt,<25
Female,Freelance / Creative,Intermediate,42,TikTok / Reels,47,0,53,82,31.1,5.84,26.7,16.3,3,4.0,Moderate Debt,<25
Male,Corporate 9-to-5,Morning Lark,40,TikTok / Reels,30,0,0,18,34.1,7.02,19.7,16.9,2,2.1,Mild Deficit,25-34
Male,Freelance / Creative,Night Owl,102,Streaming (Netflix/Hulu),100,0,0,22,56.0,4.42,19.0,21.2,5,7.7,Moderate Debt,25-34
Male,Student,Intermediate,34,YouTube,87,1,0,35,33.6,7.93,24.9,22.0,1,1.0,Optimal Recovery,25-34
Male,Remote Tech,Intermediate,152,YouTube,61,0,89,71,82.1,4.11,22.6,20.6,4,7.8,Moderate Debt,25-34
Female,Remote Tech,Night Owl,46,Messaging / Chat,13,1,240,14,33.2,5.79,21.4,16.4,2,3.9,Moderate Debt,25-34
Female,Corporate 9-to-5,Intermediate,26,Instagram / Reddit,48,0,0,7,21.2,6.94,22.7,19.0,1,1.0,Mild Deficit,<25
Female,Freelance / Creative,Night Owl,36,TikTok / Reels,95,0,39,21,42.4,3.75,21.4,18.8,5,6.4,Moderate Debt,25-34
Female,Student,Intermediate,72,Streaming (Netflix/Hulu),83,1,99,64,40.8,6.58,19.9,18.8,2,3.5,Moderate Debt,55+
Female,Corporate 9-to-5,Night Owl,65,YouTube,51,1,20,43,34.9,5.54,22.3,21.8,4,3.9,Moderate Debt,25-34
Male,Corporate 9-to-5,Night Owl,118,Streaming (Netflix/Hulu),46,0,85,0,61.3,3.88,18.0,19.2,5,7.5,Moderate Debt,25-34
Female,Corporate 9-to-5,Intermediate,16,YouTube,85,1,23,37,19.7,6.82,24.6,22.6,0,1.0,Mild Deficit,35-44
Female,Student,Night Owl,37,YouTube,51,1,0,30,37.9,5.54,23.8,24.1,4,5.0,Moderate Debt,55+
Female,Student,Intermediate,180,TikTok / Reels,54,1,0,50,94.9,3.65,22.6,20.2,7,10.0,Severe Sleep Debt,25-34
Male,Remote Tech,Night Owl,30,TikTok / Reels,65,0,0,36,29.3,6.54,21.2,15.3,2,1.2,Moderate Debt,35-44
Male,Corporate 9-to-5,Night Owl,94,Instagram / Reddit,68,0,38,40,63.3,3.5,17.1,17.7,5,10.0,Severe Sleep Debt,35-44
Female,Remote Tech,Intermediate,7,Instagram / Reddit,34,0,20,34,19.4,8.18,24.8,18.5,1,1.0,Optimal Recovery,35-44
Male,Remote Tech,Intermediate,29,TikTok / Reels,68,1,86,14,33.9,6.81,21.3,17.9,1,1.5,Mild Deficit,<25
Female,Corporate 9-to-5,Night Owl,65,Messaging / Chat,36,1,0,41,27.2,5.14,23.1,19.6,3,4.7,Moderate Debt,35-44
Non-Binary,Corporate 9-to-5,Morning Lark,66,Instagram / Reddit,82,1,35,21,39.0,7.83,19.2,17.4,1,1.6,Optimal Recovery,<25
Male,Corporate 9-to-5,Intermediate,59,Instagram / Reddit,49,0,80,37,47.5,6.24,20.1,17.8,4,4.8,Moderate Debt,35-44
Female,Freelance / Creative,Intermediate,64,News / Reading,62,0,0,77,23.8,7.74,24.5,19.9,1,1.0,Mild Deficit,35-44
Male,Student,Morning Lark,93,Messaging / Chat,10,1,49,21,38.4,7.81,22.2,15.2,1,1.0,Optimal Recovery,<25
Male,Freelance / Creative,Night Owl,47,TikTok / Reels,73,0,0,32,35.8,5.27,21.0,21.5,3,3.9,Moderate Debt,45-54
Female,Corporate 9-to-5,Intermediate,116,Instagram / Reddit,76,1,0,32,59.8,4.12,17.5,20.3,6,8.7,Severe Sleep Debt,<25
Male,Healthcare / Shift Worker,Intermediate,51,Messaging / Chat,46,1,0,18,27.2,5.89,23.9,22.5,3,3.0,Moderate Debt,45-54
Female,Student,Night Owl,47,TikTok / Reels,29,0,0,55,32.1,5.67,23.4,15.2,3,4.3,Moderate Debt,25-34
Female,Remote Tech,Intermediate,12,TikTok / Reels,28,0,74,42,25.0,7.48,24.9,15.2,2,1.0,Mild Deficit,<25
Female,Corporate 9-to-5,Intermediate,103,TikTok / Reels,56,1,67,58,72.8,4.95,19.0,15.4,4,8.2,Moderate Debt,<25
Female,Student,Night Owl,15,YouTube,34,0,108,0,17.9,4.71,16.2,10.4,4,7.2,Moderate Debt,55+
Female,Freelance / Creative,Night Owl,87,Messaging / Chat,55,1,0,57,40.2,3.83,26.2,21.6,5,5.7,Moderate Debt,<25
Male,Corporate 9-to-5,Night Owl,73,Instagram / Reddit,58,0,0,38,52.8,4.89,17.9,16.9,4,5.4,Moderate Debt,<25
Female,Corporate 9-to-5,Morning Lark,113,TikTok / Reels,61,0,0,45,70.5,5.94,17.8,16.4,4,5.4,Moderate Debt,25-34
Female,Student,Morning Lark,11,Messaging / Chat,85,1,0,31,13.6,9.35,20.2,21.7,0,1.0,Optimal Recovery,35-44
Male,Freelance / Creative,Intermediate,130,TikTok / Reels,82,0,25,19,86.6,4.34,13.6,17.7,5,10.0,Severe Sleep Debt,25-34
Male,Student,Morning Lark,36,TikTok / Reels,59,0,45,43,31.4,9.22,24.8,16.4,0,1.0,Optimal Recovery,<25
Non-Binary,Corporate 9-to-5,Intermediate,31,TikTok / Reels,70,1,250,22,59.9,6.46,14.6,16.9,4,5.3,Moderate Debt,25-34
Male,Remote Tech,Intermediate,21,TikTok / Reels,64,0,77,35,32.9,6.6,18.9,17.0,2,1.6,Moderate Debt,25-34
Non-Binary,Remote Tech,Intermediate,43,TikTok / Reels,86,1,0,39,41.5,7.2,22.6,18.3,3,1.8,Mild Deficit,<25
Male,Healthcare / Shift Worker,Intermediate,58,Instagram / Reddit,59,0,93,34,59.9,5.02,20.1,17.3,5,6.6,Moderate Debt,25-34
Male,Student,Intermediate,67,YouTube,75,1,0,24,40.0,6.63,24.5,19.0,3,3.0,Moderate Debt,35-44
Male,Remote Tech,Intermediate,33,Streaming (Netflix/Hulu),100,0,0,56,30.9,7.15,22.5,19.7,2,2.2,Mild Deficit,<25
Female,Corporate 9-to-5,Morning Lark,30,TikTok / Reels,65,0,0,14,20.9,7.82,20.7,18.4,2,1.0,Optimal Recovery,25-34
Female,Freelance / Creative,Intermediate,136,YouTube,47,0,0,9,61.4,4.73,17.1,17.4,6,8.4,Moderate Debt,25-34
Male,Student,Intermediate,59,Messaging / Chat,48,1,0,0,40.4,6.8,16.5,16.6,2,1.1,Mild Deficit,55+
Female,Freelance / Creative,Night Owl,68,TikTok / Reels,42,0,0,0,57.5,3.87,21.5,24.7,4,7.5,Moderate Debt,55+
Female,Remote Tech,Night Owl,87,Streaming (Netflix/Hulu),72,1,181,31,51.1,4.1,18.3,18.3,4,9.3,Severe Sleep Debt,45-54
Male,Healthcare / Shift Worker,Night Owl,64,YouTube,64,0,0,27,41.5,3.76,17.5,21.8,4,7.9,Moderate Debt,25-34
Male,Healthcare / Shift Worker,Intermediate,32,TikTok / Reels,49,1,20,0,31.2,5.21,19.9,22.2,3,4.8,Moderate Debt,<25
Female,Corporate 9-to-5,Morning Lark,21,TikTok / Reels,87,0,0,36,26.1,9.8,18.1,16.5,0,1.0,Optimal Recovery,25-34
Male,Freelance / Creative,Morning Lark,75,Instagram / Reddit,49,0,0,52,44.6,6.83,20.3,17.7,3,3.4,Mild Deficit,25-34
Male,Corporate 9-to-5,Night Owl,70,YouTube,58,1,23,22,30.8,6.21,19.6,18.6,4,5.1,Moderate Debt,25-34
Male,Student,Morning Lark,66,YouTube,41,1,80,33,42.8,7.99,22.5,20.1,1,1.3,Optimal Recovery,35-44
Male,Freelance / Creative,Intermediate,51,Streaming (Netflix/Hulu),54,0,37,45,37.7,6.59,25.6,20.3,1,1.3,Moderate Debt,45-54
Male,Corporate 9-to-5,Morning Lark,49,News / Reading,40,0,95,22,39.9,7.0,19.3,21.7,4,3.0,Mild Deficit,45-54
Male,Student,Morning Lark,22,TikTok / Reels,54,1,0,32,19.4,8.94,22.5,21.0,0,1.0,Optimal Recovery,25-34
Female,Remote Tech,Night Owl,10,Streaming (Netflix/Hulu),35,1,134,45,32.0,6.09,22.3,19.6,3,3.9,Moderate Debt,35-44
Male,Student,Intermediate,90,Messaging / Chat,46,1,74,33,51.1,5.94,21.7,17.5,4,3.4,Moderate Debt,25-34
Male,Healthcare / Shift Worker,Intermediate,123,TikTok / Reels,42,1,0,40,71.8,4.18,16.9,20.1,5,7.2,Moderate Debt,<25
Male,Student,Morning Lark,72,Instagram / Reddit,43,0,69,38,53.8,7.9,21.6,20.3,2,1.5,Optimal Recovery,35-44
Male,Healthcare / Shift Worker,Intermediate,19,TikTok / Reels,38,0,90,46,34.8,5.57,21.9,14.6,3,4.8,Moderate Debt,<25
Female,Corporate 9-to-5,Night Owl,50,Streaming (Netflix/Hulu),50,0,93,1,39.6,4.82,18.3,19.6,3,6.2,Moderate Debt,25-34
Male,Corporate 9-to-5,Intermediate,27,TikTok / Reels,10,1,93,39,28.2,8.13,21.7,11.0,1,1.0,Optimal Recovery,25-34
Female,Remote Tech,Night Owl,40,YouTube,70,0,153,45,43.0,5.84,18.5,16.5,4,6.8,Moderate Debt,35-44
Female,Student,Morning Lark,23,Streaming (Netflix/Hulu),62,1,0,42,25.9,9.12,20.0,20.2,1,1.0,Optimal Recovery,35-44
Female,Corporate 9-to-5,Intermediate,54,Instagram / Reddit,62,0,129,66,50.3,6.3,22.6,18.2,3,3.4,Moderate Debt,25-34
Female,Student,Night Owl,84,YouTube,53,0,20,13,47.0,5.45,25.3,18.9,3,4.2,Moderate Debt,45-54
Male,Remote Tech,Night Owl,65,Instagram / Reddit,81,1,0,30,41.8,5.52,17.9,19.1,3,5.3,Moderate Debt,25-34
Female,Healthcare / Shift Worker,Morning Lark,37,News / Reading,42,0,42,74,29.6,6.37,19.0,25.4,2,3.4,Moderate Debt,25-34
Female,Corporate 9-to-5,Morning Lark,58,Messaging / Chat,22,0,38,54,27.9,7.96,22.8,18.4,1,1.0,Optimal Recovery,35-44
Male,Student,Intermediate,14,Streaming (Netflix/Hulu),61,0,27,17,25.5,7.15,21.2,19.0,2,1.5,Mild Deficit,35-44
Female,Student,Morning Lark,82,News / Reading,94,1,20,27,31.0,7.76,22.1,21.4,1,1.4,Optimal Recovery,55+
Female,Freelance / Creative,Morning Lark,73,Streaming (Netflix/Hulu),85,0,108,19,66.1,7.01,17.4,19.8,3,5.0,Mild Deficit,25-34
Female,Student,Intermediate,64,Streaming (Netflix/Hulu),74,1,0,12,56.1,5.47,21.5,20.6,5,6.3,Moderate Debt,35-44
Female,Healthcare / Shift Worker,Intermediate,104,News / Reading,100,1,0,10,47.7,3.81,22.2,20.2,3,6.2,Moderate Debt,35-44
Female,Freelance / Creative,Night Owl,63,Messaging / Chat,47,1,0,31,33.4,4.69,24.7,19.7,3,5.5,Moderate Debt,45-54
Female,Student,Morning Lark,39,YouTube,47,1,0,16,36.5,8.84,23.9,19.9,0,1.0,Optimal Recovery,<25
Male,Corporate 9-to-5,Night Owl,38,Instagram / Reddit,50,1,0,58,33.1,5.35,22.8,16.1,3,4.1,Moderate Debt,35-44
Female,Healthcare / Shift Worker,Night Owl,40,TikTok / Reels,10,0,0,34,30.8,3.73,25.8,18.9,4,6.3,Moderate Debt,35-44
Female,Student,Night Owl,64,TikTok / Reels,85,1,53,30,51.6,4.05,22.0,16.6,4,6.7,Moderate Debt,25-34
Male,Remote Tech,Night Owl,26,Streaming (Netflix/Hulu),56,0,0,47,16.4,4.58,23.2,17.2,4,4.2,Moderate Debt,25-34
Female,Student,Night Owl,30,YouTube,43,1,61,34,24.9,5.81,20.0,18.2,2,3.4,Moderate Debt,25-34
Male,Healthcare / Shift Worker,Night Owl,21,Streaming (Netflix/Hulu),51,1,43,47,20.3,5.2,24.7,23.1,4,3.7,Moderate Debt,35-44
Female,Freelance / Creative,Intermediate,25,News / Reading,36,1,20,32,16.8,7.54,23.5,22.4,1,1.0,Mild Deficit,45-54
Female,Freelance / Creative,Intermediate,46,Instagram / Reddit,56,0,0,17,42.7,7.6,24.9,20.1,1,1.0,Mild Deficit,35-44
Male,Corporate 9-to-5,Night Owl,134,TikTok / Reels,45,0,0,17,84.8,3.46,22.3,21.7,6,9.7,Severe Sleep Debt,35-44
Female,Remote Tech,Intermediate,20,Streaming (Netflix/Hulu),46,0,0,0,21.0,8.23,23.6,19.5,1,1.0,Optimal Recovery,25-34
Female,Corporate 9-to-5,Morning Lark,100,TikTok / Reels,38,0,35,46,69.7,6.41,20.6,17.0,5,4.9,Moderate Debt,<25
Male,Corporate 9-to-5,Night Owl,31,Instagram / Reddit,56,1,102,0,36.0,6.29,19.0,22.6,3,3.4,Moderate Debt,25-34
Female,Healthcare / Shift Worker,Intermediate,94,Instagram / Reddit,45,0,126,21,69.4,4.48,15.3,18.4,5,9.2,Severe Sleep Debt,25-34
Male,Remote Tech,Night Owl,40,Instagram / Reddit,82,1,25,44,39.1,5.74,21.7,18.5,3,3.9,Moderate Debt,25-34
Male,Student,Morning Lark,61,TikTok / Reels,66,0,26,1,41.1,6.97,24.7,18.9,3,1.5,Mild Deficit,<25
Female,Student,Intermediate,62,TikTok / Reels,29,1,0,41,45.5,6.1,27.4,17.5,3,3.0,Moderate Debt,25-34
Male,Healthcare / Shift Worker,Morning Lark,44,TikTok / Reels,67,0,91,17,58.3,5.66,15.4,13.3,3,6.1,Moderate Debt,25-34
Female,Corporate 9-to-5,Night Owl,43,Instagram / Reddit,62,0,0,46,32.5,5.57,19.1,19.1,3,4.1,Moderate Debt,25-34
Non-Binary,Corporate 9-to-5,Morning Lark,120,Instagram / Reddit,56,0,0,39,70.4,6.75,19.0,22.4,5,5.5,Mild Deficit,25-34
Male,Remote Tech,Night Owl,54,YouTube,52,0,0,15,47.6,5.34,17.8,20.8,4,5.6,Moderate Debt,<25
Male,Remote Tech,Morning Lark,40,YouTube,79,0,0,65,34.8,8.86,21.8,18.3,0,1.0,Optimal Recovery,55+
Female,Freelance / Creative,Morning Lark,166,Messaging / Chat,33,0,100,73,89.4,4.57,23.1,18.7,5,9.4,Severe Sleep Debt,45-54
Male,Healthcare / Shift Worker,Morning Lark,175,News / Reading,54,0,0,18,70.1,3.2,21.1,20.0,7,10.0,Severe Sleep Debt,35-44
Female,Remote Tech,Intermediate,180,TikTok / Reels,21,1,27,36,93.4,3.5,20.8,17.8,7,10.0,Severe Sleep Debt,<25
Female,Healthcare / Shift Worker,Intermediate,17,Streaming (Netflix/Hulu),66,0,179,43,28.5,6.27,17.6,19.3,2,3.5,Moderate Debt,35-44
Male,Corporate 9-to-5,Morning Lark,7,TikTok / Reels,54,0,0,68,22.6,8.77,24.4,19.9,2,1.0,Optimal Recovery,45-54
Female,Healthcare / Shift Worker,Intermediate,61,Streaming (Netflix/Hulu),35,0,0,0,36.1,4.57,23.8,20.0,4,6.9,Moderate Debt,35-44
Male,Corporate 9-to-5,Morning Lark,125,YouTube,59,1,0,51,60.8,7.23,27.3,22.3,2,2.9,Mild Deficit,<25
Female,Student,Night Owl,50,Streaming (Netflix/Hulu),82,0,0,17,43.8,5.24,20.9,20.6,4,5.1,Moderate Debt,35-44
Male,Remote Tech,Morning Lark,112,YouTube,57,0,0,27,63.2,6.03,26.7,21.9,5,5.0,Moderate Debt,45-54
Female,Corporate 9-to-5,Intermediate,118,Messaging / Chat,24,0,0,40,68.0,4.99,23.3,21.2,6,7.3,Moderate Debt,35-44
Female,Corporate 9-to-5,Intermediate,31,TikTok / Reels,55,1,0,48,20.0,8.74,18.6,18.3,1,1.0,Optimal Recovery,35-44
Female,Remote Tech,Night Owl,45,News / Reading,61,1,42,55,28.7,5.7,27.3,19.1,2,3.5,Moderate Debt,25-34
Male,Student,Night Owl,12,TikTok / Reels,41,1,55,13,22.2,7.01,21.8,14.4,2,1.0,Mild Deficit,25-34
Female,Corporate 9-to-5,Night Owl,21,TikTok / Reels,99,0,46,45,29.2,5.34,25.5,16.2,2,3.6,Moderate Debt,<25
Male,Student,Morning Lark,26,Instagram / Reddit,26,0,196,52,35.0,8.28,18.0,20.0,0,1.0,Optimal Recovery,35-44
Female,Student,Night Owl,16,Streaming (Netflix/Hulu),10,1,0,15,23.1,6.12,24.6,16.8,3,3.0,Moderate Debt,<25
Female,Student,Night Owl,59,Instagram / Reddit,36,1,23,19,29.8,5.43,21.2,20.2,3,4.6,Moderate Debt,25-34
Female,Student,Night Owl,16,TikTok / Reels,16,1,20,30,25.5,6.84,20.8,18.5,1,1.5,Mild Deficit,25-34
Female,Corporate 9-to-5,Intermediate,98,Messaging / Chat,74,0,0,15,53.4,5.67,16.4,17.4,4,6.5,Moderate Debt,25-34
Male,Remote Tech,Night Owl,125,YouTube,76,1,0,29,63.4,3.2,16.5,22.9,6,9.8,Severe Sleep Debt,<25
Male,Freelance / Creative,Intermediate,113,YouTube,23,1,0,35,47.6,5.22,20.3,19.2,3,4.3,Moderate Debt,35-44
Female,Student,Intermediate,76,Instagram / Reddit,33,1,20,43,58.9,6.32,23.2,15.5,3,4.0,Moderate Debt,35-44
Male,Student,Intermediate,3,Instagram / Reddit,31,1,0,58,14.0,7.05,26.2,24.5,1,1.0,Mild Deficit,<25
Male,Student,Intermediate,89,Instagram / Reddit,55,0,75,18,57.4,5.6,16.9,21.4,6,7.6,Moderate Debt,<25
Female,Corporate 9-to-5,Intermediate,95,Instagram / Reddit,64,0,0,27,64.7,4.85,16.9,16.9,4,7.4,Moderate Debt,<25
Female,Student,Intermediate,25,Messaging / Chat,85,0,103,49,29.2,7.04,26.0,16.8,2,1.8,Mild Deficit,45-54
Male,Freelance / Creative,Night Owl,80,Messaging / Chat,63,0,0,83,43.0,4.23,22.3,19.5,2,4.9,Moderate Debt,25-34
Female,Corporate 9-to-5,Intermediate,65,Streaming (Netflix/Hulu),48,0,20,35,40.6,5.55,25.8,17.6,3,4.1,Moderate Debt,25-34
Female,Healthcare / Shift Worker,Intermediate,40,TikTok / Reels,47,0,0,43,35.2,5.11,21.8,20.3,4,4.3,Moderate Debt,<25
Female,Corporate 9-to-5,Morning Lark,65,Streaming (Netflix/Hulu),57,1,0,40,42.1,7.74,21.7,16.7,2,1.0,Mild Deficit,35-44
Male,Remote Tech,Night Owl,112,News / Reading,58,1,0,30,46.6,4.36,23.2,19.2,4,7.2,Moderate Debt,45-54
Female,Healthcare / Shift Worker,Intermediate,32,YouTube,53,0,68,23,31.7,6.43,20.0,14.7,3,4.4,Moderate Debt,45-54
Female,Healthcare / Shift Worker,Morning Lark,31,Streaming (Netflix/Hulu),57,0,0,51,16.4,6.35,27.4,19.2,3,2.4,Moderate Debt,35-44
Female,Healthcare / Shift Worker,Night Owl,64,Instagram / Reddit,55,0,0,87,31.2,3.48,26.4,20.3,6,7.7,Moderate Debt,<25
Female,Freelance / Creative,Morning Lark,39,Instagram / Reddit,26,1,128,56,44.1,8.49,18.0,14.1,0,1.0,Optimal Recovery,<25
Female,Remote Tech,Morning Lark,21,Messaging / Chat,58,1,69,36,25.6,9.01,20.8,18.9,0,1.0,Optimal Recovery,<25
Male,Student,Intermediate,96,YouTube,38,0,114,29,50.7,5.19,17.6,14.4,5,7.7,Moderate Debt,25-34
Female,Remote Tech,Intermediate,66,YouTube,59,1,37,43,31.7,6.22,23.6,21.0,3,1.6,Moderate Debt,<25
Male,Remote Tech,Morning Lark,9,TikTok / Reels,65,1,43,37,23.7,8.71,24.5,18.2,0,1.0,Optimal Recovery,25-34
Female,Remote Tech,Intermediate,84,Messaging / Chat,79,1,0,31,44.8,6.02,17.3,19.8,3,4.2,Moderate Debt,25-34
Male,Student,Night Owl,79,YouTube,54,1,159,16,64.6,3.52,21.1,18.6,5,9.8,Severe Sleep Debt,55+
Male,Remote Tech,Intermediate,60,News / Reading,42,0,0,45,36.4,6.26,20.7,22.4,3,5.1,Moderate Debt,35-44
Female,Healthcare / Shift Worker,Morning Lark,43,YouTube,72,0,0,74,23.5,7.66,27.4,19.5,0,1.0,Mild Deficit,45-54
Male,Student,Night Owl,41,YouTube,56,0,0,42,31.4,5.32,24.3,21.6,4,4.2,Moderate Debt,35-44
Female,Corporate 9-to-5,Intermediate,77,YouTube,94,1,0,12,43.4,6.14,21.8,22.8,5,4.8,Moderate Debt,<25
Male,Student,Intermediate,18,Streaming (Netflix/Hulu),27,0,0,22,37.0,6.28,20.3,20.7,3,3.5,Moderate Debt,35-44
Female,Remote Tech,Morning Lark,68,YouTube,43,1,0,84,39.9,5.27,28.0,21.9,1,2.6,Moderate Debt,25-34
Non-Binary,Remote Tech,Intermediate,78,YouTube,41,0,0,17,35.8,7.11,17.9,16.4,1,2.3,Mild Deficit,35-44
Male,Healthcare / Shift Worker,Intermediate,93,YouTube,92,1,109,62,51.9,3.27,19.5,15.8,5,9.7,Severe Sleep Debt,25-34
Male,Remote Tech,Night Owl,31,News / Reading,64,1,0,17,13.5,6.52,22.0,17.2,2,2.4,Moderate Debt,55+
Male,Healthcare / Shift Worker,Intermediate,35,Messaging / Chat,18,0,66,22,30.5,5.2,17.5,19.7,4,6.1,Moderate Debt,25-34
Female,Student,Intermediate,75,TikTok / Reels,19,0,0,62,44.7,6.09,27.1,18.5,4,3.7,Moderate Debt,25-34
Male,Remote Tech,Night Owl,30,Streaming (Netflix/Hulu),72,0,127,45,37.8,6.08,23.6,18.4,1,3.9,Moderate Debt,55+
Male,Student,Night Owl,18,Instagram / Reddit,34,1,136,35,50.0,5.28,21.2,18.1,3,6.2,Moderate Debt,<25
Male,Corporate 9-to-5,Morning Lark,46,Streaming (Netflix/Hulu),55,1,20,22,22.7,8.81,20.5,15.6,0,1.0,Optimal Recovery,35-44
Female,Corporate 9-to-5,Night Owl,145,TikTok / Reels,51,1,0,63,87.3,3.28,25.5,19.9,7,10.0,Severe Sleep Debt,35-44
Male,Corporate 9-to-5,Intermediate,54,Instagram / Reddit,95,0,43,21,47.3,7.0,19.3,19.4,1,2.2,Mild Deficit,45-54
Female,Remote Tech,Intermediate,11,Streaming (Netflix/Hulu),50,1,0,11,30.5,6.44,20.8,22.5,2,3.4,Moderate Debt,55+
Male,Corporate 9-to-5,Intermediate,59,YouTube,47,1,0,47,41.6,7.4,20.1,19.6,3,2.9,Mild Deficit,55+
Female,Freelance / Creative,Intermediate,43,TikTok / Reels,66,0,73,21,48.1,6.4,15.1,18.1,2,5.0,Moderate Debt,<25
Female,Remote Tech,Morning Lark,23,YouTube,77,1,0,29,14.1,9.16,20.0,20.1,0,1.0,Optimal Recovery,45-54
Male,Student,Intermediate,36,Messaging / Chat,57,1,0,68,29.7,6.91,28.0,18.3,3,2.1,Mild Deficit,35-44
Female,Corporate 9-to-5,Intermediate,124,Messaging / Chat,10,0,0,0,55.5,6.6,18.8,12.5,4,2.9,Moderate Debt,35-44
Male,Corporate 9-to-5,Morning Lark,24,TikTok / Reels,71,0,103,32,31.0,8.48,24.0,15.8,0,1.0,Optimal Recovery,<25
Male,Corporate 9-to-5,Intermediate,134,Streaming (Netflix/Hulu),28,0,0,46,52.4,5.5,18.7,20.9,4,6.6,Moderate Debt,35-44
Female,Student,Night Owl,52,YouTube,24,1,0,34,27.5,6.41,24.0,20.4,2,1.0,Moderate Debt,55+
Female,Remote Tech,Night Owl,40,Streaming (Netflix/Hulu),45,0,33,5,25.2,4.78,20.0,17.9,5,4.7,Moderate Debt,45-54
Male,Remote Tech,Intermediate,42,Instagram / Reddit,58,1,77,18,42.9,6.24,19.8,20.3,3,4.4,Moderate Debt,25-34
Female,Remote Tech,Night Owl,44,YouTube,84,1,0,54,33.9,3.91,21.3,22.9,4,6.2,Moderate Debt,<25
Male,Student,Intermediate,130,Streaming (Netflix/Hulu),14,1,0,47,46.6,6.53,23.5,19.3,3,3.3,Moderate Debt,25-34
Non-Binary,Corporate 9-to-5,Morning Lark,8,Streaming (Netflix/Hulu),58,0,0,17,10.2,8.68,25.4,24.0,0,1.0,Optimal Recovery,45-54
Female,Student,Intermediate,40,YouTube,85,0,0,79,28.3,7.75,26.1,19.6,0,1.0,Optimal Recovery,35-44
Female,Remote Tech,Morning Lark,44,TikTok / Reels,53,0,0,40,38.4,7.96,24.7,15.3,2,1.3,Optimal Recovery,25-34
Female,Student,Night Owl,78,Messaging / Chat,70,1,0,60,52.6,5.66,23.8,20.5,5,6.2,Moderate Debt,<25
Male,Corporate 9-to-5,Night Owl,50,TikTok / Reels,69,0,130,24,58.5,4.89,20.9,14.3,5,8.0,Moderate Debt,25-34
Female,Remote Tech,Intermediate,53,Streaming (Netflix/Hulu),44,0,0,76,29.0,6.75,26.1,18.1,2,2.3,Mild Deficit,25-34
Female,Corporate 9-to-5,Intermediate,138,Instagram / Reddit,67,0,0,16,77.8,4.89,17.7,19.1,5,8.2,Moderate Debt,55+
Male,Freelance / Creative,Intermediate,54,TikTok / Reels,57,0,65,60,53.2,7.92,25.3,17.1,1,1.0,Optimal Recovery,35-44
Male,Remote Tech,Intermediate,38,Instagram / Reddit,49,1,59,0,36.2,6.4,21.8,19.8,4,3.2,Moderate Debt,25-34
Female,Freelance / Creative,Night Owl,53,News / Reading,87,0,79,65,42.8,5.13,20.1,22.5,4,6.0,Moderate Debt,25-34
Female,Remote Tech,Intermediate,55,TikTok / Reels,52,0,127,42,59.2,7.01,19.6,16.6,3,4.1,Mild Deficit,<25
Male,Corporate 9-to-5,Morning Lark,18,TikTok / Reels,85,1,0,31,22.9,8.52,18.0,12.4,0,1.0,Optimal Recovery,55+
Male,Remote Tech,Night Owl,101,Streaming (Netflix/Hulu),48,1,0,29,45.8,4.95,18.8,21.4,5,7.7,Moderate Debt,25-34
Male,Corporate 9-to-5,Morning Lark,67,Instagram / Reddit,52,0,47,36,39.7,8.37,18.7,16.1,0,1.0,Optimal Recovery,25-34
Male,Freelance / Creative,Night Owl,26,Instagram / Reddit,50,0,0,0,28.1,5.3,23.0,20.5,3,2.8,Moderate Debt,25-34
Non-Binary,Healthcare / Shift Worker,Intermediate,66,Instagram / Reddit,76,1,0,25,59.6,4.67,16.8,19.3,3,6.3,Moderate Debt,35-44
Male,Student,Intermediate,15,Instagram / Reddit,38,0,192,57,37.1,6.95,20.2,15.6,3,3.0,Mild Deficit,35-44
Male,Student,Morning Lark,71,YouTube,64,1,56,62,39.4,7.29,19.7,17.5,2,2.5,Mild Deficit,35-44
Male,Remote Tech,Intermediate,81,YouTube,63,0,0,12,42.9,6.02,14.0,20.3,3,5.3,Moderate Debt,25-34
Male,Freelance / Creative,Night Owl,160,TikTok / Reels,63,1,0,65,93.3,3.2,21.1,21.4,7,10.0,Severe Sleep Debt,25-34
Female,Corporate 9-to-5,Intermediate,26,Instagram / Reddit,96,1,37,3,32.2,6.7,19.8,22.7,2,1.6,Moderate Debt,<25
Female,Student,Night Owl,54,Instagram / Reddit,51,1,36,48,42.0,4.99,21.9,18.1,4,5.9,Moderate Debt,35-44
Male,Remote Tech,Intermediate,48,Streaming (Netflix/Hulu),100,1,32,41,29.5,6.15,23.7,19.5,2,2.9,Moderate Debt,<25
Female,Freelance / Creative,Night Owl,33,News / Reading,77,1,0,24,22.8,5.16,22.3,19.8,2,4.8,Moderate Debt,35-44
Male,Healthcare / Shift Worker,Night Owl,27,News / Reading,26,0,88,70,18.6,5.1,22.0,19.1,4,4.6,Moderate Debt,45-54
Female,Freelance / Creative,Intermediate,46,Streaming (Netflix/Hulu),32,1,118,29,28.4,7.51,20.5,18.5,0,1.4,Mild Deficit,45-54
Male,Remote Tech,Intermediate,56,YouTube,76,0,0,69,43.0,6.61,23.5,19.9,3,2.1,Moderate Debt,25-34
Female,Corporate 9-to-5,Night Owl,36,YouTube,40,0,183,39,49.7,4.78,17.3,14.6,5,7.6,Moderate Debt,25-34
Male,Remote Tech,Morning Lark,65,Instagram / Reddit,60,1,0,26,44.4,7.25,21.5,16.2,2,1.0,Mild Deficit,<25
Male,Student,Night Owl,51,Streaming (Netflix/Hulu),41,0,0,58,28.8,4.93,26.3,18.7,4,5.2,Moderate Debt,35-44
Female,Student,Intermediate,25,TikTok / Reels,46,0,110,12,44.2,7.3,22.0,16.3,3,2.8,Mild Deficit,45-54
Male,Corporate 9-to-5,Night Owl,87,News / Reading,50,1,57,49,55.6,5.83,22.5,23.4,3,5.1,Moderate Debt,25-34
Female,Remote Tech,Morning Lark,83,TikTok / Reels,75,1,0,57,57.3,6.81,22.3,17.4,2,3.2,Mild Deficit,25-34
Female,Corporate 9-to-5,Night Owl,46,Streaming (Netflix/Hulu),50,0,0,14,41.3,6.2,22.0,20.6,3,5.5,Moderate Debt,45-54
Female,Healthcare / Shift Worker,Intermediate,6,Instagram / Reddit,84,0,0,43,14.7,7.33,26.9,15.1,2,1.0,Mild Deficit,45-54
Female,Corporate 9-to-5,Night Owl,15,YouTube,35,1,0,52,25.9,6.07,27.2,15.0,1,1.3,Moderate Debt,25-34
Non-Binary,Student,Intermediate,104,Instagram / Reddit,71,1,0,56,59.6,5.62,23.4,13.9,4,4.1,Moderate Debt,25-34
Female,Corporate 9-to-5,Intermediate,141,TikTok / Reels,59,0,0,43,90.5,4.3,21.0,23.1,6,9.3,Severe Sleep Debt,<25
Male,Remote Tech,Night Owl,98,News / Reading,30,1,0,55,36.8,4.76,21.6,21.8,3,6.3,Moderate Debt,<25
Female,Freelance / Creative,Night Owl,30,News / Reading,43,0,0,54,23.0,6.4,21.7,18.9,2,3.1,Moderate Debt,45-54
Male,Corporate 9-to-5,Night Owl,84,Instagram / Reddit,53,1,0,30,45.2,4.84,23.5,18.2,4,5.8,Moderate Debt,45-54
Female,Corporate 9-to-5,Intermediate,78,YouTube,80,0,21,24,39.4,6.66,22.0,18.6,3,1.5,Moderate Debt,35-44
Male,Corporate 9-to-5,Intermediate,79,TikTok / Reels,52,1,20,38,52.7,6.04,22.9,21.5,3,4.7,Moderate Debt,<25
Male,Remote Tech,Intermediate,49,TikTok / Reels,96,0,91,36,43.3,6.38,16.3,17.3,2,3.9,Moderate Debt,45-54
Male,Student,Intermediate,55,Streaming (Netflix/Hulu),49,0,0,36,31.8,4.89,28.0,21.0,4,5.0,Moderate Debt,25-34
Female,Corporate 9-to-5,Morning Lark,16,YouTube,57,0,140,59,25.2,8.06,18.5,20.2,2,2.2,Optimal Recovery,25-34
Male,Student,Intermediate,180,Instagram / Reddit,81,1,230,28,110.0,3.2,14.6,16.5,6,10.0,Severe Sleep Debt,25-34
Female,Corporate 9-to-5,Night Owl,15,YouTube,30,1,0,17,14.5,7.74,17.7,22.0,0,1.0,Mild Deficit,<25
Female,Healthcare / Shift Worker,Intermediate,36,Messaging / Chat,79,1,0,64,31.2,5.62,23.5,14.6,3,3.5,Moderate Debt,35-44
Female,Healthcare / Shift Worker,Night Owl,172,TikTok / Reels,42,0,0,51,91.0,3.2,24.0,16.1,6,10.0,Severe Sleep Debt,35-44
Female,Freelance / Creative,Morning Lark,42,YouTube,50,0,99,29,48.8,9.09,17.5,23.6,0,1.0,Optimal Recovery,<25
Female,Freelance / Creative,Night Owl,46,Instagram / Reddit,60,1,0,4,32.4,4.7,23.3,17.5,3,3.8,Moderate Debt,<25
Male,Remote Tech,Intermediate,51,News / Reading,39,1,0,61,19.3,7.1,24.2,22.3,1,1.0,Mild Deficit,<25
Female,Remote Tech,Night Owl,56,Instagram / Reddit,100,1,0,20,36.3,4.9,17.9,17.9,4,6.7,Moderate Debt,<25
Female,Student,Intermediate,23,Instagram / Reddit,59,1,0,12,17.9,7.12,21.9,20.5,1,1.0,Mild Deficit,35-44
Female,Corporate 9-to-5,Night Owl,76,Streaming (Netflix/Hulu),58,0,0,72,43.9,5.0,19.6,25.1,3,5.2,Moderate Debt,45-54
Male,Corporate 9-to-5,Intermediate,74,News / Reading,43,0,0,57,28.9,7.47,20.4,21.9,2,1.4,Mild Deficit,<25
Male,Corporate 9-to-5,Intermediate,47,Streaming (Netflix/Hulu),28,0,0,35,25.6,7.65,19.8,26.9,1,1.0,Mild Deficit,<25
Female,Remote Tech,Morning Lark,69,TikTok / Reels,78,1,0,40,46.2,8.48,23.6,21.0,2,1.4,Optimal Recovery,35-44
Male,Remote Tech,Intermediate,28,Instagram / Reddit,50,1,73,43,54.6,6.03,25.7,14.9,3,4.6,Moderate Debt,45-54
Male,Corporate 9-to-5,Night Owl,125,Instagram / Reddit,62,1,234,29,81.0,3.2,13.2,10.4,7,10.0,Severe Sleep Debt,25-34
Female,Corporate 9-to-5,Morning Lark,180,Instagram / Reddit,35,0,0,54,81.9,5.54,23.2,13.6,4,6.1,Moderate Debt,25-34
Male,Student,Night Owl,37,Instagram / Reddit,71,0,127,68,51.6,5.0,20.8,16.1,3,6.9,Moderate Debt,35-44
Male,Corporate 9-to-5,Morning Lark,53,TikTok / Reels,49,1,0,57,43.9,6.92,25.3,17.4,2,1.5,Mild Deficit,25-34
Male,Freelance / Creative,Night Owl,23,Instagram / Reddit,22,1,20,32,24.4,5.15,21.1,18.7,3,4.6,Moderate Debt,<25
Female,Corporate 9-to-5,Night Owl,79,Instagram / Reddit,49,1,0,38,45.3,4.57,24.7,18.9,5,7.3,Moderate Debt,35-44
Female,Student,Intermediate,38,YouTube,71,1,0,17,33.3,6.99,20.6,23.1,3,3.0,Mild Deficit,35-44
Female,Remote Tech,Morning Lark,38,Messaging / Chat,67,1,0,49,26.0,7.49,23.0,16.4,1,1.2,Mild Deficit,35-44
Male,Corporate 9-to-5,Intermediate,77,YouTube,63,0,220,0,57.2,7.31,16.6,17.2,3,4.9,Mild Deficit,35-44
Male,Remote Tech,Morning Lark,60,Streaming (Netflix/Hulu),54,0,80,37,43.7,7.84,21.4,19.7,2,1.4,Optimal Recovery,35-44
Female,Remote Tech,Intermediate,29,Streaming (Netflix/Hulu),56,0,20,15,41.2,7.54,21.5,22.7,3,2.7,Mild Deficit,<25
Female,Healthcare / Shift Worker,Intermediate,8,Instagram / Reddit,44,0,0,19,19.8,5.87,21.1,20.8,3,2.1,Moderate Debt,25-34
Male,Student,Intermediate,39,YouTube,78,1,0,35,28.1,6.14,26.8,23.8,3,1.8,Moderate Debt,<25
Male,Corporate 9-to-5,Morning Lark,15,TikTok / Reels,54,0,0,24,33.6,7.76,27.1,16.5,3,1.0,Optimal Recovery,<25
Male,Corporate 9-to-5,Morning Lark,88,Streaming (Netflix/Hulu),44,0,0,27,48.8,7.59,27.5,22.0,0,1.0,Mild Deficit,35-44
Male,Corporate 9-to-5,Morning Lark,45,News / Reading,91,0,0,0,22.7,9.79,23.4,22.7,0,1.0,Optimal Recovery,45-54
Male,Corporate 9-to-5,Intermediate,36,Messaging / Chat,80,0,58,30,49.0,7.46,20.0,17.7,2,2.4,Mild Deficit,55+
Female,Remote Tech,Intermediate,29,Streaming (Netflix/Hulu),57,1,0,95,24.9,7.55,25.5,20.1,1,1.0,Mild Deficit,35-44
Female,Freelance / Creative,Morning Lark,61,YouTube,48,0,31,52,40.3,7.59,24.0,19.2,4,1.7,Mild Deficit,<25
Female,Remote Tech,Intermediate,43,TikTok / Reels,49,1,75,39,33.4,7.29,20.1,19.3,1,1.8,Mild Deficit,<25
Male,Student,Night Owl,87,Streaming (Netflix/Hulu),36,0,20,31,46.0,4.38,18.8,19.9,4,7.0,Moderate Debt,45-54
Female,Student,Intermediate,45,TikTok / Reels,74,1,202,1,52.4,5.88,18.4,15.3,2,5.5,Moderate Debt,35-44
Female,Healthcare / Shift Worker,Night Owl,85,Messaging / Chat,92,0,0,40,49.4,3.2,21.7,16.3,4,9.5,Severe Sleep Debt,35-44
Female,Corporate 9-to-5,Intermediate,36,YouTube,66,0,52,49,32.4,6.18,25.2,24.3,1,1.8,Moderate Debt,35-44
Female,Student,Morning Lark,60,YouTube,86,1,166,61,49.9,7.02,15.2,16.5,1,4.3,Mild Deficit,35-44
Male,Healthcare / Shift Worker,Intermediate,19,YouTube,72,1,0,6,20.6,5.83,21.4,17.6,3,3.1,Moderate Debt,45-54
Female,Corporate 9-to-5,Intermediate,48,YouTube,26,0,95,59,28.3,7.38,18.0,18.0,0,1.0,Mild Deficit,<25
Female,Corporate 9-to-5,Night Owl,128,Streaming (Netflix/Hulu),84,0,0,54,52.3,3.35,17.2,19.6,6,10.0,Severe Sleep Debt,35-44
Male,Freelance / Creative,Intermediate,20,YouTube,51,0,0,0,11.5,6.93,24.2,18.9,2,1.0,Mild Deficit,45-54
Female,Healthcare / Shift Worker,Night Owl,72,Instagram / Reddit,59,0,0,4,47.3,3.3,20.7,20.4,7,9.6,Severe Sleep Debt,25-34
Male,Corporate 9-to-5,Intermediate,130,Streaming (Netflix/Hulu),37,0,0,5,56.0,5.61,19.7,17.2,4,5.8,Moderate Debt,35-44
Male,Remote Tech,Intermediate,31,TikTok / Reels,20,0,51,60,37.8,6.18,21.4,16.0,2,1.7,Moderate Debt,25-34
Male,Remote Tech,Morning Lark,40,YouTube,43,0,0,34,32.2,7.28,24.3,20.5,2,1.0,Mild Deficit,55+
Male,Remote Tech,Morning Lark,30,Streaming (Netflix/Hulu),60,1,26,34,18.5,8.71,20.8,23.8,0,1.0,Optimal Recovery,<25
Female,Remote Tech,Intermediate,84,TikTok / Reels,58,1,0,66,54.1,5.55,27.0,14.1,4,5.6,Moderate Debt,35-44
Male,Corporate 9-to-5,Intermediate,88,Instagram / Reddit,71,1,0,24,54.7,5.15,20.2,18.8,5,5.2,Moderate Debt,<25
Female,Student,Night Owl,110,Instagram / Reddit,61,1,30,39,56.5,4.78,22.3,20.9,4,6.8,Moderate Debt,35-44
Female,Student,Night Owl,137,Instagram / Reddit,58,1,0,7,65.2,3.31,21.9,21.8,6,10.0,Severe Sleep Debt,<25
Female,Healthcare / Shift Worker,Morning Lark,18,YouTube,44,0,0,51,14.8,7.22,17.5,21.5,0,1.0,Mild Deficit,25-34
Female,Corporate 9-to-5,Intermediate,87,TikTok / Reels,95,0,0,39,62.4,4.84,16.8,17.0,4,8.2,Moderate Debt,25-34
Male,Healthcare / Shift Worker,Morning Lark,115,News / Reading,94,0,0,45,59.3,4.49,20.0,20.6,4,8.2,Moderate Debt,45-54
Female,Corporate 9-to-5,Intermediate,104,TikTok / Reels,60,1,0,52,61.9,4.33,22.6,17.2,5,7.3,Moderate Debt,<25
Male,Remote Tech,Night Owl,27,TikTok / Reels,27,1,0,40,25.2,6.67,24.9,17.7,3,2.2,Moderate Debt,<25
Female,Freelance / Creative,Intermediate,85,Instagram / Reddit,62,0,33,24,54.1,5.39,24.4,19.8,5,5.8,Moderate Debt,35-44
Female,Remote Tech,Night Owl,85,News / Reading,30,0,21,69,38.7,5.1,22.0,23.7,3,5.4,Moderate Debt,25-34
Male,Corporate 9-to-5,Night Owl,41,YouTube,27,1,0,66,26.5,6.92,23.9,18.7,2,1.0,Mild Deficit,45-54
Female,Corporate 9-to-5,Intermediate,60,YouTube,75,0,178,40,49.9,6.89,14.5,11.7,2,4.7,Mild Deficit,<25
Male,Remote Tech,Morning Lark,7,Instagram / Reddit,38,1,0,29,17.9,8.09,24.1,22.4,1,1.0,Optimal Recovery,35-44
Female,Student,Intermediate,71,TikTok / Reels,45,1,101,68,46.2,6.2,19.9,14.8,4,5.1,Moderate Debt,25-34
Female,Freelance / Creative,Morning Lark,48,Instagram / Reddit,73,0,31,46,32.6,7.31,19.3,17.4,2,2.2,Mild Deficit,<25
Female,Healthcare / Shift Worker,Intermediate,55,Instagram / Reddit,64,0,0,49,35.3,6.08,25.4,21.0,2,1.7,Moderate Debt,35-44
Male,Healthcare / Shift Worker,Night Owl,50,Instagram / Reddit,69,0,64,52,41.3,4.24,24.3,14.3,3,6.5,Moderate Debt,35-44
Female,Student,Intermediate,46,YouTube,91,1,36,33,31.0,6.48,24.4,18.6,2,2.4,Moderate Debt,35-44
Female,Healthcare / Shift Worker,Night Owl,20,Messaging / Chat,44,0,0,7,15.2,4.01,18.4,22.3,4,4.9,Moderate Debt,25-34
Female,Corporate 9-to-5,Night Owl,35,TikTok / Reels,62,0,79,0,42.3,4.92,23.9,15.6,4,5.8,Moderate Debt,25-34
Male,Freelance / Creative,Night Owl,70,Instagram / Reddit,85,0,106,17,56.5,5.25,18.3,17.6,3,6.5,Moderate Debt,25-34
Male,Remote Tech,Intermediate,108,Messaging / Chat,37,0,82,54,58.7,5.81,18.6,17.0,4,5.6,Moderate Debt,55+
Male,Freelance / Creative,Night Owl,27,TikTok / Reels,52,0,0,50,27.3,4.7,23.2,15.8,2,5.2,Moderate Debt,25-34
Female,Corporate 9-to-5,Intermediate,63,TikTok / Reels,72,1,0,49,64.6,4.61,18.5,13.9,4,6.9,Moderate Debt,25-34
Male,Student,Intermediate,53,TikTok / Reels,30,0,125,18,47.5,7.63,21.0,16.7,2,1.8,Mild Deficit,25-34
Male,Student,Night Owl,103,Messaging / Chat,60,1,0,66,52.4,4.02,24.0,25.0,4,6.9,Moderate Debt,35-44
Male,Freelance / Creative,Night Owl,48,Instagram / Reddit,49,0,0,91,38.0,5.19,25.5,20.9,4,4.3,Moderate Debt,25-34
Male,Student,Intermediate,127,Messaging / Chat,37,1,66,4,53.6,5.43,22.2,18.2,4,4.3,Moderate Debt,45-54
Male,Remote Tech,Night Owl,44,YouTube,79,1,58,28,44.4,5.44,25.2,22.6,3,3.3,Moderate Debt,25-34
Female,Remote Tech,Intermediate,43,News / Reading,73,1,117,15,37.8,7.14,20.3,19.2,2,3.5,Mild Deficit,45-54
Male,Remote Tech,Intermediate,30,TikTok / Reels,66,1,0,24,28.3,7.48,26.8,16.4,2,1.0,Mild Deficit,<25
Male,Corporate 9-to-5,Morning Lark,81,Messaging / Chat,69,0,0,18,46.3,7.44,20.4,19.5,3,2.6,Mild Deficit,35-44
Female,Corporate 9-to-5,Intermediate,119,YouTube,47,0,0,0,50.4,5.31,18.0,19.6,3,4.9,Moderate Debt,45-54
Female,Corporate 9-to-5,Intermediate,38,TikTok / Reels,56,0,20,73,37.1,7.74,26.8,20.6,2,1.0,Mild Deficit,<25
Male,Remote Tech,Morning Lark,44,YouTube,39,1,73,40,36.6,8.44,20.6,19.3,1,1.0,Optimal Recovery,55+
Female,Freelance / Creative,Intermediate,29,YouTube,70,0,0,37,27.9,6.47,20.6,18.1,3,2.3,Moderate Debt,25-34
Male,Freelance / Creative,Morning Lark,16,TikTok / Reels,37,0,43,44,15.3,9.25,24.6,15.6,0,1.0,Optimal Recovery,55+
Female,Corporate 9-to-5,Morning Lark,32,YouTube,45,0,0,0,26.1,7.8,20.9,20.6,0,1.0,Optimal Recovery,35-44
Female,Corporate 9-to-5,Intermediate,42,TikTok / Reels,35,0,103,25,40.9,6.65,17.9,17.9,3,3.1,Moderate Debt,25-34
Female,Corporate 9-to-5,Intermediate,100,YouTube,59,0,67,32,61.5,5.88,19.4,19.1,3,5.3,Moderate Debt,<25
Female,Corporate 9-to-5,Intermediate,30,TikTok / Reels,50,1,45,62,32.6,7.03,22.0,19.7,3,2.8,Mild Deficit,25-34
Female,Corporate 9-to-5,Intermediate,43,YouTube,63,0,0,37,25.6,6.79,20.3,16.5,0,1.0,Mild Deficit,<25
Female,Remote Tech,Intermediate,57,Messaging / Chat,42,0,0,72,29.7,6.77,25.3,20.7,2,1.8,Mild Deficit,<25
Male,Remote Tech,Morning Lark,23,TikTok / Reels,40,1,54,69,23.3,8.64,23.9,17.4,1,1.0,Optimal Recovery,<25
Non-Binary,Remote Tech,Intermediate,76,TikTok / Reels,64,0,35,12,54.8,5.07,19.0,17.7,4,6.6,Moderate Debt,25-34
Female,Remote Tech,Night Owl,42,YouTube,52,0,0,29,21.4,5.75,22.3,16.1,2,3.1,Moderate Debt,35-44
Male,Corporate 9-to-5,Morning Lark,36,Instagram / Reddit,100,0,130,44,40.6,7.42,19.1,15.1,2,3.7,Mild Deficit,<25
Male,Student,Intermediate,115,TikTok / Reels,68,1,26,16,75.7,5.52,17.9,19.2,4,6.5,Moderate Debt,<25
Male,Healthcare / Shift Worker,Morning Lark,123,YouTube,58,0,0,21,57.2,5.51,16.6,17.2,4,5.9,Moderate Debt,35-44
Male,Corporate 9-to-5,Intermediate,27,Instagram / Reddit,81,1,0,33,21.3,8.17,28.0,23.6,2,1.0,Optimal Recovery,<25
Female,Corporate 9-to-5,Intermediate,85,TikTok / Reels,75,1,0,32,48.2,6.68,24.9,19.6,3,3.3,Moderate Debt,<25
Female,Corporate 9-to-5,Night Owl,147,YouTube,59,0,0,17,75.3,3.6,15.9,22.8,6,10.0,Severe Sleep Debt,<25
Female,Corporate 9-to-5,Intermediate,46,TikTok / Reels,100,0,0,26,50.6,7.01,18.0,16.9,3,3.2,Mild Deficit,55+
Female,Remote Tech,Intermediate,62,TikTok / Reels,78,1,0,43,47.6,7.6,22.8,15.9,2,2.3,Mild Deficit,45-54
Male,Corporate 9-to-5,Intermediate,53,TikTok / Reels,33,1,57,33,33.8,7.08,23.5,21.6,1,1.6,Mild Deficit,25-34
Female,Remote Tech,Morning Lark,86,Instagram / Reddit,48,1,250,13,67.2,8.4,15.8,12.8,2,1.9,Optimal Recovery,35-44
Male,Corporate 9-to-5,Night Owl,32,Messaging / Chat,19,0,0,71,32.3,4.73,20.6,18.8,4,4.6,Moderate Debt,25-34
Male,Student,Intermediate,31,YouTube,26,0,58,101,20.7,7.22,26.7,14.1,0,1.0,Mild Deficit,35-44
Non-Binary,Corporate 9-to-5,Morning Lark,33,YouTube,100,0,92,57,35.8,7.83,19.3,13.6,3,1.0,Optimal Recovery,35-44
Male,Remote Tech,Intermediate,27,YouTube,82,1,50,35,33.7,6.94,19.5,18.6,2,2.2,Mild Deficit,35-44
Female,Corporate 9-to-5,Intermediate,26,TikTok / Reels,21,0,0,26,32.0,7.52,24.0,17.6,1,1.0,Mild Deficit,25-34
Female,Corporate 9-to-5,Morning Lark,48,YouTube,55,0,0,33,27.6,7.81,25.7,18.2,2,1.0,Optimal Recovery,<25
Female,Healthcare / Shift Worker,Intermediate,40,Messaging / Chat,48,1,0,35,34.0,6.16,22.0,21.0,3,3.2,Moderate Debt,25-34
Male,Student,Intermediate,66,TikTok / Reels,100,0,0,34,36.5,6.92,19.3,20.3,2,3.7,Mild Deficit,45-54
Male,Corporate 9-to-5,Intermediate,32,Streaming (Netflix/Hulu),10,0,0,42,22.1,6.86,24.9,22.2,1,1.0,Mild Deficit,35-44
Male,Student,Morning Lark,64,Messaging / Chat,42,1,31,48,38.1,6.73,21.8,19.2,2,3.1,Moderate Debt,45-54
Female,Student,Night Owl,51,Instagram / Reddit,43,1,44,73,56.1,5.09,22.3,16.2,5,7.1,Moderate Debt,55+
Male,Remote Tech,Morning Lark,146,Instagram / Reddit,41,0,0,48,76.5,6.05,23.6,19.3,4,6.2,Moderate Debt,<25
Female,Remote Tech,Intermediate,50,Streaming (Netflix/Hulu),60,0,75,24,34.7,6.17,22.9,20.0,2,3.1,Moderate Debt,35-44
Female,Healthcare / Shift Worker,Night Owl,68,YouTube,73,0,71,16,49.5,3.2,17.3,19.1,5,8.8,Severe Sleep Debt,35-44
Male,Corporate 9-to-5,Morning Lark,24,TikTok / Reels,45,1,0,40,22.6,9.61,22.7,18.1,0,1.0,Optimal Recovery,55+
Female,Remote Tech,Morning Lark,27,YouTube,53,1,20,33,22.1,7.85,24.1,18.2,1,1.0,Optimal Recovery,55+
Non-Binary,Corporate 9-to-5,Morning Lark,131,TikTok / Reels,36,0,0,67,78.1,5.95,21.1,16.6,6,7.0,Moderate Debt,35-44
Female,Student,Morning Lark,75,Instagram / Reddit,38,1,34,51,45.7,6.42,19.6,20.2,2,3.1,Moderate Debt,25-34
Male,Freelance / Creative,Morning Lark,68,Instagram / Reddit,63,0,131,16,57.0,7.34,18.9,19.6,4,4.4,Mild Deficit,45-54
Female,Healthcare / Shift Worker,Intermediate,49,Instagram / Reddit,67,0,21,30,43.5,5.82,22.6,16.3,3,3.3,Moderate Debt,<25
Male,Healthcare / Shift Worker,Intermediate,54,YouTube,18,1,0,19,30.0,5.42,19.1,21.7,3,4.9,Moderate Debt,35-44
Male,Freelance / Creative,Intermediate,47,Messaging / Chat,40,0,75,74,27.2,8.1,21.4,17.1,0,1.0,Optimal Recovery,45-54
Male,Student,Morning Lark,74,TikTok / Reels,49,1,77,18,50.6,7.22,22.6,20.9,3,2.7,Mild Deficit,25-34
Female,Student,Night Owl,52,TikTok / Reels,47,0,0,7,37.2,5.23,18.5,17.8,5,4.6,Moderate Debt,35-44
Male,Freelance / Creative,Morning Lark,84,Instagram / Reddit,50,0,0,24,41.3,6.9,20.8,21.3,3,2.9,Mild Deficit,25-34
Female,Corporate 9-to-5,Intermediate,29,News / Reading,10,1,0,7,24.0,7.24,28.0,19.1,1,1.0,Mild Deficit,25-34
Female,Student,Morning Lark,50,YouTube,76,0,0,7,42.2,7.54,18.5,21.0,2,1.7,Mild Deficit,25-34
Female,Student,Morning Lark,21,Instagram / Reddit,53,1,0,46,26.3,8.73,26.8,17.5,0,1.0,Optimal Recovery,35-44
Male,Freelance / Creative,Intermediate,99,Instagram / Reddit,100,0,128,37,81.9,5.34,17.5,17.5,4,8.1,Moderate Debt,55+
Female,Healthcare / Shift Worker,Intermediate,71,Instagram / Reddit,68,1,36,85,54.3,3.77,28.0,19.0,7,10.0,Severe Sleep Debt,55+
Male,Healthcare / Shift Worker,Intermediate,16,TikTok / Reels,63,0,0,84,25.3,6.57,24.7,20.5,1,1.7,Moderate Debt,<25
Male,Freelance / Creative,Intermediate,67,Instagram / Reddit,38,1,0,40,33.2,7.16,24.2,20.6,2,1.3,Mild Deficit,45-54
Female,Remote Tech,Night Owl,47,Instagram / Reddit,43,1,188,53,55.6,5.65,19.4,16.1,5,6.1,Moderate Debt,35-44
Male,Corporate 9-to-5,Intermediate,101,Instagram / Reddit,71,0,0,31,62.5,5.77,18.7,18.0,4,7.0,Moderate Debt,25-34
Female,Corporate 9-to-5,Intermediate,94,TikTok / Reels,49,1,232,58,80.6,5.79,19.0,11.0,4,8.4,Moderate Debt,<25
Male,Remote Tech,Morning Lark,117,YouTube,41,1,0,36,67.4,7.08,22.6,17.9,3,5.2,Mild Deficit,25-34
Female,Remote Tech,Morning Lark,85,Streaming (Netflix/Hulu),93,0,0,27,47.6,6.45,20.7,19.4,3,3.8,Moderate Debt,45-54
Female,Remote Tech,Intermediate,49,YouTube,62,1,194,21,48.8,7.06,14.2,14.8,3,1.8,Mild Deficit,35-44
Female,Remote Tech,Intermediate,61,Instagram / Reddit,71,1,175,32,49.4,6.03,19.4,19.3,4,5.9,Moderate Debt,35-44
Female,Freelance / Creative,Intermediate,36,Instagram / Reddit,49,1,0,36,30.3,5.92,22.8,20.9,3,1.3,Moderate Debt,25-34
Female,Remote Tech,Morning Lark,43,Instagram / Reddit,79,1,0,58,27.3,7.08,24.4,14.3,1,1.0,Mild Deficit,35-44
Female,Healthcare / Shift Worker,Night Owl,78,TikTok / Reels,44,0,0,36,44.5,3.2,23.9,19.4,6,8.8,Severe Sleep Debt,<25
Female,Freelance / Creative,Night Owl,20,Streaming (Netflix/Hulu),79,0,151,9,35.3,6.1,16.6,18.1,2,4.3,Moderate Debt,25-34
Female,Remote Tech,Intermediate,67,News / Reading,46,1,106,67,28.7,6.91,23.3,21.8,3,2.7,Mild Deficit,35-44
Female,Remote Tech,Night Owl,74,TikTok / Reels,88,1,0,37,44.5,4.49,24.0,17.7,6,6.2,Moderate Debt,<25
Male,Student,Night Owl,81,Messaging / Chat,81,1,0,56,37.3,4.95,23.6,22.8,4,4.7,Moderate Debt,45-54
Male,Student,Night Owl,34,YouTube,47,1,0,0,29.9,5.13,17.9,20.8,4,5.0,Moderate Debt,25-34
Male,Corporate 9-to-5,Intermediate,128,Instagram / Reddit,100,1,0,8,71.1,5.48,13.8,19.8,4,7.9,Moderate Debt,35-44
Male,Corporate 9-to-5,Night Owl,74,Streaming (Netflix/Hulu),58,1,74,0,39.2,3.89,22.2,19.4,5,6.7,Moderate Debt,25-34
Male,Corporate 9-to-5,Morning Lark,96,News / Reading,89,1,91,19,40.7,8.22,19.5,18.4,1,1.1,Optimal Recovery,35-44
Male,Corporate 9-to-5,Intermediate,20,TikTok / Reels,33,0,0,54,20.9,8.04,22.0,20.1,1,1.0,Optimal Recovery,<25
Female,Corporate 9-to-5,Night Owl,15,TikTok / Reels,69,0,35,40,19.5,5.48,21.3,21.9,3,3.5,Moderate Debt,<25
Male,Corporate 9-to-5,Night Owl,20,Messaging / Chat,63,0,0,39,26.1,5.37,22.8,18.0,3,3.6,Moderate Debt,45-54
Female,Student,Morning Lark,55,YouTube,47,1,70,71,35.7,7.95,26.9,15.9,2,1.0,Optimal Recovery,25-34
Male,Freelance / Creative,Night Owl,83,YouTube,74,1,0,43,43.6,4.76,24.1,20.3,4,5.0,Moderate Debt,45-54
Male,Student,Intermediate,42,News / Reading,81,1,33,35,32.7,7.54,21.8,25.7,1,1.0,Mild Deficit,55+
Female,Freelance / Creative,Morning Lark,43,TikTok / Reels,66,1,128,4,47.0,7.64,20.2,16.2,2,2.4,Mild Deficit,<25
Male,Healthcare / Shift Worker,Intermediate,10,Instagram / Reddit,63,0,49,58,23.3,5.42,28.0,24.2,4,3.8,Moderate Debt,25-34
Female,Student,Night Owl,43,Instagram / Reddit,60,0,63,87,33.8,4.11,21.1,15.5,4,7.6,Moderate Debt,35-44
Female,Remote Tech,Night Owl,42,Instagram / Reddit,66,0,20,0,35.9,5.73,23.6,20.4,3,3.7,Moderate Debt,55+
Female,Corporate 9-to-5,Night Owl,28,TikTok / Reels,71,0,0,41,20.5,4.87,19.5,18.1,4,4.3,Moderate Debt,45-54
Male,Healthcare / Shift Worker,Morning Lark,37,YouTube,70,0,130,24,55.2,7.09,18.8,18.7,3,3.8,Mild Deficit,25-34
Male,Freelance / Creative,Morning Lark,117,TikTok / Reels,67,1,29,5,81.4,5.86,17.5,17.5,4,5.7,Moderate Debt,35-44
Male,Remote Tech,Morning Lark,58,Instagram / Reddit,46,1,0,18,34.7,7.42,23.9,15.6,2,1.6,Mild Deficit,<25
Female,Corporate 9-to-5,Morning Lark,53,Streaming (Netflix/Hulu),75,0,0,23,43.5,7.44,25.1,23.6,1,1.0,Mild Deficit,55+
Female,Healthcare / Shift Worker,Intermediate,35,Messaging / Chat,67,0,0,24,25.6,6.72,24.3,21.4,2,1.9,Moderate Debt,55+
Male,Corporate 9-to-5,Intermediate,65,Instagram / Reddit,63,0,0,22,43.0,7.52,16.4,20.0,0,1.4,Mild Deficit,<25
Female,Corporate 9-to-5,Morning Lark,180,TikTok / Reels,51,0,0,36,115.8,3.2,21.5,23.9,7,10.0,Severe Sleep Debt,25-34
Male,Healthcare / Shift Worker,Night Owl,79,News / Reading,75,0,101,19,46.4,3.2,19.1,20.4,6,10.0,Severe Sleep Debt,<25
Female,Remote Tech,Intermediate,41,TikTok / Reels,14,1,0,51,34.1,6.49,25.8,19.3,1,1.3,Moderate Debt,25-34
Female,Student,Night Owl,46,YouTube,54,1,51,17,31.2,4.8,17.1,19.6,4,6.2,Moderate Debt,45-54
Female,Freelance / Creative,Intermediate,91,Instagram / Reddit,47,1,0,32,46.3,6.91,22.1,17.9,2,2.4,Mild Deficit,25-34
Male,Remote Tech,Intermediate,168,TikTok / Reels,46,1,126,85,89.9,3.2,19.2,15.3,6,10.0,Severe Sleep Debt,<25
Female,Remote Tech,Intermediate,19,TikTok / Reels,50,1,93,23,34.3,7.34,23.7,19.9,1,1.0,Mild Deficit,25-34
Female,Corporate 9-to-5,Intermediate,50,Messaging / Chat,34,0,0,13,46.3,6.19,18.7,18.6,3,4.5,Moderate Debt,55+
Female,Corporate 9-to-5,Intermediate,45,YouTube,48,0,0,7,33.3,5.72,20.0,20.8,4,4.4,Moderate Debt,35-44
Female,Healthcare / Shift Worker,Intermediate,91,Streaming (Netflix/Hulu),31,0,62,6,53.6,4.77,15.8,20.2,3,7.7,Moderate Debt,25-34
Female,Remote Tech,Night Owl,51,Streaming (Netflix/Hulu),63,0,198,13,43.7,5.6,20.4,14.8,5,6.2,Moderate Debt,<25
Female,Corporate 9-to-5,Night Owl,98,News / Reading,74,1,0,14,44.1,5.83,17.5,20.9,4,5.7,Moderate Debt,55+
Male,Corporate 9-to-5,Intermediate,15,YouTube,76,0,134,60,30.5,7.88,16.7,16.8,3,3.1,Optimal Recovery,45-54
Female,Remote Tech,Morning Lark,71,TikTok / Reels,66,0,0,0,43.0,8.29,22.3,19.6,2,1.0,Optimal Recovery,25-34
Male,Remote Tech,Night Owl,91,Instagram / Reddit,44,1,0,17,51.4,4.6,23.2,16.1,4,4.9,Moderate Debt,<25
Male,Student,Night Owl,13,TikTok / Reels,33,1,23,67,18.4,7.22,22.8,20.3,1,1.0,Mild Deficit,<25
Female,Remote Tech,Intermediate,70,YouTube,42,1,83,15,34.8,6.3,18.4,20.4,2,3.6,Moderate Debt,<25
Female,Corporate 9-to-5,Night Owl,22,Instagram / Reddit,49,0,47,40,22.9,6.02,25.1,16.0,3,4.6,Moderate Debt,35-44
Male,Remote Tech,Morning Lark,46,Instagram / Reddit,42,1,71,50,36.8,7.96,16.6,19.0,1,1.3,Optimal Recovery,55+
Female,Freelance / Creative,Morning Lark,43,Streaming (Netflix/Hulu),100,0,0,0,35.0,7.47,16.6,24.4,2,1.8,Mild Deficit,25-34
Female,Corporate 9-to-5,Morning Lark,23,Messaging / Chat,69,0,0,76,24.9,8.34,26.1,19.5,0,1.0,Optimal Recovery,45-54
Female,Student,Morning Lark,55,YouTube,67,0,0,0,40.3,8.35,18.6,19.2,1,1.0,Optimal Recovery,25-34
Male,Remote Tech,Intermediate,43,Instagram / Reddit,61,0,68,0,41.3,6.2,20.4,21.8,3,4.6,Moderate Debt,35-44
Male,Student,Morning Lark,36,YouTube,45,1,123,25,38.1,7.86,23.2,15.0,1,1.0,Optimal Recovery,35-44
Non-Binary,Corporate 9-to-5,Night Owl,140,TikTok / Reels,58,1,111,31,84.0,3.57,21.4,17.0,7,10.0,Severe Sleep Debt,<25
Male,Freelance / Creative,Intermediate,91,TikTok / Reels,69,1,0,60,57.3,5.41,24.5,18.1,4,4.7,Moderate Debt,25-34
Female,Student,Intermediate,65,Streaming (Netflix/Hulu),74,1,0,55,27.5,6.4,21.4,22.2,2,2.9,Moderate Debt,35-44
Female,Healthcare / Shift Worker,Morning Lark,41,News / Reading,61,0,185,19,51.7,6.64,20.9,18.9,2,4.0,Moderate Debt,<25
Female,Corporate 9-to-5,Intermediate,16,Instagram / Reddit,70,1,0,51,20.6,7.66,22.5,16.0,1,1.0,Mild Deficit,25-34
Female,Student,Morning Lark,31,YouTube,45,0,28,65,23.9,7.04,25.0,18.1,2,1.6,Mild Deficit,25-34
Female,Healthcare / Shift Worker,Night Owl,32,Streaming (Netflix/Hulu),24,0,0,65,22.3,3.57,27.5,22.1,4,5.3,Moderate Debt,55+
Female,Remote Tech,Night Owl,130,YouTube,81,1,30,41,75.2,3.6,22.2,17.4,6,10.0,Severe Sleep Debt,25-34
Female,Remote Tech,Intermediate,14,Streaming (Netflix/Hulu),43,1,0,27,11.3,8.08,21.5,20.8,1,1.0,Optimal Recovery,45-54
Female,Student,Morning Lark,40,Messaging / Chat,43,0,0,34,21.7,8.48,21.1,20.9,1,1.0,Optimal Recovery,25-34
Female,Corporate 9-to-5,Night Owl,71,YouTube,37,0,0,92,56.4,3.68,26.5,24.0,4,9.6,Severe Sleep Debt,35-44
Male,Student,Intermediate,57,TikTok / Reels,61,1,82,34,48.3,6.43,17.9,17.1,3,4.7,Moderate Debt,35-44
Male,Corporate 9-to-5,Morning Lark,42,YouTube,44,0,0,23,24.8,8.3,19.8,19.9,1,1.0,Optimal Recovery,45-54
Non-Binary,Corporate 9-to-5,Intermediate,28,TikTok / Reels,85,1,0,27,34.6,7.12,22.4,21.8,2,1.0,Mild Deficit,25-34
Female,Student,Night Owl,69,Streaming (Netflix/Hulu),84,1,0,57,32.6,4.81,22.5,21.2,3,5.1,Moderate Debt,35-44
Female,Corporate 9-to-5,Intermediate,45,YouTube,63,0,0,42,50.9,6.73,21.1,24.5,3,3.5,Moderate Debt,35-44
Female,Freelance / Creative,Night Owl,131,TikTok / Reels,41,0,0,62,82.4,3.2,14.3,21.5,7,10.0,Severe Sleep Debt,25-34
Female,Healthcare / Shift Worker,Morning Lark,52,YouTube,92,1,41,20,34.7,6.52,20.4,18.0,2,2.3,Moderate Debt,<25
Female,Student,Morning Lark,142,Streaming (Netflix/Hulu),78,1,26,1,65.1,5.9,21.6,18.5,4,5.4,Moderate Debt,<25
Male,Healthcare / Shift Worker,Intermediate,60,YouTube,42,1,115,55,51.3,4.93,22.0,18.5,4,5.8,Moderate Debt,<25
Non-Binary,Healthcare / Shift Worker,Morning Lark,38,YouTube,63,1,0,41,24.1,8.4,25.6,22.2,2,1.0,Optimal Recovery,45-54
Female,Corporate 9-to-5,Intermediate,36,TikTok / Reels,61,0,53,17,55.5,6.07,18.8,19.3,2,4.7,Moderate Debt,25-34
Female,Healthcare / Shift Worker,Morning Lark,50,YouTube,67,1,27,65,35.5,5.32,23.1,16.6,3,4.2,Moderate Debt,<25
Female,Corporate 9-to-5,Intermediate,29,YouTube,58,0,0,51,23.0,6.63,20.1,22.6,1,1.3,Moderate Debt,35-44
Female,Remote Tech,Intermediate,27,News / Reading,55,0,0,5,29.6,6.96,27.2,20.7,1,1.0,Mild Deficit,25-34
Female,Remote Tech,Night Owl,89,TikTok / Reels,100,1,0,30,60.3,3.77,18.1,14.4,6,9.6,Severe Sleep Debt,25-34
Female,Student,Night Owl,67,TikTok / Reels,67,0,0,20,45.9,4.04,25.1,20.2,3,6.8,Moderate Debt,<25
Female,Corporate 9-to-5,Night Owl,26,TikTok / Reels,42,0,113,47,34.3,6.06,26.3,17.5,2,3.6,Moderate Debt,55+
Female,Corporate 9-to-5,Night Owl,76,Messaging / Chat,47,1,0,27,33.8,4.98,21.4,20.2,3,4.1,Moderate Debt,45-54
Female,Student,Intermediate,43,Instagram / Reddit,93,1,0,17,30.9,7.07,21.9,21.9,2,1.2,Mild Deficit,45-54
Female,Remote Tech,Intermediate,67,Instagram / Reddit,49,1,0,42,41.0,5.88,23.8,19.1,4,5.5,Moderate Debt,25-34
Female,Student,Night Owl,71,Streaming (Netflix/Hulu),38,0,74,68,38.0,6.13,25.8,16.6,4,3.1,Moderate Debt,35-44
Non-Binary,Student,Intermediate,33,Messaging / Chat,57,1,0,36,22.5,7.32,23.1,19.3,3,1.5,Mild Deficit,<25
Female,Corporate 9-to-5,Intermediate,152,TikTok / Reels,53,0,0,39,91.3,4.48,22.5,16.5,6,10.0,Severe Sleep Debt,<25
Male,Corporate 9-to-5,Night Owl,34,TikTok / Reels,84,0,98,14,37.2,5.25,15.8,14.7,4,6.1,Moderate Debt,<25
Male,Student,Morning Lark,70,Streaming (Netflix/Hulu),88,1,0,18,39.4,8.93,21.1,20.8,0,1.0,Optimal Recovery,35-44
Male,Remote Tech,Night Owl,31,Streaming (Netflix/Hulu),51,0,86,50,25.4,5.99,17.4,20.0,3,4.3,Moderate Debt,25-34
Male,Corporate 9-to-5,Intermediate,45,Streaming (Netflix/Hulu),73,0,122,37,30.2,7.58,18.2,15.7,2,1.4,Mild Deficit,25-34
Male,Corporate 9-to-5,Intermediate,47,YouTube,54,1,197,52,63.2,6.8,18.5,16.1,3,5.1,Mild Deficit,<25
Male,Corporate 9-to-5,Night Owl,88,Streaming (Netflix/Hulu),41,1,0,3,39.1,3.72,19.0,18.7,5,7.6,Moderate Debt,25-34
Female,Corporate 9-to-5,Intermediate,59,News / Reading,93,1,0,63,22.0,5.61,23.8,19.5,3,4.0,Moderate Debt,35-44
Female,Remote Tech,Night Owl,79,News / Reading,96,1,62,46,41.4,3.88,22.7,18.9,4,8.1,Moderate Debt,25-34
Non-Binary,Student,Night Owl,56,TikTok / Reels,64,0,20,65,48.5,4.6,22.5,13.5,4,6.7,Moderate Debt,35-44
Male,Remote Tech,Intermediate,103,YouTube,44,0,167,34,70.9,5.9,16.2,17.3,4,7.8,Moderate Debt,25-34
Male,Healthcare / Shift Worker,Morning Lark,72,Instagram / Reddit,37,0,0,54,42.3,5.78,24.4,17.2,4,4.4,Moderate Debt,45-54
Male,Corporate 9-to-5,Intermediate,60,YouTube,70,1,30,64,37.5,6.11,20.9,21.0,3,3.8,Moderate Debt,35-44
Male,Remote Tech,Intermediate,67,TikTok / Reels,84,1,0,77,49.7,6.46,25.8,14.9,2,3.5,Moderate Debt,<25
Male,Student,Night Owl,18,YouTube,60,0,0,72,12.9,5.21,26.5,19.0,2,4.4,Moderate Debt,25-34
Male,Student,Morning Lark,24,News / Reading,79,0,0,48,19.8,9.49,26.6,21.5,0,1.0,Optimal Recovery,35-44
Male,Student,Morning Lark,62,TikTok / Reels,53,0,0,40,44.4,7.59,18.3,16.4,1,1.6,Mild Deficit,45-54
Male,Student,Morning Lark,54,Messaging / Chat,46,1,163,16,47.7,7.71,18.2,15.3,2,3.0,Mild Deficit,25-34
Male,Student,Intermediate,97,TikTok / Reels,63,1,0,6,55.8,5.15,17.7,20.7,4,5.9,Moderate Debt,25-34
Male,Corporate 9-to-5,Night Owl,6,Instagram / Reddit,17,1,96,0,28.8,6.19,12.5,15.5,1,3.2,Moderate Debt,45-54
Male,Student,Morning Lark,52,YouTube,48,1,80,14,41.6,7.24,19.5,18.3,2,4.0,Mild Deficit,35-44
Female,Student,Morning Lark,20,YouTube,74,0,0,31,17.0,8.7,26.8,20.4,0,1.0,Optimal Recovery,25-34
Female,Freelance / Creative,Intermediate,60,Messaging / Chat,10,1,0,0,30.6,7.78,24.6,17.3,1,1.0,Optimal Recovery,25-34
Male,Student,Night Owl,65,News / Reading,32,0,0,12,38.1,5.4,21.4,21.1,3,4.7,Moderate Debt,<25
Male,Student,Night Owl,78,YouTube,55,0,110,45,51.6,5.37,20.4,17.7,3,5.1,Moderate Debt,35-44
Female,Remote Tech,Night Owl,26,Instagram / Reddit,34,1,0,20,21.4,5.97,24.3,21.2,2,3.6,Moderate Debt,25-34
Female,Healthcare / Shift Worker,Morning Lark,16,Instagram / Reddit,48,0,0,46,18.9,6.72,22.8,22.1,2,1.1,Moderate Debt,55+
Male,Freelance / Creative,Intermediate,73,TikTok / Reels,17,0,0,41,43.6,5.4,22.2,19.5,3,5.0,Moderate Debt,25-34
Male,Student,Night Owl,32,TikTok / Reels,70,1,123,41,34.1,5.13,22.2,14.0,2,5.6,Moderate Debt,25-34
Male,Student,Night Owl,30,Streaming (Netflix/Hulu),80,1,0,42,25.5,6.72,28.0,23.2,1,1.0,Moderate Debt,35-44
Male,Corporate 9-to-5,Intermediate,52,YouTube,27,1,20,41,29.9,7.13,24.1,20.1,2,1.0,Mild Deficit,45-54
Female,Student,Night Owl,21,YouTube,62,0,0,39,24.7,6.17,24.3,20.9,2,1.4,Moderate Debt,45-54
Female,Student,Night Owl,72,News / Reading,54,0,0,17,37.0,5.33,18.3,20.2,4,5.3,Moderate Debt,25-34
Female,Student,Intermediate,23,TikTok / Reels,67,1,0,36,27.0,7.2,22.3,19.8,2,1.1,Mild Deficit,35-44
Male,Corporate 9-to-5,Morning Lark,28,YouTube,87,0,0,61,25.9,8.1,22.1,23.3,0,1.0,Optimal Recovery,35-44
Female,Student,Intermediate,39,Messaging / Chat,35,0,0,40,31.8,7.44,23.5,20.2,2,2.4,Mild Deficit,25-34
Male,Corporate 9-to-5,Night Owl,25,YouTube,83,0,132,56,35.1,6.43,22.4,20.7,2,3.3,Moderate Debt,<25
Female,Student,Intermediate,86,Streaming (Netflix/Hulu),92,1,82,65,58.2,6.91,21.7,20.6,1,3.6,Mild Deficit,25-34
Male,Corporate 9-to-5,Night Owl,81,TikTok / Reels,23,1,0,43,42.5,4.57,23.3,22.0,4,4.9,Moderate Debt,25-34
Male,Student,Intermediate,55,News / Reading,77,0,0,53,32.4,6.22,20.0,22.5,2,2.6,Moderate Debt,45-54
Female,Corporate 9-to-5,Morning Lark,32,TikTok / Reels,41,0,0,42,21.1,7.63,20.0,18.8,0,1.0,Mild Deficit,25-34
Male,Corporate 9-to-5,Morning Lark,27,YouTube,70,0,133,31,47.0,6.99,23.9,13.1,3,3.7,Mild Deficit,55+
Female,Student,Night Owl,60,TikTok / Reels,42,1,38,48,37.6,6.2,22.7,18.3,3,3.7,Moderate Debt,25-34
Female,Corporate 9-to-5,Intermediate,27,Instagram / Reddit,47,0,36,44,28.3,6.84,22.0,13.3,2,2.4,Mild Deficit,35-44
Female,Student,Morning Lark,34,Messaging / Chat,45,1,0,46,31.1,9.19,24.1,20.1,0,1.0,Optimal Recovery,25-34
Female,Freelance / Creative,Night Owl,18,TikTok / Reels,38,0,67,2,23.5,7.1,18.3,19.0,3,1.0,Mild Deficit,<25
Male,Freelance / Creative,Intermediate,52,TikTok / Reels,73,0,51,16,51.4,7.2,21.4,20.2,3,3.2,Mild Deficit,25-34
Male,Corporate 9-to-5,Night Owl,27,YouTube,67,0,153,9,37.2,4.75,13.2,15.3,3,9.0,Severe Sleep Debt,<25
Female,Healthcare / Shift Worker,Intermediate,46,News / Reading,68,1,0,47,27.2,6.6,19.7,19.7,2,1.7,Moderate Debt,35-44
Female,Remote Tech,Morning Lark,30,TikTok / Reels,50,0,0,54,27.8,8.6,23.0,22.2,2,1.0,Optimal Recovery,25-34
Male,Freelance / Creative,Intermediate,83,Instagram / Reddit,52,0,0,49,45.0,7.01,23.5,19.9,4,3.0,Mild Deficit,35-44
Male,Healthcare / Shift Worker,Night Owl,62,Instagram / Reddit,65,0,0,27,38.5,3.2,21.7,20.6,5,8.2,Moderate Debt,25-34
Female,Corporate 9-to-5,Morning Lark,20,Streaming (Netflix/Hulu),42,0,0,53,26.9,8.48,28.0,23.2,0,1.0,Optimal Recovery,<25
Male,Remote Tech,Night Owl,88,Instagram / Reddit,48,0,250,21,67.7,4.21,17.8,16.1,6,10.0,Severe Sleep Debt,25-34
Male,Corporate 9-to-5,Morning Lark,41,TikTok / Reels,76,1,39,40,26.5,8.09,25.4,16.5,2,1.0,Optimal Recovery,55+
Male,Healthcare / Shift Worker,Intermediate,90,Instagram / Reddit,65,0,58,48,61.0,4.97,18.9,17.2,5,7.3,Moderate Debt,35-44
Female,Remote Tech,Intermediate,56,TikTok / Reels,81,0,107,39,57.2,5.39,19.2,14.9,4,6.2,Moderate Debt,25-34
Male,Student,Night Owl,41,Streaming (Netflix/Hulu),10,0,0,50,24.6,5.36,23.1,26.0,0,2.5,Moderate Debt,25-34
Male,Student,Intermediate,16,TikTok / Reels,87,1,0,32,26.9,7.51,22.2,20.0,1,1.0,Mild Deficit,<25
Male,Freelance / Creative,Intermediate,19,TikTok / Reels,76,0,0,51,32.8,7.54,24.3,20.9,1,1.1,Mild Deficit,55+
Male,Freelance / Creative,Night Owl,102,YouTube,77,1,0,18,50.0,3.8,18.5,19.0,5,9.0,Severe Sleep Debt,35-44
Male,Remote Tech,Morning Lark,28,Messaging / Chat,25,1,137,18,33.5,7.53,21.7,17.1,1,1.2,Mild Deficit,25-34
Female,Student,Morning Lark,86,Streaming (Netflix/Hulu),47,1,0,36,53.0,7.03,22.3,24.0,3,1.8,Mild Deficit,35-44
Male,Healthcare / Shift Worker,Morning Lark,91,TikTok / Reels,49,1,0,7,55.3,5.94,19.2,17.0,4,5.5,Moderate Debt,<25
Male,Healthcare / Shift Worker,Intermediate,70,YouTube,61,1,62,68,51.4,4.67,21.3,17.3,4,6.5,Moderate Debt,55+
Male,Corporate 9-to-5,Intermediate,17,TikTok / Reels,93,1,118,40,38.7,7.34,20.6,16.7,1,2.7,Mild Deficit,<25
Female,Corporate 9-to-5,Night Owl,32,YouTube,62,1,69,47,28.8,6.3,23.5,16.6,3,2.8,Moderate Debt,35-44
Female,Corporate 9-to-5,Intermediate,135,Instagram / Reddit,81,0,0,29,73.7,4.69,18.2,17.9,6,9.6,Severe Sleep Debt,25-34
Male,Remote Tech,Morning Lark,117,Streaming (Netflix/Hulu),85,0,62,46,65.4,6.21,19.6,19.9,4,5.9,Moderate Debt,35-44
Male,Corporate 9-to-5,Night Owl,25,Messaging / Chat,71,0,0,50,26.2,6.69,24.5,19.1,4,2.9,Moderate Debt,35-44
Female,Remote Tech,Intermediate,40,News / Reading,62,1,0,34,29.1,7.07,25.1,22.9,2,1.0,Mild Deficit,35-44
Male,Student,Night Owl,84,YouTube,82,1,0,23,44.4,4.42,23.6,18.6,5,6.2,Moderate Debt,35-44
Female,Remote Tech,Intermediate,14,Messaging / Chat,26,1,0,10,14.5,7.73,19.4,23.9,2,1.0,Mild Deficit,45-54
Non-Binary,Student,Morning Lark,82,Instagram / Reddit,70,1,32,58,52.1,7.03,19.7,25.4,3,3.6,Mild Deficit,<25
Male,Corporate 9-to-5,Intermediate,56,YouTube,88,0,152,1,42.2,6.97,19.1,18.8,3,4.4,Mild Deficit,25-34
Female,Healthcare / Shift Worker,Morning Lark,180,Messaging / Chat,60,1,27,28,83.5,3.87,20.1,22.9,6,10.0,Severe Sleep Debt,25-34
Male,Freelance / Creative,Morning Lark,94,News / Reading,69,0,53,13,52.3,7.41,24.0,15.9,2,2.2,Mild Deficit,55+
Male,Student,Intermediate,13,Streaming (Netflix/Hulu),78,1,80,27,37.5,7.31,21.0,16.6,2,2.0,Mild Deficit,25-34
Female,Healthcare / Shift Worker,Morning Lark,76,YouTube,50,0,20,33,51.4,5.0,23.5,22.4,3,5.6,Moderate Debt,35-44
Male,Corporate 9-to-5,Morning Lark,108,YouTube,100,0,235,35,83.7,6.34,15.5,15.7,4,6.8,Moderate Debt,35-44
Female,Healthcare / Shift Worker,Intermediate,65,Messaging / Chat,33,0,130,37,45.1,5.63,20.7,17.0,3,5.9,Moderate Debt,<25
Male,Corporate 9-to-5,Intermediate,63,YouTube,20,0,0,17,25.2,7.25,19.9,20.2,2,1.0,Mild Deficit,25-34
Female,Remote Tech,Intermediate,63,Instagram / Reddit,71,1,0,50,40.9,6.62,22.1,17.5,3,3.6,Moderate Debt,25-34
Female,Corporate 9-to-5,Morning Lark,92,Instagram / Reddit,45,1,113,9,55.8,6.64,19.7,18.0,3,5.3,Moderate Debt,25-34
Female,Remote Tech,Intermediate,61,Instagram / Reddit,61,0,0,18,45.7,6.55,20.5,24.4,3,3.3,Moderate Debt,25-34
Female,Corporate 9-to-5,Night Owl,51,TikTok / Reels,63,1,20,33,44.1,4.98,22.5,20.7,4,6.5,Moderate Debt,<25
Male,Student,Intermediate,64,Instagram / Reddit,66,1,29,84,43.3,6.2,26.9,23.1,2,3.2,Moderate Debt,45-54
Female,Remote Tech,Intermediate,16,Messaging / Chat,31,1,0,46,27.0,7.68,24.5,21.4,1,1.0,Mild Deficit,55+
Female,Healthcare / Shift Worker,Morning Lark,51,YouTube,42,0,20,0,29.8,7.64,18.2,16.2,1,1.0,Mild Deficit,25-34
Male,Student,Intermediate,37,Instagram / Reddit,80,0,0,43,26.8,8.04,20.4,16.2,1,1.0,Optimal Recovery,25-34
Female,Corporate 9-to-5,Night Owl,94,Instagram / Reddit,46,0,70,33,68.3,4.48,22.1,12.5,5,8.3,Moderate Debt,<25
Male,Corporate 9-to-5,Intermediate,27,TikTok / Reels,54,0,0,26,38.7,7.67,20.9,23.3,2,1.0,Mild Deficit,35-44
Male,Healthcare / Shift Worker,Morning Lark,50,TikTok / Reels,45,0,0,23,33.4,5.45,22.6,18.0,4,4.1,Moderate Debt,45-54
Male,Remote Tech,Morning Lark,29,Instagram / Reddit,66,1,0,39,26.8,7.53,21.3,22.0,1,1.0,Mild Deficit,<25
Female,Remote Tech,Night Owl,62,TikTok / Reels,48,0,110,30,58.2,4.1,19.5,15.3,6,8.6,Severe Sleep Debt,<25
Female,Student,Night Owl,130,YouTube,89,1,83,49,84.0,3.62,18.5,19.1,6,10.0,Severe Sleep Debt,35-44
Non-Binary,Corporate 9-to-5,Intermediate,77,News / Reading,40,0,0,6,26.2,6.58,22.4,21.3,2,2.0,Moderate Debt,35-44
Female,Corporate 9-to-5,Intermediate,77,YouTube,27,0,0,8,41.3,5.49,22.8,20.0,2,2.1,Moderate Debt,<25
Female,Remote Tech,Night Owl,22,News / Reading,32,1,69,39,14.6,6.66,19.9,18.1,1,1.5,Moderate Debt,35-44
Female,Corporate 9-to-5,Morning Lark,62,TikTok / Reels,79,0,36,41,72.8,8.06,22.5,14.2,2,2.0,Optimal Recovery,25-34
Female,Corporate 9-to-5,Intermediate,34,Instagram / Reddit,32,0,50,54,42.8,7.26,25.4,19.2,1,1.3,Mild Deficit,25-34
Male,Corporate 9-to-5,Night Owl,45,YouTube,29,0,32,16,34.0,4.18,24.1,19.0,5,6.7,Moderate Debt,35-44
Male,Corporate 9-to-5,Intermediate,40,TikTok / Reels,71,1,0,16,29.2,7.18,22.9,17.6,3,1.2,Mild Deficit,45-54
Male,Corporate 9-to-5,Morning Lark,28,News / Reading,92,0,0,3,34.9,9.28,23.1,18.5,1,1.0,Optimal Recovery,25-34
Male,Freelance / Creative,Morning Lark,57,TikTok / Reels,99,0,0,37,49.8,7.02,22.2,17.4,1,1.7,Mild Deficit,55+
Female,Remote Tech,Night Owl,63,TikTok / Reels,53,1,0,10,51.9,4.7,22.3,21.9,5,6.3,Moderate Debt,25-34
Female,Healthcare / Shift Worker,Intermediate,86,Messaging / Chat,10,0,30,48,40.0,5.65,17.7,18.2,3,4.6,Moderate Debt,35-44
Non-Binary,Corporate 9-to-5,Night Owl,99,Messaging / Chat,52,0,0,57,49.3,3.98,20.6,24.3,5,8.1,Moderate Debt,25-34
Female,Corporate 9-to-5,Intermediate,73,News / Reading,80,0,0,68,35.4,7.55,20.8,14.8,0,1.0,Mild Deficit,45-54
Female,Healthcare / Shift Worker,Night Owl,22,TikTok / Reels,35,1,48,11,23.1,4.45,19.2,15.3,4,5.5,Moderate Debt,45-54
Male,Student,Night Owl,34,TikTok / Reels,45,1,0,49,34.8,5.56,21.3,20.9,3,3.4,Moderate Debt,<25
Male,Corporate 9-to-5,Intermediate,52,Instagram / Reddit,62,0,0,83,41.7,5.64,24.9,19.5,4,5.3,Moderate Debt,55+
Female,Remote Tech,Intermediate,95,Streaming (Netflix/Hulu),80,1,49,27,40.4,5.46,18.7,16.7,3,4.9,Moderate Debt,45-54
Male,Remote Tech,Intermediate,65,TikTok / Reels,37,0,0,46,44.9,6.74,24.3,20.3,3,2.7,Moderate Debt,35-44
Non-Binary,Healthcare / Shift Worker,Intermediate,89,TikTok / Reels,78,0,0,22,53.9,4.89,17.2,19.7,5,6.5,Moderate Debt,<25
Female,Corporate 9-to-5,Intermediate,110,Streaming (Netflix/Hulu),70,0,0,14,54.5,5.54,17.9,20.6,3,6.0,Moderate Debt,45-54
Male,Remote Tech,Night Owl,105,Streaming (Netflix/Hulu),51,1,115,28,50.4,5.0,20.2,15.2,5,7.5,Moderate Debt,45-54
Female,Student,Morning Lark,29,TikTok / Reels,72,1,36,36,30.1,8.59,23.4,17.3,0,1.0,Optimal Recovery,25-34
Male,Freelance / Creative,Intermediate,24,News / Reading,76,0,0,40,16.6,7.08,20.8,17.7,2,1.9,Mild Deficit,55+
Male,Healthcare / Shift Worker,Intermediate,72,TikTok / Reels,89,0,0,43,58.9,3.41,16.2,17.2,4,8.5,Moderate Debt,<25
Non-Binary,Corporate 9-to-5,Morning Lark,92,Streaming (Netflix/Hulu),86,0,23,59,56.9,7.43,17.9,20.5,4,3.9,Mild Deficit,<25
Female,Student,Intermediate,18,News / Reading,33,1,0,37,15.0,8.02,28.0,25.8,1,1.0,Optimal Recovery,25-34
Female,Student,Night Owl,47,Instagram / Reddit,66,0,0,16,48.3,5.2,19.0,19.6,4,5.5,Moderate Debt,35-44
Female,Student,Intermediate,90,Instagram / Reddit,55,0,51,37,56.0,6.45,20.2,19.4,3,4.4,Moderate Debt,35-44
Male,Healthcare / Shift Worker,Night Owl,27,TikTok / Reels,64,0,0,15,27.2,4.07,24.6,15.6,3,5.5,Moderate Debt,<25
Female,Freelance / Creative,Night Owl,58,Messaging / Chat,57,0,0,95,40.3,5.07,25.9,20.6,3,5.2,Moderate Debt,55+
Female,Corporate 9-to-5,Night Owl,66,TikTok / Reels,59,1,129,12,60.3,4.37,22.7,19.2,5,8.3,Moderate Debt,<25
Female,Corporate 9-to-5,Intermediate,15,Instagram / Reddit,56,0,61,64,26.0,6.57,22.8,16.0,2,1.8,Moderate Debt,<25
Female,Healthcare / Shift Worker,Morning Lark,81,YouTube,44,0,0,47,37.4,6.93,25.0,19.2,2,1.5,Mild Deficit,<25
Female,Corporate 9-to-5,Intermediate,89,YouTube,61,1,0,31,53.4,6.46,17.7,23.5,4,3.9,Moderate Debt,35-44
Male,Corporate 9-to-5,Intermediate,55,News / Reading,75,0,0,68,26.0,5.84,20.8,18.1,3,4.3,Moderate Debt,55+
Female,Remote Tech,Night Owl,14,Messaging / Chat,52,1,0,24,19.2,6.22,22.7,21.2,0,1.5,Moderate Debt,35-44
Female,Healthcare / Shift Worker,Intermediate,37,TikTok / Reels,46,0,94,18,47.3,5.34,26.7,16.6,4,5.7,Moderate Debt,45-54
Male,Corporate 9-to-5,Morning Lark,95,YouTube,60,0,95,20,63.8,6.35,16.7,16.3,3,6.3,Moderate Debt,<25
Male,Student,Intermediate,30,YouTube,64,1,0,59,16.9,7.09,28.0,20.3,1,1.0,Mild Deficit,25-34
Female,Corporate 9-to-5,Intermediate,105,Messaging / Chat,42,0,0,35,51.2,4.67,23.6,21.1,3,6.0,Moderate Debt,25-34
Female,Corporate 9-to-5,Morning Lark,48,YouTube,48,1,147,67,54.9,7.74,21.4,16.7,2,2.8,Mild Deficit,25-34
Male,Remote Tech,Morning Lark,82,News / Reading,34,1,21,38,34.7,7.79,22.5,24.2,2,1.3,Optimal Recovery,<25
Female,Corporate 9-to-5,Night Owl,25,YouTube,63,1,183,71,37.2,6.51,25.7,14.2,3,3.0,Moderate Debt,35-44
Male,Healthcare / Shift Worker,Intermediate,130,YouTube,50,0,106,31,67.4,3.98,15.6,15.3,7,10.0,Severe Sleep Debt,25-34
Female,Healthcare / Shift Worker,Morning Lark,34,Streaming (Netflix/Hulu),84,0,87,52,43.4,6.25,23.7,20.0,4,4.3,Moderate Debt,35-44
Female,Student,Intermediate,45,TikTok / Reels,67,1,20,23,38.8,7.74,19.6,19.1,1,1.0,Mild Deficit,25-34
Female,Corporate 9-to-5,Intermediate,43,Streaming (Netflix/Hulu),70,0,75,21,35.8,6.78,18.3,18.4,3,4.7,Mild Deficit,<25
Male,Remote Tech,Morning Lark,7,TikTok / Reels,59,1,0,50,27.6,9.05,26.5,18.9,1,1.0,Optimal Recovery,35-44
Male,Corporate 9-to-5,Night Owl,47,News / Reading,74,0,250,47,29.8,6.4,16.2,19.5,2,5.0,Moderate Debt,<25
Female,Corporate 9-to-5,Intermediate,29,Messaging / Chat,24,1,0,44,13.8,7.5,24.3,20.6,1,1.0,Mild Deficit,45-54
Male,Remote Tech,Morning Lark,56,Messaging / Chat,56,1,0,23,28.3,7.62,18.1,21.9,1,1.0,Mild Deficit,35-44
Female,Student,Night Owl,64,YouTube,50,1,25,50,53.4,4.08,22.4,16.3,4,8.0,Moderate Debt,<25
Female,Corporate 9-to-5,Night Owl,30,Instagram / Reddit,79,1,0,35,37.9,5.37,23.5,25.8,2,3.6,Moderate Debt,55+
Male,Corporate 9-to-5,Intermediate,31,Instagram / Reddit,31,0,46,25,36.6,7.79,25.8,14.7,2,1.0,Optimal Recovery,25-34
Female,Freelance / Creative,Intermediate,33,News / Reading,61,0,39,42,22.3,7.27,19.4,21.9,0,1.0,Mild Deficit,<25
Male,Remote Tech,Night Owl,58,TikTok / Reels,82,1,0,29,40.8,5.77,25.5,17.0,3,4.0,Moderate Debt,35-44
Male,Freelance / Creative,Intermediate,42,YouTube,54,0,0,46,33.0,7.54,22.1,21.7,0,1.2,Mild Deficit,25-34
Male,Freelance / Creative,Intermediate,31,News / Reading,54,1,0,14,31.3,8.03,22.6,18.9,1,1.0,Optimal Recovery,45-54
Male,Remote Tech,Intermediate,40,YouTube,62,0,20,27,26.1,6.65,19.7,17.2,2,2.4,Moderate Debt,45-54
Female,Corporate 9-to-5,Intermediate,94,YouTube,52,0,250,44,64.3,5.82,13.3,13.4,4,7.1,Moderate Debt,55+
Female,Healthcare / Shift Worker,Intermediate,56,Streaming (Netflix/Hulu),65,0,26,5,45.3,6.58,23.6,21.7,2,2.7,Moderate Debt,25-34
Female,Corporate 9-to-5,Intermediate,38,News / Reading,79,1,0,38,37.8,6.96,22.6,22.2,1,1.0,Mild Deficit,25-34
Female,Corporate 9-to-5,Morning Lark,108,YouTube,63,0,77,4,65.5,5.07,20.0,19.9,5,6.9,Moderate Debt,35-44
Female,Healthcare / Shift Worker,Night Owl,69,Messaging / Chat,56,1,0,47,38.5,3.62,21.3,17.9,4,6.7,Moderate Debt,<25
Female,Remote Tech,Morning Lark,16,YouTube,72,1,0,48,12.2,9.36,28.0,21.2,0,1.0,Optimal Recovery,25-34
Male,Corporate 9-to-5,Intermediate,80,Messaging / Chat,87,0,43,0,50.6,5.66,19.2,21.6,2,5.6,Moderate Debt,25-34
Female,Student,Intermediate,136,TikTok / Reels,44,0,0,28,80.6,4.98,17.1,14.2,6,8.8,Severe Sleep Debt,<25
Male,Student,Night Owl,83,TikTok / Reels,94,1,0,16,58.4,4.3,22.5,18.3,6,8.7,Severe Sleep Debt,25-34
Male,Corporate 9-to-5,Intermediate,35,Messaging / Chat,45,1,0,56,35.3,7.79,23.9,21.9,1,1.4,Optimal Recovery,45-54
Male,Corporate 9-to-5,Night Owl,49,Instagram / Reddit,64,1,167,0,47.2,5.09,16.4,18.7,4,6.1,Moderate Debt,45-54
Female,Corporate 9-to-5,Morning Lark,14,YouTube,63,1,81,0,30.0,7.44,15.6,25.5,2,1.0,Mild Deficit,<25
Female,Remote Tech,Intermediate,77,YouTube,64,1,0,63,49.1,7.27,21.0,20.6,4,2.5,Mild Deficit,<25
Female,Student,Night Owl,45,Instagram / Reddit,24,1,20,43,34.9,5.75,26.4,17.7,2,3.1,Moderate Debt,25-34
Female,Student,Night Owl,33,YouTube,32,0,0,55,26.4,5.44,23.6,19.6,3,4.0,Moderate Debt,45-54
Female,Student,Intermediate,46,TikTok / Reels,48,0,20,42,34.4,6.33,22.7,16.3,3,3.1,Moderate Debt,<25
Male,Corporate 9-to-5,Intermediate,16,Instagram / Reddit,43,0,0,64,18.7,7.14,20.1,21.1,1,1.0,Mild Deficit,35-44
Female,Corporate 9-to-5,Morning Lark,17,TikTok / Reels,67,0,38,2,31.4,8.11,21.5,17.8,2,1.0,Optimal Recovery,<25
Male,Corporate 9-to-5,Intermediate,22,Streaming (Netflix/Hulu),80,1,33,3,15.7,7.49,18.8,19.1,1,1.0,Mild Deficit,35-44
Non-Binary,Corporate 9-to-5,Intermediate,8,Streaming (Netflix/Hulu),15,1,0,46,25.4,7.61,28.0,21.8,2,1.0,Mild Deficit,25-34
Female,Corporate 9-to-5,Morning Lark,36,Streaming (Netflix/Hulu),33,1,102,25,28.6,8.25,23.0,17.7,0,1.0,Optimal Recovery,35-44
Female,Remote Tech,Night Owl,26,YouTube,45,0,0,44,31.2,6.2,22.7,19.2,2,1.5,Moderate Debt,25-34
Male,Corporate 9-to-5,Night Owl,96,Instagram / Reddit,34,0,0,44,46.2,4.9,25.2,20.8,4,4.3,Moderate Debt,35-44
Female,Student,Morning Lark,24,TikTok / Reels,49,0,0,67,28.6,8.01,25.2,19.8,1,1.0,Optimal Recovery,25-34
Male,Healthcare / Shift Worker,Intermediate,73,News / Reading,39,0,0,48,30.8,5.34,20.8,21.7,3,4.9,Moderate Debt,35-44
Female,Remote Tech,Night Owl,30,Instagram / Reddit,66,0,0,34,23.8,4.71,21.5,22.0,3,5.7,Moderate Debt,45-54
Male,Corporate 9-to-5,Morning Lark,57,TikTok / Reels,100,0,26,53,39.9,7.6,22.8,16.3,2,2.6,Mild Deficit,<25
Female,Healthcare / Shift Worker,Intermediate,111,YouTube,39,0,104,14,59.7,4.73,16.5,19.8,5,8.1,Moderate Debt,45-54
Female,Freelance / Creative,Intermediate,22,Streaming (Netflix/Hulu),81,0,0,0,18.1,7.2,20.7,26.0,1,1.0,Mild Deficit,35-44
Male,Corporate 9-to-5,Morning Lark,121,YouTube,100,0,0,35,73.8,6.74,12.9,19.9,5,6.1,Moderate Debt,<25
Female,Student,Intermediate,80,YouTube,43,1,0,83,40.2,6.3,24.1,19.4,2,1.5,Moderate Debt,25-34
Female,Healthcare / Shift Worker,Night Owl,64,YouTube,99,0,109,50,56.5,3.56,16.3,19.8,6,10.0,Severe Sleep Debt,<25
Female,Remote Tech,Intermediate,56,Streaming (Netflix/Hulu),38,1,73,3,39.3,7.68,24.0,18.5,1,1.0,Mild Deficit,35-44
Female,Corporate 9-to-5,Intermediate,49,YouTube,81,0,0,37,31.5,6.05,19.7,17.5,0,1.2,Moderate Debt,35-44
Male,Remote Tech,Intermediate,91,YouTube,40,1,135,85,52.1,6.98,23.7,11.3,3,3.5,Mild Deficit,<25
Male,Remote Tech,Night Owl,49,YouTube,19,0,107,33,39.7,5.14,19.5,14.9,4,5.4,Moderate Debt,25-34
Male,Remote Tech,Night Owl,43,TikTok / Reels,77,1,0,30,35.0,5.08,25.9,17.6,4,4.1,Moderate Debt,45-54
Male,Freelance / Creative,Morning Lark,75,YouTube,66,1,183,12,51.2,6.38,13.5,14.3,4,5.5,Moderate Debt,55+
Female,Student,Night Owl,29,Streaming (Netflix/Hulu),54,1,82,30,30.9,6.33,21.0,21.4,3,3.4,Moderate Debt,25-34
Female,Corporate 9-to-5,Morning Lark,142,YouTube,23,0,0,5,59.4,7.0,18.6,20.2,3,4.5,Mild Deficit,55+
Male,Remote Tech,Morning Lark,63,Streaming (Netflix/Hulu),82,0,45,24,35.6,7.35,22.2,17.8,2,1.1,Mild Deficit,25-34
Male,Student,Intermediate,45,Instagram / Reddit,77,0,28,81,46.1,6.86,23.2,17.9,4,2.3,Mild Deficit,25-34
Female,Corporate 9-to-5,Intermediate,44,Instagram / Reddit,19,1,100,6,35.2,7.02,22.1,18.4,2,1.8,Mild Deficit,45-54
Female,Remote Tech,Intermediate,41,News / Reading,60,1,0,46,23.5,7.2,16.1,18.2,2,1.5,Mild Deficit,25-34
Female,Freelance / Creative,Intermediate,69,Messaging / Chat,67,0,0,79,51.4,5.19,21.1,19.7,5,6.2,Moderate Debt,25-34
Male,Remote Tech,Morning Lark,57,Instagram / Reddit,33,1,32,43,41.9,7.55,26.7,15.4,2,1.0,Mild Deficit,25-34
Male,Corporate 9-to-5,Intermediate,48,Instagram / Reddit,76,0,41,61,43.7,6.81,26.5,24.3,3,2.5,Mild Deficit,45-54
Female,Corporate 9-to-5,Intermediate,103,YouTube,100,0,0,18,63.1,5.08,14.7,21.1,5,7.5,Moderate Debt,45-54
Male,Remote Tech,Intermediate,114,Messaging / Chat,77,0,0,16,65.2,5.77,19.1,19.8,3,5.7,Moderate Debt,25-34
Female,Remote Tech,Morning Lark,23,Streaming (Netflix/Hulu),91,1,0,37,22.5,7.61,24.3,20.4,3,1.6,Mild Deficit,25-34
Female,Corporate 9-to-5,Morning Lark,44,Streaming (Netflix/Hulu),74,0,92,18,33.8,7.51,15.0,19.8,1,1.5,Mild Deficit,25-34
Male,Student,Night Owl,38,TikTok / Reels,33,1,0,22,40.3,6.18,19.8,22.1,4,3.3,Moderate Debt,35-44
Female,Corporate 9-to-5,Night Owl,35,Instagram / Reddit,72,0,134,42,37.8,6.42,16.3,14.3,2,4.4,Moderate Debt,25-34
Female,Corporate 9-to-5,Morning Lark,38,YouTube,29,0,120,65,30.5,9.01,23.4,20.7,0,1.0,Optimal Recovery,35-44
Non-Binary,Remote Tech,Morning Lark,24,YouTube,45,0,20,32,13.3,8.59,25.2,21.1,0,1.0,Optimal Recovery,25-34
Male,Corporate 9-to-5,Intermediate,81,Instagram / Reddit,50,1,0,51,54.8,5.76,22.2,18.1,4,4.8,Moderate Debt,25-34
Male,Healthcare / Shift Worker,Night Owl,44,Messaging / Chat,48,0,0,77,26.2,3.99,28.0,20.9,5,6.3,Moderate Debt,<25
Female,Corporate 9-to-5,Intermediate,54,TikTok / Reels,39,0,110,0,52.6,7.37,17.4,15.4,2,2.7,Mild Deficit,25-34
Female,Student,Night Owl,82,TikTok / Reels,50,0,0,46,44.8,3.35,23.8,18.3,6,8.7,Severe Sleep Debt,55+
Male,Remote Tech,Intermediate,24,TikTok / Reels,53,1,45,0,21.6,8.55,21.6,17.7,0,1.0,Optimal Recovery,25-34
Male,Remote Tech,Night Owl,57,Messaging / Chat,81,0,20,23,56.2,5.18,18.9,23.8,5,8.1,Moderate Debt,<25
Male,Student,Morning Lark,19,Streaming (Netflix/Hulu),64,1,0,60,13.1,7.64,24.5,20.3,1,1.0,Mild Deficit,25-34
Female,Remote Tech,Night Owl,19,Instagram / Reddit,75,1,0,65,16.1,6.09,20.6,20.1,3,2.9,Moderate Debt,25-34
Female,Student,Intermediate,50,YouTube,50,1,0,21,42.9,7.41,24.0,22.6,1,2.2,Mild Deficit,<25
Non-Binary,Remote Tech,Night Owl,48,YouTube,74,0,39,17,31.9,5.0,17.3,18.7,5,6.1,Moderate Debt,25-34
Male,Remote Tech,Intermediate,24,YouTube,16,1,53,39,20.9,7.37,28.0,24.3,0,1.0,Mild Deficit,25-34
Female,Student,Intermediate,96,TikTok / Reels,29,1,0,78,49.4,4.21,28.0,19.1,3,6.2,Moderate Debt,25-34
Female,Student,Night Owl,9,Instagram / Reddit,75,0,0,46,28.0,5.7,19.0,20.5,3,4.3,Moderate Debt,25-34
Female,Student,Night Owl,23,Instagram / Reddit,43,0,0,62,19.4,5.27,22.9,18.3,3,2.2,Moderate Debt,25-34
Female,Healthcare / Shift Worker,Intermediate,38,YouTube,57,0,84,44,29.7,5.24,22.8,17.4,4,4.7,Moderate Debt,55+
Female,Freelance / Creative,Intermediate,32,Instagram / Reddit,10,0,22,0,22.6,7.1,20.5,21.1,2,1.2,Mild Deficit,25-34
Female,Remote Tech,Night Owl,22,TikTok / Reels,47,0,70,51,29.1,6.44,21.8,19.7,1,1.5,Moderate Debt,25-34
Male,Remote Tech,Night Owl,160,YouTube,30,1,0,21,61.9,3.54,22.7,15.0,6,9.5,Severe Sleep Debt,25-34
Female,Corporate 9-to-5,Morning Lark,84,YouTube,41,1,98,29,46.4,7.87,20.4,17.5,1,1.6,Optimal Recovery,25-34
Non-Binary,Remote Tech,Intermediate,43,Streaming (Netflix/Hulu),57,1,0,1,26.0,7.79,24.6,18.6,1,1.0,Optimal Recovery,35-44
Female,Remote Tech,Night Owl,102,TikTok / Reels,57,1,46,19,62.4,4.36,18.9,17.0,5,7.8,Moderate Debt,<25
Male,Healthcare / Shift Worker,Intermediate,93,Instagram / Reddit,50,1,0,32,46.2,4.95,24.5,18.9,4,5.9,Moderate Debt,35-44
Female,Remote Tech,Night Owl,32,Instagram / Reddit,73,1,47,4,30.9,6.18,17.1,15.7,3,3.6,Moderate Debt,<25
Male,Student,Night Owl,45,Streaming (Netflix/Hulu),46,0,0,0,22.0,6.47,20.3,21.0,3,2.2,Moderate Debt,25-34
Non-Binary,Corporate 9-to-5,Night Owl,50,YouTube,50,0,0,58,33.3,5.83,23.3,18.9,4,4.1,Moderate Debt,35-44
Male,Remote Tech,Night Owl,82,TikTok / Reels,31,0,33,27,42.7,4.52,22.4,18.5,5,7.0,Moderate Debt,25-34
Male,Freelance / Creative,Night Owl,67,News / Reading,79,0,161,32,41.7,4.5,21.5,16.7,4,7.5,Moderate Debt,25-34
Female,Corporate 9-to-5,Night Owl,45,TikTok / Reels,39,0,27,36,25.5,5.12,19.3,22.7,2,3.9,Moderate Debt,<25
Male,Corporate 9-to-5,Night Owl,33,Streaming (Netflix/Hulu),27,1,0,16,25.0,6.64,16.5,20.1,1,1.9,Moderate Debt,35-44
Male,Remote Tech,Morning Lark,48,Messaging / Chat,31,1,81,72,29.9,7.01,21.5,19.4,2,2.4,Mild Deficit,<25
Non-Binary,Student,Morning Lark,21,YouTube,59,1,71,55,29.0,8.54,23.2,19.2,1,1.0,Optimal Recovery,45-54
Female,Remote Tech,Intermediate,27,TikTok / Reels,53,1,0,59,26.1,7.4,23.9,18.7,1,1.0,Mild Deficit,<25
Non-Binary,Remote Tech,Night Owl,42,YouTube,51,0,0,54,30.8,6.61,20.6,20.9,2,2.4,Moderate Debt,45-54
Female,Student,Intermediate,46,TikTok / Reels,75,0,0,59,45.1,6.56,25.6,19.6,3,2.7,Moderate Debt,25-34
Female,Corporate 9-to-5,Morning Lark,133,Instagram / Reddit,35,0,0,57,63.1,5.44,23.3,16.5,3,5.2,Moderate Debt,35-44
Female,Student,Intermediate,27,YouTube,65,0,59,33,26.4,5.88,17.9,18.9,3,3.9,Moderate Debt,25-34
Female,Corporate 9-to-5,Night Owl,11,Streaming (Netflix/Hulu),57,0,0,25,12.9,6.33,25.5,24.0,2,1.0,Moderate Debt,45-54
Male,Remote Tech,Night Owl,35,Messaging / Chat,63,1,0,12,21.6,5.73,22.9,24.2,3,2.0,Moderate Debt,<25
Male,Student,Night Owl,31,YouTube,57,0,0,21,25.7,4.8,19.4,18.5,4,6.3,Moderate Debt,<25
Male,Healthcare / Shift Worker,Intermediate,41,Streaming (Netflix/Hulu),40,0,52,55,29.4,5.97,21.6,22.4,3,3.7,Moderate Debt,25-34
Male,Healthcare / Shift Worker,Intermediate,37,TikTok / Reels,10,0,0,13,32.6,6.35,21.9,20.2,2,2.4,Moderate Debt,<25
Male,Student,Intermediate,46,TikTok / Reels,71,1,0,53,40.8,5.44,22.3,17.3,4,6.3,Moderate Debt,<25
Male,Remote Tech,Intermediate,82,TikTok / Reels,55,0,81,38,56.6,5.93,21.2,17.7,3,5.9,Moderate Debt,55+
Female,Corporate 9-to-5,Intermediate,55,Streaming (Netflix/Hulu),57,1,50,36,53.0,6.55,21.0,16.9,3,4.5,Moderate Debt,55+
Male,Corporate 9-to-5,Intermediate,31,Messaging / Chat,54,0,0,31,25.8,6.4,23.8,19.8,3,2.8,Moderate Debt,25-34
Male,Healthcare / Shift Worker,Morning Lark,11,Messaging / Chat,25,1,36,0,10.1,7.97,23.8,22.0,0,1.0,Optimal Recovery,55+
Male,Healthcare / Shift Worker,Intermediate,68,YouTube,60,1,116,16,58.6,5.85,17.6,16.1,5,6.3,Moderate Debt,25-34
Male,Freelance / Creative,Morning Lark,84,TikTok / Reels,56,0,0,30,57.2,5.51,25.3,13.5,4,4.9,Moderate Debt,25-34
Male,Corporate 9-to-5,Morning Lark,37,YouTube,54,1,39,32,32.6,7.45,21.7,16.5,3,1.0,Mild Deficit,35-44
Female,Remote Tech,Intermediate,124,YouTube,89,1,0,47,54.8,4.94,24.3,19.2,4,6.5,Moderate Debt,35-44
Female,Student,Morning Lark,66,TikTok / Reels,57,0,0,46,52.8,6.95,24.1,21.5,2,2.3,Mild Deficit,55+
Male,Student,Intermediate,54,TikTok / Reels,53,1,0,6,46.5,6.65,23.9,18.2,2,3.3,Moderate Debt,25-34
Female,Student,Intermediate,44,YouTube,52,0,41,3,40.5,7.53,18.6,18.7,1,1.4,Mild Deficit,35-44
Male,Student,Intermediate,85,TikTok / Reels,34,1,141,51,52.8,6.15,19.0,16.1,5,4.3,Moderate Debt,<25
Female,Remote Tech,Night Owl,119,TikTok / Reels,58,1,0,18,69.8,3.2,21.0,21.4,6,10.0,Severe Sleep Debt,<25
Female,Corporate 9-to-5,Intermediate,115,Instagram / Reddit,60,0,0,61,59.7,6.73,20.1,22.1,3,4.4,Moderate Debt,<25
Male,Corporate 9-to-5,Intermediate,49,Streaming (Netflix/Hulu),42,1,53,31,36.3,6.19,24.3,16.4,4,4.2,Moderate Debt,55+
Female,Corporate 9-to-5,Night Owl,115,News / Reading,70,0,108,58,56.4,3.41,18.2,21.7,5,10.0,Severe Sleep Debt,45-54
Male,Remote Tech,Intermediate,30,Instagram / Reddit,65,1,0,27,34.0,7.03,24.9,15.6,2,1.0,Mild Deficit,35-44
Female,Corporate 9-to-5,Morning Lark,77,Instagram / Reddit,53,1,0,32,32.3,7.02,23.5,18.0,2,1.6,Mild Deficit,25-34
Female,Corporate 9-to-5,Intermediate,27,TikTok / Reels,72,1,0,53,47.8,7.39,21.7,16.2,2,2.0,Mild Deficit,25-34
Male,Student,Intermediate,72,TikTok / Reels,47,1,161,7,65.6,5.92,23.7,15.8,4,6.4,Moderate Debt,<25
Female,Healthcare / Shift Worker,Intermediate,71,Instagram / Reddit,71,0,0,21,51.2,3.46,21.4,16.3,5,8.8,Severe Sleep Debt,25-34
Male,Healthcare / Shift Worker,Morning Lark,37,TikTok / Reels,45,1,0,77,33.0,6.8,26.1,18.5,2,1.0,Mild Deficit,25-34
Male,Corporate 9-to-5,Night Owl,30,Streaming (Netflix/Hulu),87,0,0,26,24.8,6.8,22.7,23.0,1,1.7,Mild Deficit,35-44
Female,Corporate 9-to-5,Morning Lark,108,Streaming (Netflix/Hulu),43,0,0,32,35.8,7.16,20.0,20.2,3,3.7,Mild Deficit,25-34
Male,Corporate 9-to-5,Night Owl,23,Instagram / Reddit,52,0,128,35,27.7,5.74,22.8,18.5,1,3.6,Moderate Debt,<25
Male,Freelance / Creative,Night Owl,18,Instagram / Reddit,38,0,0,49,20.5,5.72,25.2,18.3,3,3.1,Moderate Debt,<25
Female,Remote Tech,Night Owl,64,Instagram / Reddit,66,0,51,50,42.7,5.29,22.2,16.1,2,3.4,Moderate Debt,<25
Female,Corporate 9-to-5,Night Owl,48,YouTube,32,0,135,27,44.0,4.39,19.3,17.5,4,6.9,Moderate Debt,25-34
Female,Healthcare / Shift Worker,Morning Lark,63,Streaming (Netflix/Hulu),53,0,0,44,31.5,4.67,21.8,21.6,5,5.9,Moderate Debt,55+
Male,Remote Tech,Night Owl,32,Instagram / Reddit,27,1,66,18,28.8,5.96,22.3,21.1,3,3.4,Moderate Debt,35-44
Male,Healthcare / Shift Worker,Morning Lark,34,YouTube,66,0,210,43,49.9,6.56,17.9,15.6,3,4.2,Moderate Debt,45-54
Male,Corporate 9-to-5,Night Owl,49,YouTube,67,0,154,22,41.3,4.73,21.2,19.6,5,7.4,Moderate Debt,25-34
Male,Remote Tech,Intermediate,49,YouTube,57,0,0,64,35.1,6.49,26.9,16.9,3,2.0,Moderate Debt,25-34
Male,Remote Tech,Intermediate,47,TikTok / Reels,44,0,0,78,32.4,5.55,27.6,17.5,3,4.2,Moderate Debt,<25
Male,Healthcare / Shift Worker,Night Owl,118,Messaging / Chat,69,0,0,0,56.6,3.2,17.4,21.0,4,9.3,Severe Sleep Debt,45-54
Male,Healthcare / Shift Worker,Morning Lark,124,YouTube,36,0,0,76,65.4,5.08,22.4,18.7,5,7.8,Moderate Debt,35-44
Female,Remote Tech,Morning Lark,22,TikTok / Reels,40,0,0,31,28.0,8.57,23.2,19.9,1,1.0,Optimal Recovery,<25
Male,Corporate 9-to-5,Intermediate,63,Instagram / Reddit,69,0,0,57,41.0,7.02,27.1,17.3,3,1.6,Mild Deficit,25-34
Male,Remote Tech,Night Owl,25,Messaging / Chat,66,0,41,56,34.7,6.43,18.4,18.4,3,2.8,Moderate Debt,25-34
Male,Freelance / Creative,Intermediate,138,YouTube,66,0,0,0,74.9,6.02,17.5,20.2,4,6.4,Moderate Debt,35-44
Male,Student,Intermediate,34,YouTube,100,0,43,29,24.3,6.82,18.4,21.3,2,2.4,Mild Deficit,55+
Female,Healthcare / Shift Worker,Night Owl,41,Instagram / Reddit,58,1,44,3,31.7,3.75,23.5,20.0,3,7.0,Moderate Debt,35-44
Male,Remote Tech,Morning Lark,84,Instagram / Reddit,47,1,137,4,50.3,6.93,22.6,17.2,2,4.5,Mild Deficit,25-34
Female,Remote Tech,Intermediate,27,Instagram / Reddit,52,1,43,67,29.6,6.63,24.9,17.4,1,1.3,Moderate Debt,<25
Male,Remote Tech,Night Owl,17,Instagram / Reddit,13,0,0,53,12.7,7.23,20.9,19.4,1,1.2,Mild Deficit,<25
Female,Student,Intermediate,26,Instagram / Reddit,63,1,0,0,23.3,6.29,23.2,19.1,2,1.9,Moderate Debt,<25
Male,Healthcare / Shift Worker,Intermediate,93,TikTok / Reels,83,1,44,2,71.5,3.52,13.8,14.9,6,10.0,Severe Sleep Debt,<25
Male,Remote Tech,Morning Lark,39,TikTok / Reels,48,1,65,57,34.9,7.82,25.1,21.8,0,1.0,Optimal Recovery,35-44
Male,Remote Tech,Morning Lark,89,News / Reading,81,1,0,57,48.8,6.79,22.6,24.4,4,3.1,Mild Deficit,35-44
Female,Corporate 9-to-5,Morning Lark,50,TikTok / Reels,36,0,0,44,61.2,7.03,28.0,16.4,3,3.1,Mild Deficit,<25
Non-Binary,Corporate 9-to-5,Intermediate,15,YouTube,39,1,0,36,16.7,7.19,19.0,20.3,2,1.0,Mild Deficit,45-54
Male,Freelance / Creative,Morning Lark,31,Instagram / Reddit,39,0,20,18,44.6,8.04,20.3,18.4,1,1.0,Optimal Recovery,<25
Male,Corporate 9-to-5,Intermediate,59,YouTube,26,1,0,29,36.5,7.21,19.4,20.2,2,1.4,Mild Deficit,25-34
Female,Healthcare / Shift Worker,Morning Lark,9,YouTube,84,0,0,44,18.2,7.99,21.8,21.1,0,1.0,Optimal Recovery,25-34
Male,Student,Night Owl,66,TikTok / Reels,65,1,70,33,52.9,4.47,21.9,17.0,5,6.4,Moderate Debt,25-34
Female,Healthcare / Shift Worker,Night Owl,18,TikTok / Reels,67,1,0,36,24.6,4.42,18.6,22.9,3,5.0,Moderate Debt,25-34
Male,Freelance / Creative,Intermediate,33,Streaming (Netflix/Hulu),41,0,41,86,25.6,8.21,21.2,20.9,0,1.0,Optimal Recovery,25-34
Female,Student,Intermediate,119,TikTok / Reels,71,1,43,27,73.8,4.69,20.7,18.1,6,9.0,Severe Sleep Debt,25-34
Male,Healthcare / Shift Worker,Night Owl,121,Instagram / Reddit,45,0,0,6,65.7,3.2,20.8,18.3,6,10.0,Severe Sleep Debt,55+
Male,Corporate 9-to-5,Intermediate,70,Instagram / Reddit,46,1,0,39,38.2,7.46,23.9,19.3,1,1.0,Mild Deficit,<25
Female,Student,Night Owl,55,Messaging / Chat,76,0,0,34,36.8,5.97,24.1,24.9,3,4.5,Moderate Debt,<25
Female,Student,Morning Lark,34,Streaming (Netflix/Hulu),38,0,0,26,22.1,7.95,23.4,21.3,2,1.0,Optimal Recovery,<25
Male,Corporate 9-to-5,Night Owl,14,Messaging / Chat,35,1,155,25,32.5,6.26,23.5,17.7,3,4.8,Moderate Debt,35-44
Female,Student,Intermediate,13,TikTok / Reels,33,1,0,10,25.2,7.13,27.2,18.1,3,1.8,Mild Deficit,<25
Male,Student,Morning Lark,50,News / Reading,52,1,92,39,26.7,7.56,15.0,20.1,2,1.4,Mild Deficit,45-54
Female,Healthcare / Shift Worker,Night Owl,41,Streaming (Netflix/Hulu),96,0,0,62,31.4,3.2,24.1,22.1,5,7.6,Moderate Debt,25-34
Female,Corporate 9-to-5,Night Owl,36,Messaging / Chat,50,1,170,40,46.9,5.71,21.4,17.8,3,4.5,Moderate Debt,25-34
Female,Student,Intermediate,103,TikTok / Reels,29,0,31,26,56.7,5.51,21.4,15.6,3,5.4,Moderate Debt,25-34
Male,Corporate 9-to-5,Night Owl,26,TikTok / Reels,42,0,0,23,41.1,5.39,22.4,21.2,3,3.6,Moderate Debt,<25
Female,Student,Morning Lark,180,YouTube,46,1,0,34,81.5,4.91,23.9,18.8,5,7.3,Moderate Debt,<25
Male,Remote Tech,Intermediate,180,Streaming (Netflix/Hulu),56,1,0,48,74.6,4.13,20.7,20.6,6,10.0,Severe Sleep Debt,25-34
Male,Remote Tech,Morning Lark,82,Instagram / Reddit,62,0,59,42,55.3,7.04,17.3,19.3,2,3.7,Mild Deficit,35-44
Female,Remote Tech,Morning Lark,41,Streaming (Netflix/Hulu),13,0,0,40,21.6,8.42,21.9,21.3,0,1.0,Optimal Recovery,<25
Male,Corporate 9-to-5,Night Owl,12,TikTok / Reels,31,0,0,9,16.8,5.65,23.2,14.6,3,2.7,Moderate Debt,<25
Female,Corporate 9-to-5,Intermediate,80,TikTok / Reels,29,0,0,66,50.7,5.76,26.7,21.3,3,3.6,Moderate Debt,55+
Male,Corporate 9-to-5,Morning Lark,167,Instagram / Reddit,75,0,63,30,95.2,4.8,14.7,17.8,5,9.8,Severe Sleep Debt,<25
Female,Student,Intermediate,180,Streaming (Netflix/Hulu),35,1,177,77,91.5,3.2,17.1,17.5,7,10.0,Severe Sleep Debt,45-54
Female,Healthcare / Shift Worker,Morning Lark,27,Instagram / Reddit,61,1,0,48,26.6,6.91,16.7,17.4,1,1.7,Mild Deficit,35-44
Male,Corporate 9-to-5,Intermediate,84,Streaming (Netflix/Hulu),64,0,72,0,59.9,6.18,21.5,19.0,4,7.0,Moderate Debt,25-34
Male,Corporate 9-to-5,Morning Lark,21,Streaming (Netflix/Hulu),45,0,0,1,20.3,8.23,18.7,19.2,1,1.0,Optimal Recovery,<25
Female,Remote Tech,Night Owl,12,TikTok / Reels,10,0,0,46,16.2,6.07,23.6,18.6,3,1.8,Moderate Debt,<25
Male,Student,Intermediate,101,Messaging / Chat,78,0,0,16,56.3,6.22,18.6,17.0,4,5.8,Moderate Debt,35-44
Female,Corporate 9-to-5,Intermediate,34,YouTube,81,0,135,26,34.4,6.88,19.0,19.9,2,2.7,Mild Deficit,35-44
Male,Corporate 9-to-5,Intermediate,41,Streaming (Netflix/Hulu),55,0,0,26,27.5,6.46,26.8,24.8,3,2.7,Moderate Debt,35-44
Male,Corporate 9-to-5,Intermediate,40,YouTube,41,0,0,0,33.1,6.62,23.2,22.4,1,2.2,Moderate Debt,55+
Female,Remote Tech,Morning Lark,4,YouTube,91,1,57,40,14.8,8.89,25.0,19.7,1,1.0,Optimal Recovery,35-44
Female,Corporate 9-to-5,Intermediate,41,YouTube,41,1,0,42,40.6,7.95,21.9,18.9,2,1.0,Optimal Recovery,<25
Female,Remote Tech,Intermediate,114,TikTok / Reels,71,1,0,83,68.4,5.21,24.2,14.9,6,6.1,Moderate Debt,25-34
Female,Student,Night Owl,37,TikTok / Reels,25,0,65,27,29.3,5.95,20.1,20.9,1,1.8,Moderate Debt,45-54
Female,Student,Morning Lark,58,YouTube,64,1,0,32,32.4,8.58,18.3,20.8,1,1.0,Optimal Recovery,<25
Male,Corporate 9-to-5,Night Owl,15,YouTube,29,0,250,28,30.0,5.99,19.6,13.3,2,4.3,Moderate Debt,<25
Non-Binary,Student,Morning Lark,79,TikTok / Reels,63,1,0,92,65.1,5.87,22.7,18.6,4,5.2,Moderate Debt,35-44
Female,Remote Tech,Morning Lark,35,TikTok / Reels,55,0,55,40,36.4,8.35,17.3,15.4,1,1.0,Optimal Recovery,25-34
Male,Freelance / Creative,Morning Lark,26,TikTok / Reels,48,0,0,24,29.3,8.61,22.5,16.4,0,1.0,Optimal Recovery,45-54
Male,Corporate 9-to-5,Morning Lark,25,TikTok / Reels,47,0,0,35,19.4,9.8,24.3,19.1,1,1.0,Optimal Recovery,35-44
Male,Student,Intermediate,159,TikTok / Reels,77,1,0,29,98.7,4.38,24.0,17.0,5,9.7,Severe Sleep Debt,<25
Female,Student,Night Owl,9,TikTok / Reels,53,1,31,28,13.4,5.55,23.9,17.9,3,4.2,Moderate Debt,55+
Male,Corporate 9-to-5,Morning Lark,72,Messaging / Chat,63,1,0,20,48.0,6.68,26.7,18.9,1,1.6,Moderate Debt,25-34
Female,Freelance / Creative,Intermediate,10,TikTok / Reels,100,0,0,53,20.4,7.03,27.5,17.2,1,1.0,Mild Deficit,25-34
Female,Remote Tech,Intermediate,72,TikTok / Reels,30,0,0,25,46.2,6.57,23.6,16.8,2,3.1,Moderate Debt,25-34
Female,Student,Intermediate,28,YouTube,40,1,0,28,33.2,7.6,24.2,21.9,1,1.0,Mild Deficit,<25
Female,Corporate 9-to-5,Intermediate,71,YouTube,22,0,20,35,36.2,5.46,19.4,19.5,4,5.0,Moderate Debt,25-34
Female,Corporate 9-to-5,Night Owl,45,TikTok / Reels,21,0,0,37,27.5,5.05,21.9,16.6,2,3.8,Moderate Debt,<25
Male,Remote Tech,Morning Lark,60,Instagram / Reddit,93,1,0,63,37.9,7.45,28.0,18.9,2,1.2,Mild Deficit,25-34
Female,Corporate 9-to-5,Night Owl,54,YouTube,47,0,234,28,42.8,4.59,20.3,16.7,4,7.8,Moderate Debt,25-34
Male,Remote Tech,Intermediate,53,TikTok / Reels,10,1,103,35,44.6,7.26,18.5,15.9,1,1.5,Mild Deficit,35-44
Female,Remote Tech,Intermediate,12,Instagram / Reddit,49,1,51,20,24.7,7.68,22.0,20.5,0,1.0,Mild Deficit,45-54
Male,Student,Intermediate,25,TikTok / Reels,45,1,0,38,16.2,7.23,24.6,18.6,0,1.0,Mild Deficit,<25
Male,Remote Tech,Intermediate,85,TikTok / Reels,34,0,37,38,53.7,6.6,17.9,18.7,3,4.6,Moderate Debt,25-34
Female,Corporate 9-to-5,Morning Lark,33,TikTok / Reels,46,1,0,30,38.4,8.37,25.7,17.9,1,1.0,Optimal Recovery,25-34
Female,Student,Morning Lark,44,Streaming (Netflix/Hulu),58,1,133,26,38.6,7.87,20.5,20.7,1,1.1,Optimal Recovery,<25
Male,Remote Tech,Intermediate,23,Streaming (Netflix/Hulu),47,0,45,0,29.4,7.53,19.9,22.8,1,1.0,Mild Deficit,45-54
Female,Corporate 9-to-5,Night Owl,27,Messaging / Chat,72,0,42,10,27.8,5.52,21.0,19.3,4,4.1,Moderate Debt,35-44
Female,Corporate 9-to-5,Morning Lark,143,TikTok / Reels,54,0,126,14,97.7,5.01,15.2,15.6,5,10.0,Severe Sleep Debt,<25
Female,Corporate 9-to-5,Night Owl,119,YouTube,55,0,0,53,70.3,4.32,25.6,20.1,5,7.5,Moderate Debt,25-34
Male,Corporate 9-to-5,Intermediate,72,TikTok / Reels,51,1,0,23,47.0,5.66,23.9,18.4,3,3.8,Moderate Debt,<25
Male,Freelance / Creative,Night Owl,77,Messaging / Chat,30,0,0,68,49.7,4.71,25.2,20.6,5,5.7,Moderate Debt,35-44
Male,Remote Tech,Intermediate,62,TikTok / Reels,31,0,43,35,44.2,6.28,23.0,14.7,3,3.6,Moderate Debt,<25
Male,Corporate 9-to-5,Morning Lark,50,TikTok / Reels,57,0,95,44,50.3,7.01,14.9,18.2,3,4.2,Mild Deficit,55+
Male,Corporate 9-to-5,Night Owl,149,YouTube,40,0,65,44,81.1,3.36,18.4,17.7,7,10.0,Severe Sleep Debt,35-44
Male,Corporate 9-to-5,Morning Lark,34,TikTok / Reels,67,0,0,8,30.3,8.87,20.5,19.6,0,1.0,Optimal Recovery,25-34
Male,Remote Tech,Intermediate,28,Streaming (Netflix/Hulu),48,0,0,42,22.7,7.98,17.2,19.2,2,1.0,Optimal Recovery,35-44
Female,Corporate 9-to-5,Intermediate,37,TikTok / Reels,40,1,0,3,28.9,6.91,24.0,17.3,3,2.0,Mild Deficit,45-54
Female,Remote Tech,Intermediate,37,Instagram / Reddit,60,1,73,56,26.6,7.0,24.4,19.2,2,2.5,Mild Deficit,25-34
Male,Remote Tech,Night Owl,86,Instagram / Reddit,56,1,0,19,44.6,5.51,17.9,17.5,4,6.1,Moderate Debt,<25
Male,Healthcare / Shift Worker,Night Owl,29,Instagram / Reddit,22,0,0,49,21.8,4.47,20.0,18.1,4,4.9,Moderate Debt,25-34
Female,Corporate 9-to-5,Night Owl,49,News / Reading,19,0,0,20,25.6,5.43,21.9,20.7,2,2.4,Moderate Debt,45-54
Female,Remote Tech,Night Owl,64,TikTok / Reels,66,1,20,40,47.2,5.58,18.5,20.3,4,6.2,Moderate Debt,35-44
Male,Student,Intermediate,54,YouTube,40,1,132,21,44.0,7.25,19.1,15.7,2,3.9,Mild Deficit,35-44
Male,Remote Tech,Morning Lark,20,YouTube,58,0,0,57,21.1,7.85,23.5,20.7,0,1.0,Optimal Recovery,45-54
Female,Healthcare / Shift Worker,Night Owl,64,TikTok / Reels,60,0,40,34,51.7,3.49,19.9,13.7,5,8.8,Severe Sleep Debt,45-54
Male,Student,Intermediate,57,Messaging / Chat,79,1,0,45,45.6,5.9,21.2,18.9,3,3.5,Moderate Debt,45-54
Male,Remote Tech,Morning Lark,71,Instagram / Reddit,88,1,0,23,35.9,7.52,20.8,18.9,3,1.5,Mild Deficit,<25
Male,Remote Tech,Intermediate,68,Instagram / Reddit,32,0,0,27,44.9,6.35,23.9,24.2,2,3.9,Moderate Debt,25-34
Female,Freelance / Creative,Night Owl,70,Instagram / Reddit,52,1,73,34,47.3,4.67,17.2,15.7,6,8.0,Moderate Debt,35-44
Female,Student,Morning Lark,7,Messaging / Chat,53,1,0,38,20.4,8.59,21.3,22.0,0,1.0,Optimal Recovery,35-44
Female,Freelance / Creative,Night Owl,25,YouTube,85,0,89,8,43.7,6.75,18.5,14.9,2,2.1,Mild Deficit,35-44
Female,Corporate 9-to-5,Intermediate,92,TikTok / Reels,26,0,0,60,51.4,6.16,25.2,19.6,3,3.5,Moderate Debt,<25
Male,Remote Tech,Morning Lark,29,News / Reading,84,1,183,43,35.3,6.94,17.7,16.8,3,4.3,Mild Deficit,35-44
Female,Freelance / Creative,Night Owl,96,TikTok / Reels,66,0,0,3,50.7,5.5,24.1,15.4,4,6.2,Moderate Debt,35-44
Non-Binary,Corporate 9-to-5,Night Owl,37,Instagram / Reddit,44,0,20,25,35.6,5.06,22.8,21.8,3,5.0,Moderate Debt,<25
Female,Freelance / Creative,Intermediate,32,Streaming (Netflix/Hulu),72,0,0,0,16.0,7.3,21.7,21.6,1,1.0,Mild Deficit,25-34
Female,Corporate 9-to-5,Intermediate,37,Messaging / Chat,48,1,0,12,22.2,7.1,24.7,19.2,1,1.0,Mild Deficit,<25
Male,Freelance / Creative,Intermediate,180,TikTok / Reels,23,0,0,57,96.1,3.92,23.2,21.3,6,10.0,Severe Sleep Debt,25-34
Male,Remote Tech,Night Owl,46,News / Reading,57,1,0,38,32.6,6.06,25.0,20.5,3,2.3,Moderate Debt,<25
Female,Corporate 9-to-5,Morning Lark,81,TikTok / Reels,50,0,0,9,49.7,6.65,16.7,17.4,2,2.5,Moderate Debt,25-34
Male,Healthcare / Shift Worker,Morning Lark,180,YouTube,45,1,0,43,80.3,4.19,21.4,22.1,7,8.5,Moderate Debt,25-34
Male,Corporate 9-to-5,Night Owl,66,TikTok / Reels,39,0,0,19,48.0,5.4,22.8,19.9,3,6.0,Moderate Debt,35-44
Male,Corporate 9-to-5,Intermediate,143,TikTok / Reels,67,0,36,3,95.2,3.2,17.3,15.3,7,10.0,Severe Sleep Debt,35-44
Male,Corporate 9-to-5,Intermediate,91,News / Reading,55,1,0,46,34.6,6.21,25.3,21.6,3,4.0,Moderate Debt,45-54
Female,Student,Night Owl,72,Instagram / Reddit,45,0,43,17,49.9,5.55,25.8,18.4,2,3.5,Moderate Debt,<25
Male,Freelance / Creative,Night Owl,20,YouTube,43,0,0,22,6.1,5.62,26.9,23.0,2,1.0,Moderate Debt,<25
Male,Corporate 9-to-5,Night Owl,41,TikTok / Reels,46,0,130,28,37.5,5.18,20.6,15.5,3,5.9,Moderate Debt,45-54
Female,Remote Tech,Intermediate,66,YouTube,43,1,0,50,40.2,6.63,25.4,18.3,2,2.9,Moderate Debt,<25
Female,Corporate 9-to-5,Night Owl,32,YouTube,47,1,0,53,22.1,5.09,20.3,21.3,4,4.8,Moderate Debt,55+
Male,Student,Night Owl,70,YouTube,70,0,250,30,55.0,5.01,13.6,17.4,5,9.2,Severe Sleep Debt,45-54
Female,Corporate 9-to-5,Morning Lark,45,Streaming (Netflix/Hulu),48,0,44,29,34.4,7.8,21.9,18.6,3,1.1,Optimal Recovery,25-34
Female,Corporate 9-to-5,Intermediate,26,Messaging / Chat,58,0,0,38,17.5,7.16,24.3,21.5,2,1.0,Mild Deficit,55+
Non-Binary,Corporate 9-to-5,Morning Lark,81,YouTube,47,0,96,11,45.9,8.41,17.5,18.1,1,1.0,Optimal Recovery,<25
Female,Remote Tech,Night Owl,61,YouTube,20,0,0,35,34.6,5.49,24.2,16.9,4,4.6,Moderate Debt,25-34
Female,Healthcare / Shift Worker,Night Owl,72,Streaming (Netflix/Hulu),59,0,0,31,38.9,4.25,22.1,22.7,5,7.2,Moderate Debt,35-44
Male,Remote Tech,Night Owl,55,TikTok / Reels,41,1,79,10,48.3,6.31,20.9,16.0,5,5.1,Moderate Debt,25-34
Male,Corporate 9-to-5,Morning Lark,35,Messaging / Chat,68,0,0,28,39.7,8.69,21.6,18.0,1,1.0,Optimal Recovery,55+
Female,Remote Tech,Intermediate,48,Streaming (Netflix/Hulu),88,1,128,55,49.8,7.12,26.4,17.7,2,2.8,Mild Deficit,<25
Male,Healthcare / Shift Worker,Morning Lark,33,Instagram / Reddit,42,1,0,11,34.3,6.8,21.6,18.6,3,2.7,Mild Deficit,25-34
Male,Corporate 9-to-5,Night Owl,128,YouTube,73,1,149,51,72.1,3.2,20.7,15.8,7,10.0,Severe Sleep Debt,35-44
Male,Corporate 9-to-5,Intermediate,62,Instagram / Reddit,47,0,50,14,51.4,5.86,20.4,16.7,3,5.6,Moderate Debt,35-44
Female,Corporate 9-to-5,Morning Lark,49,TikTok / Reels,49,0,0,30,28.8,9.4,25.6,17.7,1,1.0,Optimal Recovery,25-34
Female,Student,Morning Lark,43,Instagram / Reddit,63,0,152,43,38.4,7.99,20.6,18.9,1,1.0,Optimal Recovery,25-34
Female,Remote Tech,Intermediate,25,YouTube,16,1,0,15,18.4,8.53,25.5,16.6,2,1.0,Optimal Recovery,45-54
Male,Remote Tech,Intermediate,64,TikTok / Reels,21,1,26,26,47.2,6.02,22.2,14.9,4,4.4,Moderate Debt,<25
Male,Corporate 9-to-5,Night Owl,21,News / Reading,56,1,54,48,19.4,6.11,23.0,21.5,2,1.8,Moderate Debt,45-54
Male,Corporate 9-to-5,Intermediate,113,Instagram / Reddit,10,0,204,43,73.5,4.69,16.9,16.6,5,8.8,Severe Sleep Debt,25-34
Male,Freelance / Creative,Intermediate,79,Messaging / Chat,77,1,0,48,53.8,6.92,24.9,19.4,4,2.5,Mild Deficit,35-44
Male,Corporate 9-to-5,Morning Lark,28,Streaming (Netflix/Hulu),82,0,75,46,31.3,8.73,19.2,20.3,0,1.0,Optimal Recovery,35-44
Female,Freelance / Creative,Intermediate,114,TikTok / Reels,62,0,0,48,71.6,5.78,17.2,22.4,4,7.1,Moderate Debt,<25
Male,Remote Tech,Night Owl,46,TikTok / Reels,52,0,0,41,44.6,5.36,23.6,20.9,4,4.6,Moderate Debt,35-44
Male,Corporate 9-to-5,Intermediate,75,Messaging / Chat,77,0,0,34,82.0,5.87,19.5,19.8,4,6.6,Moderate Debt,45-54
Male,Remote Tech,Morning Lark,45,Streaming (Netflix/Hulu),46,1,92,75,33.7,8.2,23.1,15.4,0,1.0,Optimal Recovery,25-34
Female,Freelance / Creative,Night Owl,46,TikTok / Reels,47,1,23,66,38.5,5.0,24.7,20.2,5,5.9,Moderate Debt,55+
Male,Remote Tech,Morning Lark,96,YouTube,52,0,0,86,65.6,6.22,24.0,21.0,3,4.3,Moderate Debt,25-34
Female,Healthcare / Shift Worker,Night Owl,50,Instagram / Reddit,38,1,0,32,25.8,3.39,22.1,16.6,4,5.8,Moderate Debt,<25
Female,Corporate 9-to-5,Intermediate,37,News / Reading,81,1,0,32,25.4,7.08,20.3,27.0,2,1.0,Mild Deficit,25-34
Male,Remote Tech,Intermediate,32,Messaging / Chat,80,1,20,3,30.5,8.31,23.7,22.1,1,1.0,Optimal Recovery,55+
Male,Healthcare / Shift Worker,Morning Lark,43,Instagram / Reddit,36,1,0,0,20.0,6.92,21.6,18.4,2,1.2,Mild Deficit,25-34
Female,Freelance / Creative,Morning Lark,155,News / Reading,40,0,75,27,50.5,6.86,21.4,20.5,2,3.0,Mild Deficit,45-54
Male,Remote Tech,Night Owl,61,YouTube,48,0,48,70,41.9,5.02,22.5,19.9,5,6.9,Moderate Debt,45-54
Female,Student,Night Owl,27,TikTok / Reels,79,1,96,57,36.5,6.32,20.9,16.8,3,2.8,Moderate Debt,25-34
Female,Corporate 9-to-5,Intermediate,60,TikTok / Reels,48,0,95,28,46.0,7.1,14.9,13.4,2,3.4,Mild Deficit,<25
Female,Corporate 9-to-5,Morning Lark,113,News / Reading,58,1,0,45,48.9,5.38,19.3,20.6,3,4.3,Moderate Debt,35-44
Male,Corporate 9-to-5,Night Owl,115,Streaming (Netflix/Hulu),34,0,0,13,61.9,3.42,20.1,18.5,7,10.0,Severe Sleep Debt,25-34
Male,Corporate 9-to-5,Intermediate,66,TikTok / Reels,85,0,38,48,47.2,6.57,23.4,17.2,3,4.3,Moderate Debt,35-44
Male,Corporate 9-to-5,Intermediate,89,Instagram / Reddit,32,0,0,37,39.7,6.08,21.0,15.3,4,4.6,Moderate Debt,25-34
Male,Corporate 9-to-5,Intermediate,49,TikTok / Reels,47,1,0,64,38.8,7.65,20.4,19.9,1,1.0,Mild Deficit,25-34
Female,Freelance / Creative,Intermediate,42,Messaging / Chat,21,0,79,37,29.3,7.91,20.1,21.4,2,1.0,Optimal Recovery,35-44
Female,Student,Intermediate,29,TikTok / Reels,80,1,123,0,37.5,7.62,18.2,15.9,2,1.7,Mild Deficit,25-34
Male,Remote Tech,Intermediate,32,News / Reading,54,1,0,31,16.3,7.13,23.0,24.5,1,1.0,Mild Deficit,25-34
Female,Freelance / Creative,Intermediate,49,TikTok / Reels,91,1,0,31,49.7,6.51,22.9,20.1,2,3.8,Moderate Debt,25-34
Male,Corporate 9-to-5,Night Owl,85,Instagram / Reddit,35,1,0,33,43.7,5.21,22.4,19.1,4,4.4,Moderate Debt,25-34
Male,Remote Tech,Intermediate,52,YouTube,76,0,0,0,37.1,5.77,16.5,18.0,2,4.2,Moderate Debt,25-34
Non-Binary,Student,Intermediate,32,YouTube,63,0,0,82,27.5,7.23,19.2,16.4,0,1.4,Mild Deficit,45-54
Female,Corporate 9-to-5,Intermediate,99,YouTube,39,1,33,38,63.8,5.77,24.0,18.5,4,5.2,Moderate Debt,25-34
Female,Student,Night Owl,108,Instagram / Reddit,42,0,105,31,63.6,4.55,22.3,19.8,5,8.4,Moderate Debt,25-34
Female,Corporate 9-to-5,Morning Lark,34,YouTube,66,1,0,24,33.8,7.34,20.0,23.3,0,1.0,Mild Deficit,35-44
Female,Corporate 9-to-5,Morning Lark,47,Instagram / Reddit,54,0,0,23,30.3,8.17,18.9,19.1,0,1.0,Optimal Recovery,25-34
Male,Corporate 9-to-5,Night Owl,20,Instagram / Reddit,41,0,0,3,29.3,5.56,24.5,18.0,3,3.0,Moderate Debt,25-34
Female,Freelance / Creative,Morning Lark,87,TikTok / Reels,90,1,59,61,67.7,7.3,18.7,14.3,3,3.9,Mild Deficit,55+
Female,Student,Intermediate,13,Streaming (Netflix/Hulu),56,1,31,36,19.9,8.3,23.3,21.1,0,1.0,Optimal Recovery,35-44
Female,Student,Night Owl,51,Streaming (Netflix/Hulu),47,1,0,37,42.2,4.9,22.1,20.6,3,4.5,Moderate Debt,35-44
Female,Remote Tech,Intermediate,59,TikTok / Reels,33,1,25,60,41.4,6.11,14.4,16.8,2,4.6,Moderate Debt,35-44
Male,Corporate 9-to-5,Morning Lark,34,Instagram / Reddit,45,1,0,25,34.4,9.3,21.5,20.2,0,1.0,Optimal Recovery,<25
Female,Student,Intermediate,32,Messaging / Chat,12,1,0,65,20.1,7.63,23.8,20.5,1,1.0,Mild Deficit,35-44
Female,Remote Tech,Night Owl,74,Messaging / Chat,55,0,0,25,38.9,5.19,19.2,22.2,3,4.7,Moderate Debt,25-34
Female,Corporate 9-to-5,Intermediate,63,TikTok / Reels,70,1,38,18,45.6,5.9,22.4,20.9,2,3.7,Moderate Debt,25-34
Female,Student,Night Owl,77,Instagram / Reddit,84,0,0,28,37.3,4.81,19.0,15.1,5,6.8,Moderate Debt,25-34
Female,Corporate 9-to-5,Night Owl,17,Instagram / Reddit,47,1,0,32,27.0,5.32,25.6,21.5,4,3.2,Moderate Debt,<25
Female,Corporate 9-to-5,Intermediate,117,YouTube,65,0,0,61,69.9,5.69,20.0,19.6,4,4.6,Moderate Debt,<25
Female,Healthcare / Shift Worker,Night Owl,123,Instagram / Reddit,48,0,59,41,83.8,3.2,19.4,15.8,6,10.0,Severe Sleep Debt,55+
Male,Student,Intermediate,58,TikTok / Reels,19,1,0,43,35.1,6.85,21.6,16.1,0,1.0,Mild Deficit,25-34
Male,Student,Intermediate,42,YouTube,14,1,0,8,19.2,7.44,24.1,19.6,1,1.0,Mild Deficit,25-34
Male,Remote Tech,Intermediate,49,YouTube,53,1,0,39,29.2,7.36,20.3,20.6,2,1.0,Mild Deficit,<25
Female,Remote Tech,Morning Lark,108,TikTok / Reels,14,1,85,0,72.2,6.83,19.3,16.1,3,3.4,Mild Deficit,<25
Male,Student,Intermediate,32,YouTube,50,0,0,21,23.0,6.57,22.1,18.5,2,2.2,Moderate Debt,35-44
Male,Student,Intermediate,16,YouTube,46,1,0,36,20.8,7.39,27.4,17.7,1,1.0,Mild Deficit,25-34
Female,Remote Tech,Intermediate,75,YouTube,20,1,0,7,40.6,5.98,21.6,21.2,2,3.2,Moderate Debt,25-34
Male,Freelance / Creative,Intermediate,51,YouTube,10,0,110,86,35.5,7.47,22.8,20.7,2,2.0,Mild Deficit,25-34
Female,Freelance / Creative,Night Owl,104,Messaging / Chat,40,1,118,24,48.8,4.21,25.6,20.0,4,6.6,Moderate Debt,35-44
Female,Remote Tech,Intermediate,54,TikTok / Reels,84,1,113,61,49.6,6.85,23.6,17.1,3,5.1,Mild Deficit,<25
Male,Healthcare / Shift Worker,Night Owl,157,Instagram / Reddit,60,0,0,55,84.8,3.2,20.7,19.4,7,10.0,Severe Sleep Debt,<25
Female,Remote Tech,Night Owl,163,YouTube,40,1,0,51,65.3,3.2,25.7,19.5,6,8.7,Severe Sleep Debt,25-34
Female,Remote Tech,Intermediate,37,TikTok / Reels,39,0,0,46,24.7,7.14,24.4,17.0,1,1.0,Mild Deficit,25-34
Female,Corporate 9-to-5,Intermediate,12,Messaging / Chat,62,0,57,14,18.2,8.06,18.3,17.8,2,1.0,Optimal Recovery,25-34
Female,Remote Tech,Intermediate,59,Streaming (Netflix/Hulu),56,1,0,48,30.8,7.21,24.5,19.0,2,1.0,Mild Deficit,35-44
Female,Freelance / Creative,Night Owl,20,TikTok / Reels,68,1,20,33,18.4,6.41,21.7,20.5,1,1.1,Moderate Debt,35-44
Male,Healthcare / Shift Worker,Morning Lark,18,Streaming (Netflix/Hulu),90,0,49,0,17.3,6.74,16.8,17.2,1,2.2,Moderate Debt,45-54
Male,Healthcare / Shift Worker,Intermediate,90,TikTok / Reels,77,0,0,49,62.4,4.79,20.0,17.7,4,7.2,Moderate Debt,25-34
Male,Corporate 9-to-5,Morning Lark,64,Streaming (Netflix/Hulu),76,1,24,32,35.8,6.92,25.8,23.0,2,1.4,Mild Deficit,<25
Female,Remote Tech,Intermediate,33,TikTok / Reels,52,1,20,0,31.7,7.64,22.0,18.2,1,1.0,Mild Deficit,25-34
Non-Binary,Corporate 9-to-5,Intermediate,54,Messaging / Chat,10,0,0,86,35.9,6.67,24.1,19.3,3,1.0,Moderate Debt,55+
Male,Corporate 9-to-5,Morning Lark,57,YouTube,12,1,0,75,24.2,8.72,26.7,21.2,0,1.0,Optimal Recovery,35-44
Female,Remote Tech,Intermediate,63,Instagram / Reddit,64,0,0,44,49.9,6.72,21.1,21.2,3,2.1,Moderate Debt,35-44
Male,Remote Tech,Night Owl,100,Messaging / Chat,43,1,35,43,49.0,3.89,23.7,19.1,4,7.9,Moderate Debt,<25
Male,Remote Tech,Night Owl,50,YouTube,87,0,0,39,33.4,5.96,21.2,19.1,3,4.4,Moderate Debt,25-34
Male,Remote Tech,Morning Lark,13,TikTok / Reels,83,1,0,0,28.7,7.38,19.0,17.7,1,1.0,Mild Deficit,<25
Female,Corporate 9-to-5,Night Owl,125,Instagram / Reddit,57,1,56,46,66.8,4.87,20.7,16.2,5,7.9,Moderate Debt,35-44
Female,Corporate 9-to-5,Night Owl,51,TikTok / Reels,45,0,29,43,33.9,5.24,22.5,17.9,4,4.7,Moderate Debt,45-54
Male,Healthcare / Shift Worker,Morning Lark,32,Streaming (Netflix/Hulu),36,0,23,45,20.1,7.45,26.9,19.9,2,1.0,Mild Deficit,55+
Female,Corporate 9-to-5,Intermediate,20,Streaming (Netflix/Hulu),86,1,36,21,26.1,8.3,21.1,15.7,0,1.0,Optimal Recovery,25-34
Male,Corporate 9-to-5,Night Owl,56,YouTube,58,1,0,31,39.0,5.69,24.4,19.2,3,4.0,Moderate Debt,25-34
Male,Healthcare / Shift Worker,Morning Lark,45,Streaming (Netflix/Hulu),40,0,0,41,20.3,6.21,21.9,19.6,3,3.2,Moderate Debt,55+
Male,Freelance / Creative,Night Owl,28,YouTube,52,0,0,32,25.1,4.88,23.1,18.7,3,4.3,Moderate Debt,35-44
Female,Student,Intermediate,92,Messaging / Chat,49,1,0,35,45.5,6.16,23.4,19.6,3,2.3,Moderate Debt,<25
Male,Corporate 9-to-5,Morning Lark,23,YouTube,90,0,0,43,30.1,8.4,19.8,19.5,0,1.0,Optimal Recovery,25-34
Female,Corporate 9-to-5,Intermediate,22,Instagram / Reddit,58,1,101,42,28.6,7.75,24.8,17.2,1,1.0,Optimal Recovery,25-34
Male,Freelance / Creative,Intermediate,32,YouTube,55,1,62,40,35.9,7.42,24.6,21.6,1,1.0,Mild Deficit,25-34
Male,Healthcare / Shift Worker,Intermediate,11,Streaming (Netflix/Hulu),28,1,0,44,15.7,7.3,23.0,18.8,2,1.3,Mild Deficit,25-34
Female,Remote Tech,Intermediate,13,TikTok / Reels,64,0,32,12,15.0,7.26,22.2,18.2,1,1.0,Mild Deficit,35-44
Male,Corporate 9-to-5,Intermediate,24,TikTok / Reels,56,0,20,24,39.9,7.54,21.4,16.3,3,1.5,Mild Deficit,25-34
Female,Corporate 9-to-5,Intermediate,37,TikTok / Reels,66,1,0,9,35.6,6.04,23.9,20.7,3,2.5,Moderate Debt,<25
Female,Corporate 9-to-5,Morning Lark,24,Instagram / Reddit,56,1,109,20,36.6,8.14,18.7,18.3,1,1.0,Optimal Recovery,25-34
Female,Student,Night Owl,57,Instagram / Reddit,48,0,0,33,38.4,4.38,20.3,19.1,6,7.6,Moderate Debt,45-54
Female,Corporate 9-to-5,Intermediate,26,YouTube,56,1,41,14,27.5,7.22,25.3,17.3,1,1.2,Mild Deficit,35-44
Female,Freelance / Creative,Night Owl,60,News / Reading,40,1,48,80,33.4,5.57,23.8,18.8,2,4.1,Moderate Debt,25-34
Female,Corporate 9-to-5,Night Owl,29,YouTube,58,0,0,71,29.6,4.96,23.1,20.6,4,4.9,Moderate Debt,55+
Male,Student,Intermediate,55,Messaging / Chat,81,0,0,6,34.4,6.71,19.2,18.9,1,2.9,Moderate Debt,45-54
Male,Corporate 9-to-5,Morning Lark,118,YouTube,73,0,0,36,65.1,6.96,17.0,16.3,3,4.2,Mild Deficit,<25
Male,Remote Tech,Night Owl,64,TikTok / Reels,49,1,0,72,43.6,4.97,25.4,20.6,3,5.9,Moderate Debt,<25
Female,Corporate 9-to-5,Night Owl,12,YouTube,51,0,76,20,17.2,6.53,21.8,20.8,1,2.0,Moderate Debt,35-44
Male,Student,Morning Lark,24,Streaming (Netflix/Hulu),67,1,60,51,22.7,8.02,19.6,16.3,1,1.2,Optimal Recovery,45-54
Male,Remote Tech,Night Owl,15,YouTube,62,1,61,69,17.7,5.51,26.6,14.9,2,2.6,Moderate Debt,55+
Female,Corporate 9-to-5,Morning Lark,17,Messaging / Chat,55,0,117,44,21.9,8.82,22.9,21.4,0,1.0,Optimal Recovery,45-54
Male,Healthcare / Shift Worker,Morning Lark,89,News / Reading,44,0,112,59,59.0,4.83,20.6,23.1,4,7.6,Moderate Debt,35-44
Female,Remote Tech,Intermediate,43,YouTube,37,1,0,6,30.1,6.3,20.9,19.3,1,2.5,Moderate Debt,25-34
Male,Freelance / Creative,Morning Lark,46,TikTok / Reels,37,0,38,23,36.3,7.71,21.6,19.5,3,1.5,Mild Deficit,<25
Female,Freelance / Creative,Night Owl,90,TikTok / Reels,52,0,0,34,57.8,5.19,25.6,18.3,5,6.1,Moderate Debt,25-34
Female,Freelance / Creative,Night Owl,26,Instagram / Reddit,62,0,0,32,20.0,6.4,20.7,17.4,3,2.5,Moderate Debt,25-34
Male,Corporate 9-to-5,Intermediate,56,YouTube,21,0,50,58,28.8,6.38,26.7,19.4,2,2.2,Moderate Debt,35-44
Female,Corporate 9-to-5,Morning Lark,75,News / Reading,70,0,47,42,52.1,6.7,21.7,19.5,4,4.9,Moderate Debt,25-34
Female,Freelance / Creative,Intermediate,40,Streaming (Netflix/Hulu),34,0,117,37,37.7,7.36,24.3,17.2,1,2.7,Mild Deficit,35-44
Male,Remote Tech,Intermediate,129,Messaging / Chat,41,0,0,0,61.6,4.86,22.0,24.7,5,7.7,Moderate Debt,25-34
Male,Corporate 9-to-5,Intermediate,42,YouTube,50,1,156,31,50.3,6.39,15.0,18.9,4,4.7,Moderate Debt,35-44
Male,Student,Morning Lark,22,TikTok / Reels,63,0,0,9,32.1,7.95,22.0,21.5,2,1.0,Optimal Recovery,<25
Female,Corporate 9-to-5,Intermediate,28,Instagram / Reddit,85,0,0,19,35.3,7.95,21.9,23.8,3,1.0,Optimal Recovery,25-34
Female,Student,Intermediate,54,Instagram / Reddit,46,0,69,25,48.0,5.79,23.5,22.5,4,4.5,Moderate Debt,35-44
Male,Healthcare / Shift Worker,Night Owl,76,Streaming (Netflix/Hulu),77,0,27,49,63.2,3.2,22.3,20.4,7,10.0,Severe Sleep Debt,35-44
Female,Healthcare / Shift Worker,Night Owl,23,Messaging / Chat,47,1,40,35,13.2,4.64,18.6,21.3,3,4.1,Moderate Debt,55+
Female,Corporate 9-to-5,Intermediate,103,YouTube,82,0,0,68,63.4,5.58,19.5,20.2,3,6.3,Moderate Debt,25-34
Male,Remote Tech,Intermediate,22,YouTube,54,1,84,52,31.9,8.56,25.1,17.4,1,1.0,Optimal Recovery,25-34
Female,Remote Tech,Morning Lark,113,TikTok / Reels,25,1,0,27,53.1,6.38,26.6,21.3,2,2.5,Moderate Debt,25-34
Female,Remote Tech,Morning Lark,30,Streaming (Netflix/Hulu),41,1,91,3,31.6,7.79,21.8,18.1,2,1.3,Optimal Recovery,25-34
Female,Corporate 9-to-5,Night Owl,5,Instagram / Reddit,55,0,20,31,13.9,7.06,24.4,21.2,1,1.0,Mild Deficit,45-54
Female,Remote Tech,Intermediate,70,Instagram / Reddit,51,0,42,58,38.3,6.88,22.5,20.6,2,2.0,Mild Deficit,35-44
Female,Remote Tech,Morning Lark,9,YouTube,35,0,85,16,35.0,8.68,24.9,18.0,2,1.0,Optimal Recovery,45-54
Female,Remote Tech,Intermediate,180,Streaming (Netflix/Hulu),29,0,90,24,75.4,4.96,23.0,16.4,5,8.0,Moderate Debt,<25
Female,Healthcare / Shift Worker,Night Owl,53,Messaging / Chat,71,1,0,19,29.9,4.49,19.6,23.9,4,6.9,Moderate Debt,45-54
Male,Remote Tech,Intermediate,18,TikTok / Reels,10,1,0,38,22.5,7.2,25.1,16.9,0,1.0,Mild Deficit,<25
Male,Corporate 9-to-5,Morning Lark,38,YouTube,65,0,0,23,20.0,8.73,25.5,20.6,0,1.0,Optimal Recovery,45-54
Female,Student,Night Owl,16,YouTube,33,0,0,23,33.7,5.12,20.0,20.5,4,5.4,Moderate Debt,25-34
Female,Healthcare / Shift Worker,Intermediate,68,YouTube,93,1,143,32,49.3,4.46,19.5,16.2,4,7.3,Moderate Debt,25-34
Female,Corporate 9-to-5,Intermediate,12,YouTube,15,0,0,35,20.0,8.45,19.2,19.7,0,1.0,Optimal Recovery,25-34
Female,Student,Intermediate,10,Streaming (Netflix/Hulu),13,1,0,46,17.6,7.69,28.0,18.3,1,1.0,Mild Deficit,55+
Female,Corporate 9-to-5,Night Owl,130,TikTok / Reels,46,1,0,34,71.9,3.84,24.1,21.1,5,8.1,Moderate Debt,<25
Male,Corporate 9-to-5,Night Owl,23,YouTube,75,0,0,65,23.0,5.97,19.8,19.8,1,2.9,Moderate Debt,25-34
Male,Freelance / Creative,Intermediate,58,YouTube,99,0,0,31,54.8,7.2,20.2,20.1,3,3.1,Mild Deficit,45-54
Male,Freelance / Creative,Morning Lark,42,TikTok / Reels,75,1,0,0,26.9,7.49,21.2,16.9,1,1.0,Mild Deficit,25-34
Female,Remote Tech,Intermediate,34,YouTube,58,0,0,27,26.4,7.48,22.8,19.2,0,1.0,Mild Deficit,<25
Female,Student,Morning Lark,35,TikTok / Reels,36,0,0,22,34.0,9.07,21.4,15.2,0,1.0,Optimal Recovery,25-34
Male,Healthcare / Shift Worker,Morning Lark,76,TikTok / Reels,40,0,0,46,55.6,5.08,19.9,18.3,4,7.1,Moderate Debt,25-34
Female,Freelance / Creative,Intermediate,44,Instagram / Reddit,42,0,118,44,33.9,6.28,26.0,17.9,2,2.1,Moderate Debt,45-54
Male,Remote Tech,Morning Lark,20,News / Reading,47,1,0,42,20.3,8.28,22.8,21.1,2,1.0,Optimal Recovery,35-44
Male,Remote Tech,Night Owl,18,Streaming (Netflix/Hulu),50,0,0,51,28.9,6.3,26.0,24.3,1,1.1,Moderate Debt,25-34
Male,Remote Tech,Morning Lark,104,YouTube,59,0,0,48,50.8,7.01,18.2,16.3,2,2.5,Mild Deficit,55+
Male,Corporate 9-to-5,Intermediate,79,YouTube,43,0,92,59,38.6,6.05,19.5,17.5,4,4.6,Moderate Debt,25-34
Male,Remote Tech,Morning Lark,128,YouTube,58,1,20,49,68.3,5.88,19.6,18.0,5,5.3,Moderate Debt,<25
Male,Healthcare / Shift Worker,Intermediate,80,TikTok / Reels,63,0,0,37,56.1,4.6,26.2,16.5,5,7.1,Moderate Debt,25-34
Male,Healthcare / Shift Worker,Morning Lark,23,TikTok / Reels,33,1,0,59,33.9,5.46,24.0,15.6,4,4.0,Moderate Debt,25-34
Female,Healthcare / Shift Worker,Intermediate,41,TikTok / Reels,30,0,0,45,29.9,4.56,24.8,18.7,3,4.8,Moderate Debt,<25
Male,Corporate 9-to-5,Night Owl,106,Instagram / Reddit,77,1,0,47,55.1,3.2,20.3,17.9,5,8.9,Severe Sleep Debt,55+
Female,Remote Tech,Night Owl,20,Streaming (Netflix/Hulu),57,0,0,21,20.6,7.36,22.7,23.3,2,1.4,Mild Deficit,35-44
Female,Corporate 9-to-5,Intermediate,13,YouTube,52,1,0,15,22.2,6.81,26.7,23.4,1,1.0,Mild Deficit,25-34
Female,Corporate 9-to-5,Morning Lark,134,News / Reading,26,0,21,29,48.9,5.88,25.5,18.7,3,5.0,Moderate Debt,35-44
Female,Freelance / Creative,Morning Lark,130,TikTok / Reels,70,1,57,56,76.2,5.26,23.3,17.4,5,7.6,Moderate Debt,35-44
Female,Remote Tech,Night Owl,110,News / Reading,55,1,0,32,53.2,4.65,22.3,23.6,5,7.4,Moderate Debt,55+
Male,Student,Morning Lark,104,Instagram / Reddit,85,0,37,24,62.3,6.6,16.7,18.6,3,6.0,Moderate Debt,45-54
Female,Corporate 9-to-5,Intermediate,88,YouTube,59,0,0,23,46.7,6.0,20.3,23.4,3,4.5,Moderate Debt,25-34
Female,Remote Tech,Night Owl,111,News / Reading,50,1,0,62,40.7,4.26,22.3,24.6,3,6.9,Moderate Debt,35-44
Male,Student,Night Owl,25,Instagram / Reddit,43,1,0,2,18.9,6.59,20.7,15.5,1,1.0,Moderate Debt,25-34
Male,Corporate 9-to-5,Night Owl,39,YouTube,87,0,39,9,35.9,5.72,19.1,21.9,2,3.8,Moderate Debt,25-34
Male,Corporate 9-to-5,Night Owl,32,TikTok / Reels,75,0,20,12,28.6,5.78,19.7,16.0,1,3.2,Moderate Debt,<25
Female,Corporate 9-to-5,Intermediate,64,TikTok / Reels,59,0,49,22,63.2,6.3,17.4,19.4,4,5.6,Moderate Debt,<25
Male,Student,Night Owl,13,News / Reading,74,1,114,47,27.7,6.66,19.6,20.6,3,2.8,Moderate Debt,25-34
Female,Freelance / Creative,Intermediate,111,TikTok / Reels,62,0,0,22,76.3,5.29,17.1,18.4,4,6.8,Moderate Debt,25-34
Female,Healthcare / Shift Worker,Night Owl,13,News / Reading,19,1,31,3,19.6,4.77,17.1,24.1,4,5.3,Moderate Debt,<25
Female,Freelance / Creative,Intermediate,88,YouTube,74,1,0,51,54.8,5.84,21.9,18.1,3,4.9,Moderate Debt,35-44
Female,Healthcare / Shift Worker,Intermediate,30,TikTok / Reels,69,0,0,45,34.5,6.2,20.0,18.0,2,3.4,Moderate Debt,<25
Female,Healthcare / Shift Worker,Intermediate,63,YouTube,33,0,0,65,30.1,5.27,25.4,18.1,3,4.0,Moderate Debt,35-44
Non-Binary,Remote Tech,Morning Lark,55,Instagram / Reddit,67,1,0,87,43.4,6.84,23.4,17.3,3,1.8,Mild Deficit,25-34
Female,Remote Tech,Intermediate,8,YouTube,38,1,0,25,13.5,8.37,21.1,17.7,1,1.0,Optimal Recovery,55+
Female,Remote Tech,Intermediate,57,Streaming (Netflix/Hulu),46,0,0,59,29.1,6.48,24.1,22.1,3,2.5,Moderate Debt,25-34
Female,Healthcare / Shift Worker,Intermediate,22,TikTok / Reels,58,1,0,16,21.2,6.45,23.6,18.3,1,1.2,Moderate Debt,<25
Female,Corporate 9-to-5,Intermediate,9,Messaging / Chat,57,0,55,42,27.8,6.99,25.6,17.0,1,1.0,Mild Deficit,25-34
Male,Corporate 9-to-5,Intermediate,52,Messaging / Chat,53,1,0,1,33.2,7.03,19.0,19.5,2,2.0,Mild Deficit,45-54
Female,Freelance / Creative,Morning Lark,11,YouTube,23,0,0,37,16.8,8.31,24.6,19.4,0,1.0,Optimal Recovery,55+
Male,Corporate 9-to-5,Intermediate,129,Streaming (Netflix/Hulu),56,0,0,62,53.8,4.32,22.5,23.2,5,9.4,Severe Sleep Debt,25-34
Female,Freelance / Creative,Night Owl,22,Streaming (Netflix/Hulu),88,1,0,83,13.7,6.37,27.9,18.6,2,2.0,Moderate Debt,25-34
Male,Student,Intermediate,54,Streaming (Netflix/Hulu),60,0,250,37,59.2,7.1,17.0,10.6,2,4.8,Mild Deficit,45-54
Male,Corporate 9-to-5,Intermediate,49,TikTok / Reels,51,1,46,13,30.7,7.38,18.1,16.7,2,2.7,Mild Deficit,<25
Male,Student,Intermediate,89,Instagram / Reddit,69,0,78,63,66.4,5.45,24.5,20.4,5,6.8,Moderate Debt,35-44
Male,Healthcare / Shift Worker,Night Owl,29,Instagram / Reddit,58,1,0,54,19.6,3.82,27.4,21.6,5,6.3,Moderate Debt,25-34
Male,Corporate 9-to-5,Intermediate,32,TikTok / Reels,47,1,0,42,21.9,7.5,22.0,16.5,0,1.0,Mild Deficit,<25
Female,Student,Morning Lark,50,TikTok / Reels,73,0,20,25,45.5,7.63,20.0,18.5,2,1.1,Mild Deficit,25-34
Female,Healthcare / Shift Worker,Night Owl,23,TikTok / Reels,60,0,52,16,33.5,4.83,22.3,18.4,4,5.0,Moderate Debt,25-34
Male,Corporate 9-to-5,Night Owl,34,YouTube,63,0,0,39,38.5,6.05,24.1,18.2,3,4.3,Moderate Debt,35-44
Male,Corporate 9-to-5,Night Owl,25,TikTok / Reels,51,1,0,45,18.6,5.75,26.3,19.5,2,2.9,Moderate Debt,55+
Female,Corporate 9-to-5,Intermediate,59,TikTok / Reels,53,0,0,31,44.7,6.9,20.2,18.6,1,3.0,Mild Deficit,25-34
Female,Corporate 9-to-5,Night Owl,77,YouTube,71,1,20,42,36.9,4.76,23.1,17.5,3,4.3,Moderate Debt,45-54
Male,Corporate 9-to-5,Intermediate,96,TikTok / Reels,45,1,0,37,56.0,5.64,25.3,18.9,5,6.7,Moderate Debt,<25
Female,Student,Night Owl,91,TikTok / Reels,100,0,33,72,67.4,4.29,19.8,18.7,5,9.0,Severe Sleep Debt,25-34
Female,Remote Tech,Night Owl,65,YouTube,43,0,0,54,33.1,5.21,26.6,19.6,3,3.5,Moderate Debt,<25
Female,Healthcare / Shift Worker,Night Owl,65,Messaging / Chat,43,0,76,77,35.5,3.2,22.7,16.0,5,8.3,Moderate Debt,55+
Male,Corporate 9-to-5,Intermediate,64,YouTube,76,1,117,16,53.3,6.69,22.2,20.5,2,3.5,Moderate Debt,35-44
Non-Binary,Remote Tech,Night Owl,45,YouTube,55,0,0,50,42.1,5.03,22.8,21.2,5,5.5,Moderate Debt,35-44
Female,Student,Morning Lark,19,YouTube,67,1,82,35,22.9,8.22,22.9,17.5,0,1.0,Optimal Recovery,45-54
Female,Healthcare / Shift Worker,Morning Lark,114,Messaging / Chat,85,0,28,45,63.6,5.46,25.4,22.4,4,6.6,Moderate Debt,35-44
Female,Remote Tech,Intermediate,63,Instagram / Reddit,63,1,109,25,46.6,5.87,19.6,14.0,2,4.9,Moderate Debt,55+
Female,Remote Tech,Intermediate,78,TikTok / Reels,62,0,0,15,41.4,7.98,21.0,22.7,2,2.2,Optimal Recovery,35-44
Male,Healthcare / Shift Worker,Morning Lark,31,Streaming (Netflix/Hulu),44,1,0,13,20.0,6.04,22.8,19.9,2,2.5,Moderate Debt,55+
Male,Corporate 9-to-5,Intermediate,161,TikTok / Reels,38,0,0,59,88.9,3.2,27.8,17.2,7,10.0,Severe Sleep Debt,25-34
Female,Corporate 9-to-5,Morning Lark,104,TikTok / Reels,24,0,0,25,55.6,6.0,19.9,16.6,4,5.6,Moderate Debt,<25
Male,Remote Tech,Intermediate,36,YouTube,41,0,95,43,24.8,8.3,23.4,20.0,0,1.0,Optimal Recovery,25-34
Male,Healthcare / Shift Worker,Night Owl,30,TikTok / Reels,46,1,166,0,28.2,4.48,17.7,15.3,5,6.2,Moderate Debt,<25
Female,Corporate 9-to-5,Night Owl,78,Streaming (Netflix/Hulu),40,1,0,22,33.8,5.14,18.3,21.0,3,4.0,Moderate Debt,35-44
Female,Remote Tech,Intermediate,45,Instagram / Reddit,50,1,0,41,35.3,6.28,24.7,19.2,2,1.6,Moderate Debt,25-34
Non-Binary,Remote Tech,Night Owl,58,Streaming (Netflix/Hulu),46,0,0,24,30.2,4.96,23.5,18.8,3,3.7,Moderate Debt,35-44
Female,Freelance / Creative,Intermediate,110,YouTube,72,0,0,21,66.4,5.51,18.8,21.2,5,6.3,Moderate Debt,<25
Male,Corporate 9-to-5,Night Owl,58,YouTube,29,1,0,51,34.3,4.96,25.4,21.1,4,3.9,Moderate Debt,<25
Female,Corporate 9-to-5,Intermediate,43,Instagram / Reddit,75,0,0,30,51.2,6.36,24.2,22.1,4,3.9,Moderate Debt,25-34
Male,Remote Tech,Night Owl,66,Instagram / Reddit,69,1,0,40,43.2,5.02,21.8,18.4,3,4.2,Moderate Debt,55+
Male,Remote Tech,Night Owl,14,TikTok / Reels,37,1,22,33,21.1,6.08,27.6,15.2,2,2.6,Moderate Debt,25-34
Male,Student,Intermediate,56,Streaming (Netflix/Hulu),30,1,133,52,41.9,6.14,22.9,20.6,2,2.3,Moderate Debt,25-34
Male,Student,Intermediate,16,News / Reading,66,1,0,6,14.9,7.27,21.5,23.8,1,1.0,Mild Deficit,35-44
Male,Student,Intermediate,73,Instagram / Reddit,66,1,0,60,37.2,6.64,27.4,19.5,3,2.5,Moderate Debt,35-44
Male,Healthcare / Shift Worker,Intermediate,4,YouTube,39,1,126,49,25.5,4.9,25.9,21.0,4,4.9,Moderate Debt,25-34
Female,Freelance / Creative,Intermediate,44,TikTok / Reels,29,0,63,46,42.1,6.7,20.6,20.0,2,1.5,Moderate Debt,25-34
Female,Remote Tech,Intermediate,127,Streaming (Netflix/Hulu),47,0,0,49,61.2,4.73,23.0,19.1,5,8.0,Moderate Debt,<25
Male,Freelance / Creative,Intermediate,99,News / Reading,10,0,98,13,49.6,5.12,18.2,22.5,6,7.7,Moderate Debt,55+
Male,Corporate 9-to-5,Intermediate,58,Streaming (Netflix/Hulu),66,0,75,41,34.4,7.11,22.9,22.7,2,2.9,Mild Deficit,<25
Female,Student,Night Owl,135,TikTok / Reels,42,0,0,44,77.5,3.2,26.2,17.4,5,9.7,Severe Sleep Debt,25-34
Female,Remote Tech,Night Owl,34,Messaging / Chat,59,1,0,21,15.8,6.43,23.0,19.7,1,2.0,Moderate Debt,<25
Male,Healthcare / Shift Worker,Morning Lark,23,TikTok / Reels,91,1,61,50,31.4,6.72,23.1,19.1,3,2.9,Moderate Debt,25-34
Female,Remote Tech,Morning Lark,42,Instagram / Reddit,47,1,0,36,25.3,8.48,19.9,17.9,0,1.0,Optimal Recovery,35-44
Female,Healthcare / Shift Worker,Morning Lark,41,YouTube,69,1,0,64,19.2,7.76,21.4,21.6,0,1.0,Optimal Recovery,<25
Male,Freelance / Creative,Morning Lark,44,Streaming (Netflix/Hulu),50,0,0,50,27.7,8.07,24.6,19.2,0,1.0,Optimal Recovery,<25
Male,Student,Morning Lark,51,Streaming (Netflix/Hulu),46,1,62,50,28.2,8.23,18.2,19.0,1,1.0,Optimal Recovery,25-34
Female,Student,Night Owl,12,Instagram / Reddit,86,1,0,24,8.4,5.26,20.9,20.0,2,2.7,Moderate Debt,<25
Female,Corporate 9-to-5,Night Owl,28,Streaming (Netflix/Hulu),44,0,0,68,27.3,5.85,21.0,20.7,2,3.1,Moderate Debt,<25
Female,Corporate 9-to-5,Intermediate,34,Instagram / Reddit,66,0,20,38,26.2,6.5,19.5,22.1,1,1.3,Moderate Debt,45-54
Female,Freelance / Creative,Intermediate,133,Messaging / Chat,61,0,0,32,69.2,5.08,18.0,18.0,6,8.2,Moderate Debt,35-44
Male,Student,Night Owl,33,TikTok / Reels,63,1,68,55,49.8,5.23,22.3,17.3,4,6.5,Moderate Debt,45-54
Female,Remote Tech,Night Owl,36,Instagram / Reddit,68,0,0,24,30.9,6.15,24.3,18.0,3,2.7,Moderate Debt,45-54
Female,Remote Tech,Night Owl,76,TikTok / Reels,65,1,0,69,48.4,5.28,28.0,17.5,5,4.7,Moderate Debt,35-44
Female,Corporate 9-to-5,Morning Lark,42,Messaging / Chat,44,0,55,87,32.3,7.41,23.8,17.1,1,1.0,Mild Deficit,<25
Female,Remote Tech,Morning Lark,154,News / Reading,46,1,44,4,50.5,5.58,17.2,18.2,4,6.1,Moderate Debt,35-44
Non-Binary,Remote Tech,Morning Lark,81,TikTok / Reels,61,1,0,75,59.7,7.59,25.3,18.1,2,1.0,Mild Deficit,45-54
Female,Corporate 9-to-5,Intermediate,73,Instagram / Reddit,18,1,0,39,40.1,6.49,17.9,20.3,3,3.6,Moderate Debt,45-54
Male,Corporate 9-to-5,Night Owl,13,YouTube,62,1,168,15,32.4,5.96,23.5,16.9,1,3.4,Moderate Debt,25-34
Male,Remote Tech,Intermediate,60,TikTok / Reels,43,1,0,8,37.9,7.03,23.2,22.6,2,1.5,Mild Deficit,25-34
Male,Remote Tech,Night Owl,53,Instagram / Reddit,76,1,0,0,33.7,4.45,24.9,21.6,3,4.8,Moderate Debt,45-54
Male,Corporate 9-to-5,Intermediate,91,TikTok / Reels,16,0,0,12,52.0,5.86,22.5,15.0,4,3.6,Moderate Debt,35-44
Female,Remote Tech,Night Owl,74,YouTube,64,1,0,41,46.7,4.04,17.4,22.3,4,7.3,Moderate Debt,55+
Male,Freelance / Creative,Morning Lark,67,YouTube,60,0,203,17,56.6,6.96,18.1,15.5,3,5.7,Mild Deficit,<25
Female,Remote Tech,Morning Lark,62,TikTok / Reels,58,1,0,14,58.7,7.66,18.8,18.2,2,2.1,Mild Deficit,25-34
Male,Healthcare / Shift Worker,Intermediate,33,YouTube,81,0,21,18,35.7,4.94,26.1,19.6,5,5.7,Moderate Debt,<25
Female,Freelance / Creative,Morning Lark,23,YouTube,55,1,67,30,36.9,8.23,21.6,20.7,2,1.0,Optimal Recovery,35-44
Male,Corporate 9-to-5,Night Owl,63,Streaming (Netflix/Hulu),60,0,0,24,47.5,4.8,21.2,18.7,4,6.3,Moderate Debt,<25
Female,Corporate 9-to-5,Morning Lark,24,Instagram / Reddit,31,0,20,20,27.3,8.51,27.8,21.1,0,1.0,Optimal Recovery,<25
Male,Remote Tech,Night Owl,50,Streaming (Netflix/Hulu),58,0,0,59,32.6,5.52,25.2,20.8,4,3.7,Moderate Debt,55+
Female,Remote Tech,Morning Lark,119,TikTok / Reels,50,1,0,62,77.2,5.52,25.3,19.8,3,6.3,Moderate Debt,<25
Male,Remote Tech,Intermediate,134,YouTube,50,1,0,0,59.9,4.61,23.2,19.0,5,6.8,Moderate Debt,45-54
Female,Corporate 9-to-5,Night Owl,42,News / Reading,23,0,0,34,25.3,5.79,18.5,18.5,2,2.8,Moderate Debt,25-34
Female,Student,Night Owl,96,Instagram / Reddit,90,1,0,35,62.2,4.3,22.8,22.6,5,6.1,Moderate Debt,45-54
Male,Corporate 9-to-5,Intermediate,50,YouTube,36,0,0,0,32.4,7.13,22.4,20.7,3,2.5,Mild Deficit,25-34
Male,Freelance / Creative,Night Owl,23,Messaging / Chat,49,1,0,27,17.5,6.29,26.4,19.7,1,1.2,Moderate Debt,45-54
Female,Corporate 9-to-5,Intermediate,50,TikTok / Reels,25,1,0,28,39.5,6.11,22.9,20.8,2,2.2,Moderate Debt,55+
Male,Freelance / Creative,Intermediate,180,YouTube,26,0,0,48,73.0,4.25,21.1,21.1,4,7.3,Moderate Debt,<25
Male,Corporate 9-to-5,Night Owl,71,TikTok / Reels,26,1,98,22,51.0,4.31,16.9,14.0,7,9.3,Severe Sleep Debt,<25
Male,Corporate 9-to-5,Intermediate,26,TikTok / Reels,86,0,41,10,26.8,7.94,20.1,18.3,0,1.0,Optimal Recovery,25-34
Female,Corporate 9-to-5,Intermediate,63,YouTube,23,0,0,68,44.3,7.12,24.7,18.8,4,3.4,Mild Deficit,35-44
Female,Freelance / Creative,Intermediate,83,TikTok / Reels,44,1,20,28,61.2,5.9,21.8,19.5,4,4.7,Moderate Debt,45-54
Male,Corporate 9-to-5,Intermediate,95,Instagram / Reddit,47,0,0,26,49.8,5.51,21.3,20.6,4,5.2,Moderate Debt,25-34
Female,Student,Morning Lark,42,Messaging / Chat,40,1,59,0,36.2,7.46,22.5,16.4,2,1.5,Mild Deficit,35-44
Male,Healthcare / Shift Worker,Morning Lark,136,Messaging / Chat,38,1,0,27,63.4,4.86,25.3,19.6,4,6.2,Moderate Debt,<25
Female,Student,Night Owl,46,Streaming (Netflix/Hulu),46,1,0,43,32.4,4.84,26.9,19.5,5,4.7,Moderate Debt,45-54
Female,Remote Tech,Intermediate,63,YouTube,30,1,60,32,38.8,5.5,20.8,16.9,3,4.7,Moderate Debt,55+
Male,Freelance / Creative,Intermediate,14,Instagram / Reddit,74,1,0,12,22.5,7.22,26.0,21.7,1,1.0,Mild Deficit,25-34
Male,Healthcare / Shift Worker,Night Owl,113,Instagram / Reddit,86,0,0,27,75.1,3.2,17.9,18.2,7,10.0,Severe Sleep Debt,25-34
Male,Remote Tech,Intermediate,19,TikTok / Reels,80,1,0,28,24.8,7.35,21.2,15.0,4,2.0,Mild Deficit,<25
Female,Remote Tech,Night Owl,79,TikTok / Reels,16,1,0,33,52.0,4.61,19.8,17.1,4,6.5,Moderate Debt,25-34
Female,Freelance / Creative,Night Owl,36,Messaging / Chat,15,0,59,67,41.0,5.47,24.9,17.4,4,5.2,Moderate Debt,25-34
Female,Freelance / Creative,Night Owl,19,YouTube,24,0,0,52,29.1,4.55,24.5,22.6,4,4.5,Moderate Debt,<25
Female,Remote Tech,Intermediate,37,News / Reading,66,0,0,60,18.9,8.04,20.7,21.6,1,1.0,Optimal Recovery,25-34
Male,Healthcare / Shift Worker,Intermediate,13,Streaming (Netflix/Hulu),45,0,124,0,24.2,5.12,17.3,15.0,3,5.7,Moderate Debt,25-34
Male,Corporate 9-to-5,Intermediate,30,Instagram / Reddit,100,0,0,29,27.3,6.71,25.7,22.6,2,1.0,Moderate Debt,25-34
Female,Remote Tech,Intermediate,33,Streaming (Netflix/Hulu),55,1,0,43,31.1,6.64,21.6,22.7,2,1.7,Moderate Debt,35-44
Male,Corporate 9-to-5,Intermediate,20,YouTube,76,0,0,24,27.4,7.99,23.2,21.6,1,1.0,Optimal Recovery,<25
Female,Corporate 9-to-5,Intermediate,61,TikTok / Reels,77,0,0,19,43.6,6.97,20.0,13.7,1,1.7,Mild Deficit,35-44
Male,Student,Morning Lark,48,Instagram / Reddit,35,1,20,44,34.9,6.8,22.8,19.4,2,2.5,Mild Deficit,35-44
Female,Remote Tech,Morning Lark,61,Streaming (Netflix/Hulu),38,0,0,28,27.0,7.06,24.1,24.9,2,1.3,Mild Deficit,25-34
Male,Corporate 9-to-5,Intermediate,33,Streaming (Netflix/Hulu),86,1,0,32,28.1,7.32,26.3,22.8,2,1.0,Mild Deficit,<25
Female,Remote Tech,Night Owl,43,Instagram / Reddit,21,1,0,48,28.4,5.9,20.5,17.0,3,3.7,Moderate Debt,35-44
Female,Remote Tech,Morning Lark,18,YouTube,52,1,0,94,18.1,7.51,26.9,23.4,2,1.0,Mild Deficit,55+
Female,Freelance / Creative,Morning Lark,31,TikTok / Reels,69,0,97,32,44.6,7.69,17.8,17.3,1,2.5,Mild Deficit,25-34
Female,Healthcare / Shift Worker,Intermediate,19,TikTok / Reels,65,0,0,51,18.2,5.6,25.0,19.9,3,3.7,Moderate Debt,25-34
Female,Remote Tech,Intermediate,40,News / Reading,47,0,0,56,29.8,7.24,21.4,21.5,0,1.0,Mild Deficit,<25
Female,Freelance / Creative,Morning Lark,31,Streaming (Netflix/Hulu),46,0,61,61,25.0,7.38,26.4,20.3,2,1.2,Mild Deficit,35-44
Female,Corporate 9-to-5,Morning Lark,79,Instagram / Reddit,30,0,97,24,47.2,8.31,17.3,18.3,0,1.4,Optimal Recovery,<25
Male,Student,Intermediate,84,Instagram / Reddit,37,1,101,47,55.0,5.6,18.6,15.9,3,6.2,Moderate Debt,25-34
Female,Freelance / Creative,Night Owl,56,Streaming (Netflix/Hulu),88,0,87,43,62.1,4.58,13.6,17.9,5,8.2,Moderate Debt,35-44
Male,Remote Tech,Morning Lark,82,Streaming (Netflix/Hulu),59,1,54,27,45.3,6.45,21.9,22.1,4,4.6,Moderate Debt,25-34
Female,Student,Intermediate,60,YouTube,43,1,0,30,38.3,6.63,28.0,23.9,3,1.0,Moderate Debt,25-34
Male,Corporate 9-to-5,Intermediate,34,Instagram / Reddit,67,1,0,37,19.8,7.45,20.7,21.6,2,1.0,Mild Deficit,25-34
Male,Corporate 9-to-5,Morning Lark,53,Messaging / Chat,46,0,40,14,36.3,7.9,16.0,19.0,1,1.0,Optimal Recovery,25-34
Female,Remote Tech,Morning Lark,123,YouTube,33,1,0,38,59.8,7.02,25.3,16.8,2,2.4,Mild Deficit,<25
Male,Freelance / Creative,Intermediate,91,Streaming (Netflix/Hulu),43,1,0,38,39.0,5.48,22.9,21.5,4,4.7,Moderate Debt,<25
Female,Remote Tech,Night Owl,51,Messaging / Chat,27,0,0,15,22.5,5.66,18.3,20.2,3,3.2,Moderate Debt,45-54
Male,Freelance / Creative,Intermediate,13,Instagram / Reddit,87,0,31,28,23.1,7.2,24.4,17.1,2,1.0,Mild Deficit,<25
Male,Freelance / Creative,Intermediate,147,TikTok / Reels,68,0,142,53,108.7,4.6,19.9,14.5,6,10.0,Severe Sleep Debt,35-44
Female,Corporate 9-to-5,Intermediate,45,TikTok / Reels,67,0,0,10,35.9,6.79,22.6,17.0,3,2.7,Mild Deficit,45-54
Female,Remote Tech,Night Owl,99,TikTok / Reels,44,0,61,60,64.7,4.99,21.3,16.1,4,6.5,Moderate Debt,25-34
Female,Student,Morning Lark,49,Streaming (Netflix/Hulu),54,0,46,58,29.1,6.73,25.2,20.5,2,2.6,Moderate Debt,25-34
Female,Remote Tech,Intermediate,10,Messaging / Chat,45,1,135,40,33.7,8.32,17.4,13.8,1,1.0,Optimal Recovery,35-44
Male,Corporate 9-to-5,Night Owl,108,TikTok / Reels,27,1,0,50,58.9,3.87,23.6,18.6,6,9.0,Severe Sleep Debt,45-54
Female,Freelance / Creative,Night Owl,61,YouTube,73,0,51,40,43.7,5.15,19.5,21.1,3,5.1,Moderate Debt,55+
Female,Student,Intermediate,14,Messaging / Chat,71,1,142,14,28.5,7.7,18.7,19.4,3,1.7,Mild Deficit,35-44
Female,Remote Tech,Intermediate,42,TikTok / Reels,63,0,0,20,27.6,6.58,21.4,20.8,3,3.4,Moderate Debt,<25
Female,Student,Intermediate,61,News / Reading,56,1,101,31,41.1,6.96,22.0,16.7,2,3.4,Mild Deficit,35-44
Female,Corporate 9-to-5,Intermediate,57,YouTube,37,0,82,53,58.0,6.89,22.5,16.7,4,4.1,Mild Deficit,25-34
Male,Remote Tech,Intermediate,91,News / Reading,62,1,57,13,45.5,6.1,19.4,25.7,5,5.1,Moderate Debt,25-34
Female,Freelance / Creative,Night Owl,61,YouTube,36,0,0,63,38.0,5.21,28.0,16.8,4,4.4,Moderate Debt,<25
Male,Healthcare / Shift Worker,Night Owl,51,TikTok / Reels,38,0,150,5,41.0,3.35,21.0,20.8,5,8.8,Severe Sleep Debt,<25
Female,Corporate 9-to-5,Intermediate,22,YouTube,36,1,0,39,26.5,7.08,24.7,17.0,2,1.0,Mild Deficit,35-44
Female,Remote Tech,Night Owl,139,Messaging / Chat,42,1,0,53,65.9,3.96,27.8,20.3,4,6.7,Moderate Debt,25-34
Male,Student,Night Owl,41,TikTok / Reels,40,1,0,32,33.9,6.25,22.4,20.7,2,1.1,Moderate Debt,25-34
Female,Corporate 9-to-5,Night Owl,33,Instagram / Reddit,70,0,0,44,31.3,4.96,25.7,18.2,3,4.2,Moderate Debt,25-34
Female,Corporate 9-to-5,Night Owl,24,Instagram / Reddit,35,0,94,0,27.8,5.27,25.1,18.3,3,3.6,Moderate Debt,45-54
Male,Remote Tech,Intermediate,30,News / Reading,55,1,176,42,36.0,7.96,22.1,15.5,0,1.0,Optimal Recovery,35-44
Female,Student,Intermediate,86,TikTok / Reels,67,0,0,14,77.3,5.34,17.6,19.7,5,8.0,Moderate Debt,25-34
Female,Corporate 9-to-5,Morning Lark,17,YouTube,79,0,32,0,21.5,9.67,21.3,17.9,0,1.0,Optimal Recovery,<25
Male,Corporate 9-to-5,Morning Lark,38,TikTok / Reels,63,0,0,19,33.0,7.89,24.2,21.3,0,1.0,Optimal Recovery,25-34
Male,Corporate 9-to-5,Intermediate,10,Instagram / Reddit,17,0,0,77,15.5,7.87,28.0,20.1,0,1.0,Optimal Recovery,45-54
Female,Corporate 9-to-5,Morning Lark,28,Instagram / Reddit,50,1,0,52,32.2,7.45,24.5,19.2,3,1.0,Mild Deficit,35-44
Female,Remote Tech,Intermediate,32,TikTok / Reels,69,1,0,58,51.5,6.26,28.0,18.5,2,3.1,Moderate Debt,25-34
Female,Corporate 9-to-5,Intermediate,30,Messaging / Chat,35,0,42,58,34.5,7.75,21.2,20.9,2,1.0,Optimal Recovery,35-44
Female,Corporate 9-to-5,Intermediate,24,TikTok / Reels,82,1,0,22,6.3,6.8,22.9,19.1,2,2.0,Mild Deficit,25-34
Male,Healthcare / Shift Worker,Morning Lark,115,Instagram / Reddit,81,1,20,49,67.0,5.36,22.8,19.7,6,7.4,Moderate Debt,45-54
Male,Corporate 9-to-5,Morning Lark,32,Instagram / Reddit,65,0,0,65,29.2,7.05,16.9,19.0,1,1.0,Mild Deficit,25-34
Male,Remote Tech,Morning Lark,84,YouTube,74,1,0,36,49.3,6.93,24.3,20.8,2,3.2,Mild Deficit,<25
Female,Freelance / Creative,Morning Lark,35,TikTok / Reels,79,1,0,5,32.5,8.63,20.6,20.1,0,1.0,Optimal Recovery,<25
Female,Student,Night Owl,19,Messaging / Chat,56,1,98,27,32.3,5.59,22.8,18.4,3,3.2,Moderate Debt,25-34
Male,Student,Intermediate,76,YouTube,73,1,0,34,46.3,6.97,22.9,21.3,3,2.3,Mild Deficit,55+
Female,Remote Tech,Intermediate,97,Instagram / Reddit,32,0,63,60,56.8,6.02,21.7,14.9,5,4.7,Moderate Debt,25-34
Male,Corporate 9-to-5,Morning Lark,19,TikTok / Reels,70,1,62,0,19.1,9.8,23.6,13.5,0,1.0,Optimal Recovery,45-54
Male,Student,Intermediate,71,Instagram / Reddit,63,1,0,36,44.2,5.59,24.0,20.6,3,4.4,Moderate Debt,35-44
Male,Student,Intermediate,41,Messaging / Chat,100,1,96,29,43.2,7.27,22.7,17.2,2,1.0,Mild Deficit,25-34
Female,Corporate 9-to-5,Morning Lark,152,YouTube,47,1,70,44,64.6,5.65,21.6,17.0,4,5.1,Moderate Debt,<25
Female,Remote Tech,Night Owl,92,TikTok / Reels,81,1,138,36,74.1,4.21,21.8,16.1,4,7.6,Moderate Debt,<25
Male,Freelance / Creative,Night Owl,125,TikTok / Reels,74,1,0,44,77.3,3.39,24.1,21.2,6,9.8,Severe Sleep Debt,35-44
Male,Corporate 9-to-5,Morning Lark,36,Streaming (Netflix/Hulu),53,1,225,34,48.5,7.1,15.8,15.0,3,4.1,Mild Deficit,<25
Male,Remote Tech,Intermediate,130,TikTok / Reels,19,0,0,20,73.0,4.58,25.2,19.2,5,7.7,Moderate Debt,25-34
Female,Remote Tech,Intermediate,81,News / Reading,47,0,36,25,40.3,6.16,23.0,19.1,3,4.5,Moderate Debt,25-34
Male,Healthcare / Shift Worker,Intermediate,56,YouTube,53,0,0,37,32.2,4.32,21.0,17.7,3,5.1,Moderate Debt,35-44
Male,Healthcare / Shift Worker,Night Owl,75,YouTube,74,1,20,9,46.5,4.07,17.0,20.0,5,8.2,Moderate Debt,<25
Female,Student,Morning Lark,24,YouTube,61,0,0,51,24.7,8.96,27.4,16.4,0,1.0,Optimal Recovery,25-34
Male,Remote Tech,Intermediate,56,TikTok / Reels,56,0,0,44,48.0,7.71,24.9,15.6,1,2.3,Mild Deficit,25-34
Male,Corporate 9-to-5,Intermediate,41,Instagram / Reddit,71,1,147,15,44.6,4.85,17.2,14.3,5,7.4,Moderate Debt,25-34
Female,Corporate 9-to-5,Intermediate,98,Streaming (Netflix/Hulu),70,1,0,40,51.4,5.76,22.2,19.7,3,4.8,Moderate Debt,45-54
Female,Student,Night Owl,8,Instagram / Reddit,74,1,0,40,12.4,6.89,24.5,19.0,1,1.0,Mild Deficit,<25
Male,Student,Morning Lark,55,Instagram / Reddit,38,1,91,40,53.0,7.6,20.4,18.9,2,1.8,Mild Deficit,45-54
Female,Freelance / Creative,Morning Lark,37,Messaging / Chat,74,0,20,0,30.1,7.57,19.1,19.7,2,2.4,Mild Deficit,35-44
Male,Remote Tech,Intermediate,137,Streaming (Netflix/Hulu),81,1,0,67,71.4,4.25,21.5,19.9,7,8.3,Moderate Debt,25-34
Female,Student,Morning Lark,45,YouTube,100,1,0,73,34.6,7.56,28.0,22.6,1,1.9,Mild Deficit,35-44
Female,Remote Tech,Morning Lark,42,YouTube,65,0,73,13,30.4,8.09,22.2,16.2,3,2.6,Optimal Recovery,25-34
Non-Binary,Corporate 9-to-5,Intermediate,55,TikTok / Reels,77,0,0,22,37.0,6.28,20.5,18.4,1,2.9,Moderate Debt,<25
Male,Remote Tech,Morning Lark,77,TikTok / Reels,64,1,190,61,61.1,6.91,22.6,14.2,2,4.9,Mild Deficit,35-44
Female,Remote Tech,Intermediate,12,Streaming (Netflix/Hulu),68,0,65,69,25.4,7.86,23.2,18.7,1,1.0,Optimal Recovery,25-34
Male,Freelance / Creative,Intermediate,18,Instagram / Reddit,77,0,0,20,24.5,7.61,25.0,18.3,2,1.0,Mild Deficit,35-44
Female,Remote Tech,Morning Lark,138,Instagram / Reddit,23,1,0,46,67.4,6.85,26.2,15.7,4,4.1,Mild Deficit,25-34
Female,Freelance / Creative,Intermediate,57,Streaming (Netflix/Hulu),61,1,0,40,27.3,6.92,22.9,18.9,2,1.4,Mild Deficit,45-54
Female,Remote Tech,Morning Lark,180,YouTube,62,1,35,20,80.6,5.21,14.5,21.6,4,7.3,Moderate Debt,35-44
Female,Corporate 9-to-5,Night Owl,26,YouTube,43,0,121,63,36.9,5.35,23.4,21.0,2,4.2,Moderate Debt,<25
Male,Corporate 9-to-5,Intermediate,71,Streaming (Netflix/Hulu),24,1,20,19,26.8,6.1,23.6,17.4,2,1.8,Moderate Debt,25-34
Male,Corporate 9-to-5,Intermediate,58,TikTok / Reels,46,0,0,33,45.7,6.28,21.1,18.3,2,2.7,Moderate Debt,35-44
Non-Binary,Remote Tech,Night Owl,114,Messaging / Chat,61,1,0,2,58.3,3.94,21.8,15.8,6,9.3,Severe Sleep Debt,35-44
Male,Corporate 9-to-5,Intermediate,15,YouTube,51,0,20,24,20.7,7.95,23.7,22.0,0,1.0,Optimal Recovery,25-34
Female,Remote Tech,Night Owl,138,Streaming (Netflix/Hulu),61,0,0,46,72.9,3.28,20.1,19.3,7,10.0,Severe Sleep Debt,45-54
Male,Freelance / Creative,Night Owl,54,News / Reading,36,0,30,72,34.7,4.81,25.5,26.8,3,5.3,Moderate Debt,25-34
Non-Binary,Student,Morning Lark,47,YouTube,58,1,0,39,30.6,7.53,20.7,23.5,1,1.0,Mild Deficit,25-34
Male,Student,Night Owl,70,YouTube,62,1,65,49,45.5,4.98,19.7,17.6,3,5.6,Moderate Debt,45-54
Male,Corporate 9-to-5,Morning Lark,46,YouTube,30,1,0,49,33.3,8.54,23.7,23.4,0,1.0,Optimal Recovery,45-54
Male,Remote Tech,Morning Lark,55,TikTok / Reels,28,1,42,47,45.2,6.54,18.7,18.5,4,4.8,Moderate Debt,35-44
Female,Corporate 9-to-5,Night Owl,105,Streaming (Netflix/Hulu),71,1,0,25,70.5,4.58,21.5,18.4,5,7.5,Moderate Debt,45-54
Male,Healthcare / Shift Worker,Morning Lark,24,TikTok / Reels,58,0,0,23,23.7,6.67,21.7,19.7,2,1.2,Moderate Debt,<25
Male,Corporate 9-to-5,Intermediate,69,TikTok / Reels,35,0,0,0,49.6,6.28,21.7,18.7,3,3.5,Moderate Debt,45-54
Male,Remote Tech,Night Owl,70,Instagram / Reddit,47,0,20,39,34.0,4.56,21.2,17.0,4,5.4,Moderate Debt,25-34
Female,Remote Tech,Night Owl,143,TikTok / Reels,64,1,66,33,88.4,3.39,16.5,17.6,5,10.0,Severe Sleep Debt,<25
Female,Remote Tech,Intermediate,40,Instagram / Reddit,37,1,0,48,38.7,7.34,27.1,17.9,1,1.2,Mild Deficit,25-34
Male,Healthcare / Shift Worker,Night Owl,4,Instagram / Reddit,86,1,0,63,6.9,4.94,24.6,19.5,4,4.2,Moderate Debt,25-34
Female,Corporate 9-to-5,Intermediate,36,TikTok / Reels,66,0,0,28,34.4,7.24,20.9,19.3,1,1.0,Mild Deficit,25-34
Male,Remote Tech,Morning Lark,29,YouTube,72,0,0,55,27.7,7.83,24.3,19.7,1,1.0,Optimal Recovery,25-34
Female,Healthcare / Shift Worker,Intermediate,127,TikTok / Reels,58,0,59,21,86.3,4.79,21.7,21.3,5,9.1,Severe Sleep Debt,<25
Female,Remote Tech,Intermediate,3,Streaming (Netflix/Hulu),67,0,0,23,7.7,8.14,25.1,17.1,0,1.0,Optimal Recovery,25-34
Female,Remote Tech,Intermediate,95,TikTok / Reels,97,1,105,3,67.4,5.54,15.8,16.2,5,9.4,Moderate Debt,35-44
Male,Corporate 9-to-5,Intermediate,64,TikTok / Reels,46,0,0,34,51.2,6.58,23.7,19.0,4,3.5,Moderate Debt,25-34
Female,Student,Intermediate,19,YouTube,47,0,0,54,14.9,8.82,26.8,20.1,0,1.0,Optimal Recovery,25-34
Female,Freelance / Creative,Intermediate,66,TikTok / Reels,97,1,43,31,48.0,6.5,18.6,22.7,4,3.3,Moderate Debt,35-44
Female,Student,Night Owl,11,Streaming (Netflix/Hulu),81,0,42,49,28.1,6.55,26.1,19.6,2,2.2,Moderate Debt,45-54
Female,Healthcare / Shift Worker,Intermediate,79,YouTube,52,0,0,39,46.7,4.91,21.1,19.7,4,6.4,Moderate Debt,35-44
Female,Remote Tech,Intermediate,47,TikTok / Reels,39,0,158,30,47.5,6.37,21.1,17.6,2,4.1,Moderate Debt,25-34
Female,Corporate 9-to-5,Night Owl,7,YouTube,47,1,83,53,19.1,6.41,21.4,14.2,2,1.5,Moderate Debt,35-44
Male,Corporate 9-to-5,Intermediate,17,TikTok / Reels,96,0,0,17,28.4,7.03,20.6,18.4,3,2.0,Mild Deficit,<25
Male,Student,Night Owl,81,TikTok / Reels,57,1,0,44,52.3,4.51,22.8,16.3,3,5.6,Moderate Debt,<25
Female,Remote Tech,Morning Lark,147,YouTube,76,1,0,36,75.1,5.68,19.3,17.9,4,6.3,Moderate Debt,25-34
Female,Healthcare / Shift Worker,Intermediate,149,Messaging / Chat,60,0,104,55,71.2,3.2,19.0,20.4,6,10.0,Severe Sleep Debt,45-54
Male,Student,Morning Lark,98,TikTok / Reels,61,1,85,31,67.8,6.29,16.8,17.1,3,5.3,Moderate Debt,25-34
Female,Freelance / Creative,Morning Lark,14,TikTok / Reels,67,0,146,19,33.4,8.11,22.7,18.5,2,1.0,Optimal Recovery,<25
Male,Remote Tech,Intermediate,108,Instagram / Reddit,53,0,26,45,56.0,5.93,20.4,18.9,3,5.6,Moderate Debt,<25
Male,Remote Tech,Intermediate,161,TikTok / Reels,50,1,45,55,98.5,3.5,20.4,22.1,7,10.0,Severe Sleep Debt,45-54
Female,Corporate 9-to-5,Night Owl,127,YouTube,87,0,95,65,72.2,4.08,18.6,16.7,5,9.3,Severe Sleep Debt,35-44
Female,Remote Tech,Intermediate,64,YouTube,51,0,0,34,37.0,6.84,22.0,21.0,4,2.6,Mild Deficit,25-34
Male,Healthcare / Shift Worker,Intermediate,21,Streaming (Netflix/Hulu),66,0,0,44,17.1,6.12,21.8,18.0,3,2.0,Moderate Debt,25-34
Female,Corporate 9-to-5,Night Owl,104,TikTok / Reels,77,0,143,74,82.8,3.2,22.0,16.0,7,10.0,Severe Sleep Debt,25-34
Female,Freelance / Creative,Intermediate,49,Instagram / Reddit,66,1,162,45,43.9,7.06,23.3,15.9,1,3.6,Mild Deficit,35-44
Female,Freelance / Creative,Night Owl,49,YouTube,70,1,0,69,31.4,5.07,22.2,22.1,2,4.6,Moderate Debt,25-34
Male,Remote Tech,Intermediate,51,Instagram / Reddit,22,1,33,67,49.2,6.84,22.2,15.0,3,4.1,Mild Deficit,45-54
Male,Corporate 9-to-5,Morning Lark,52,YouTube,60,0,0,68,36.2,7.14,28.0,19.8,0,1.0,Mild Deficit,25-34
Female,Corporate 9-to-5,Intermediate,20,Streaming (Netflix/Hulu),81,0,0,29,21.5,6.11,20.1,18.5,3,2.0,Moderate Debt,35-44
Male,Corporate 9-to-5,Intermediate,39,TikTok / Reels,100,0,0,20,32.8,5.71,22.4,16.9,4,3.9,Moderate Debt,<25
Female,Corporate 9-to-5,Intermediate,138,TikTok / Reels,78,1,0,46,88.2,5.52,21.6,19.4,6,8.0,Moderate Debt,25-34
Male,Remote Tech,Night Owl,51,TikTok / Reels,60,1,0,0,51.7,4.54,20.6,20.4,2,5.3,Moderate Debt,25-34
Female,Corporate 9-to-5,Intermediate,38,Messaging / Chat,67,0,0,48,17.7,6.97,21.0,17.9,0,1.0,Mild Deficit,25-34
Male,Student,Intermediate,26,Instagram / Reddit,70,1,0,4,18.0,7.41,23.2,21.2,0,1.0,Mild Deficit,<25
Non-Binary,Remote Tech,Intermediate,25,Streaming (Netflix/Hulu),14,0,0,41,21.3,7.34,25.2,23.5,1,1.0,Mild Deficit,35-44
Female,Corporate 9-to-5,Morning Lark,81,Messaging / Chat,32,0,0,29,38.2,9.03,18.7,19.6,0,1.0,Optimal Recovery,<25
Female,Remote Tech,Intermediate,63,Streaming (Netflix/Hulu),58,0,0,27,38.0,7.81,19.2,26.0,1,1.0,Optimal Recovery,35-44
Female,Freelance / Creative,Intermediate,58,Streaming (Netflix/Hulu),53,0,0,16,33.0,7.79,22.0,19.6,1,1.0,Optimal Recovery,45-54
Female,Student,Intermediate,79,Streaming (Netflix/Hulu),47,1,47,38,34.4,6.62,20.5,18.8,3,2.8,Moderate Debt,25-34
Female,Remote Tech,Intermediate,95,YouTube,63,0,0,75,60.9,5.12,26.5,17.1,5,8.4,Moderate Debt,35-44
Male,Student,Night Owl,53,News / Reading,65,1,0,38,36.1,5.57,23.8,19.9,4,3.6,Moderate Debt,35-44
Male,Student,Morning Lark,87,YouTube,24,0,116,69,43.8,7.54,21.9,18.6,3,3.1,Mild Deficit,25-34
Female,Healthcare / Shift Worker,Intermediate,32,YouTube,28,0,0,40,31.4,5.1,25.0,22.8,4,4.7,Moderate Debt,45-54
Male,Corporate 9-to-5,Night Owl,104,TikTok / Reels,47,0,0,15,64.9,4.09,24.0,18.6,6,7.2,Moderate Debt,25-34
Male,Healthcare / Shift Worker,Night Owl,45,Messaging / Chat,66,0,95,36,41.0,3.56,18.3,22.3,4,7.7,Moderate Debt,35-44
Male,Corporate 9-to-5,Intermediate,149,YouTube,51,0,25,8,77.1,4.03,19.8,20.1,7,10.0,Severe Sleep Debt,35-44
Female,Freelance / Creative,Night Owl,50,TikTok / Reels,44,0,91,61,41.9,5.6,18.3,15.9,2,4.6,Moderate Debt,25-34
Female,Corporate 9-to-5,Morning Lark,22,YouTube,84,0,0,39,19.7,8.49,23.7,23.4,1,1.0,Optimal Recovery,25-34
Female,Freelance / Creative,Morning Lark,63,Messaging / Chat,68,1,92,35,40.9,8.98,17.0,21.6,1,1.0,Optimal Recovery,25-34
Female,Freelance / Creative,Night Owl,47,Instagram / Reddit,51,1,0,53,30.6,6.09,25.3,20.7,3,2.4,Moderate Debt,45-54
Male,Corporate 9-to-5,Night Owl,17,Messaging / Chat,91,1,41,23,20.3,6.26,16.4,15.7,3,3.9,Moderate Debt,55+
Male,Freelance / Creative,Morning Lark,153,Messaging / Chat,57,1,24,53,78.7,6.35,21.7,19.1,3,5.2,Moderate Debt,25-34
Female,Corporate 9-to-5,Morning Lark,46,Messaging / Chat,74,0,0,38,23.3,7.45,24.4,21.9,1,1.0,Mild Deficit,35-44
Female,Corporate 9-to-5,Morning Lark,17,Streaming (Netflix/Hulu),36,0,0,41,19.8,7.98,26.0,18.2,1,1.0,Optimal Recovery,45-54
Male,Remote Tech,Intermediate,47,Instagram / Reddit,27,0,0,46,33.7,7.25,21.4,20.0,3,1.6,Mild Deficit,<25
Male,Freelance / Creative,Night Owl,33,TikTok / Reels,39,0,0,40,32.7,5.66,23.0,19.9,4,3.7,Moderate Debt,25-34
Male,Remote Tech,Intermediate,37,TikTok / Reels,66,1,0,33,33.6,6.93,23.7,18.4,1,1.0,Mild Deficit,35-44
Female,Remote Tech,Intermediate,67,Instagram / Reddit,52,1,20,34,55.1,6.11,26.3,20.9,3,3.6,Moderate Debt,45-54
Male,Student,Intermediate,29,TikTok / Reels,52,0,0,45,29.8,7.83,25.0,17.3,2,1.0,Optimal Recovery,45-54
Male,Freelance / Creative,Night Owl,95,Instagram / Reddit,60,0,0,35,49.6,3.49,19.1,16.3,4,7.4,Moderate Debt,25-34
Male,Healthcare / Shift Worker,Morning Lark,32,TikTok / Reels,58,1,0,14,20.9,7.48,23.0,17.8,1,1.0,Mild Deficit,<25
Female,Corporate 9-to-5,Intermediate,25,TikTok / Reels,80,1,0,34,36.4,7.55,22.2,24.4,1,1.5,Mild Deficit,25-34
Female,Corporate 9-to-5,Night Owl,56,Streaming (Netflix/Hulu),44,0,0,12,39.6,6.79,16.9,22.9,2,3.0,Mild Deficit,25-34
Female,Corporate 9-to-5,Morning Lark,13,Instagram / Reddit,27,0,87,83,25.3,8.73,20.9,17.2,0,1.0,Optimal Recovery,25-34
Male,Student,Night Owl,47,Streaming (Netflix/Hulu),88,0,0,66,32.7,4.9,22.7,21.0,3,4.8,Moderate Debt,35-44
Male,Corporate 9-to-5,Intermediate,42,YouTube,46,0,0,75,30.7,6.59,28.0,21.0,2,1.9,Moderate Debt,<25
Non-Binary,Corporate 9-to-5,Morning Lark,39,Instagram / Reddit,79,1,0,27,32.0,8.42,22.4,19.3,2,1.0,Optimal Recovery,45-54
Male,Healthcare / Shift Worker,Morning Lark,20,YouTube,63,0,89,42,29.9,7.2,19.8,18.3,2,1.7,Mild Deficit,25-34
Female,Corporate 9-to-5,Intermediate,29,Instagram / Reddit,84,1,89,24,24.7,7.81,23.3,18.3,1,1.0,Optimal Recovery,35-44
Female,Remote Tech,Intermediate,95,YouTube,43,0,0,71,43.5,5.97,19.7,17.6,4,4.9,Moderate Debt,<25
Female,Remote Tech,Intermediate,25,TikTok / Reels,72,1,0,26,26.4,7.28,28.0,19.1,2,1.0,Mild Deficit,25-34
Female,Corporate 9-to-5,Morning Lark,107,TikTok / Reels,49,0,165,39,70.1,6.91,17.5,15.4,1,3.4,Mild Deficit,<25
Male,Remote Tech,Intermediate,83,Instagram / Reddit,42,1,20,42,42.4,4.9,21.4,17.9,5,5.7,Moderate Debt,55+
Male,Remote Tech,Intermediate,43,YouTube,89,1,22,68,38.4,6.64,21.9,22.4,3,3.4,Moderate Debt,45-54
Female,Healthcare / Shift Worker,Intermediate,109,Messaging / Chat,40,0,52,54,60.7,3.2,19.9,21.9,7,10.0,Severe Sleep Debt,25-34
Male,Corporate 9-to-5,Intermediate,69,Streaming (Netflix/Hulu),39,1,0,35,42.8,5.89,22.1,21.7,3,3.8,Moderate Debt,25-34
Male,Remote Tech,Intermediate,44,YouTube,33,1,0,73,19.5,7.01,27.0,21.7,1,1.1,Mild Deficit,55+
Female,Healthcare / Shift Worker,Morning Lark,27,YouTube,46,0,29,39,27.7,6.26,20.5,18.2,1,2.1,Moderate Debt,25-34
Female,Student,Morning Lark,49,News / Reading,58,0,0,62,31.2,7.19,24.0,18.6,2,1.0,Mild Deficit,<25
Female,Healthcare / Shift Worker,Morning Lark,131,Messaging / Chat,52,0,0,11,69.7,3.86,16.1,16.6,6,10.0,Severe Sleep Debt,25-34
Female,Freelance / Creative,Morning Lark,48,YouTube,63,0,144,76,54.2,7.89,18.4,18.5,1,2.1,Optimal Recovery,55+
Male,Healthcare / Shift Worker,Morning Lark,152,TikTok / Reels,23,1,0,35,79.6,3.45,23.0,20.4,6,9.8,Severe Sleep Debt,<25
Female,Remote Tech,Intermediate,36,TikTok / Reels,54,1,20,49,26.4,8.36,23.3,15.4,2,1.0,Optimal Recovery,25-34
Female,Healthcare / Shift Worker,Night Owl,90,Streaming (Netflix/Hulu),26,1,0,20,41.7,3.2,23.5,23.0,6,8.3,Moderate Debt,55+
Non-Binary,Remote Tech,Intermediate,130,TikTok / Reels,46,0,0,12,70.6,5.75,25.9,23.1,5,6.2,Moderate Debt,<25
Male,Corporate 9-to-5,Intermediate,41,YouTube,50,0,0,39,28.1,6.99,25.0,20.1,2,1.1,Mild Deficit,<25
Female,Corporate 9-to-5,Morning Lark,27,Streaming (Netflix/Hulu),54,0,0,47,32.7,8.71,20.7,20.8,1,1.0,Optimal Recovery,35-44
Male,Corporate 9-to-5,Night Owl,5,Messaging / Chat,62,0,0,13,6.0,7.03,21.9,19.2,1,1.0,Mild Deficit,45-54
Female,Corporate 9-to-5,Morning Lark,44,YouTube,30,1,0,37,38.0,7.62,26.1,17.8,2,1.0,Mild Deficit,25-34
Female,Corporate 9-to-5,Intermediate,78,YouTube,46,1,0,0,38.4,7.06,24.0,23.7,2,1.7,Mild Deficit,55+
Male,Corporate 9-to-5,Night Owl,27,Messaging / Chat,100,0,108,19,32.7,5.18,19.7,19.1,2,3.8,Moderate Debt,35-44
Female,Healthcare / Shift Worker,Intermediate,34,YouTube,53,1,20,26,25.4,5.48,25.8,21.5,2,3.3,Moderate Debt,<25
Male,Freelance / Creative,Morning Lark,63,Messaging / Chat,51,0,0,0,43.8,6.98,19.6,24.4,3,2.4,Mild Deficit,55+
Female,Remote Tech,Intermediate,87,TikTok / Reels,17,0,0,47,60.0,6.31,21.4,17.4,2,3.4,Moderate Debt,25-34
Female,Healthcare / Shift Worker,Morning Lark,62,Messaging / Chat,58,0,0,82,45.6,7.04,21.7,21.2,3,2.9,Mild Deficit,25-34
Male,Corporate 9-to-5,Intermediate,25,Instagram / Reddit,23,0,0,57,28.2,6.63,20.8,23.4,2,2.7,Moderate Debt,25-34
Female,Freelance / Creative,Intermediate,34,TikTok / Reels,10,0,28,14,27.9,6.81,22.2,18.1,3,2.0,Mild Deficit,25-34
Male,Remote Tech,Night Owl,27,YouTube,64,1,0,35,17.6,5.8,25.1,20.6,2,2.5,Moderate Debt,<25
Male,Corporate 9-to-5,Morning Lark,59,Streaming (Netflix/Hulu),64,0,0,39,41.7,7.22,19.8,21.9,2,2.1,Mild Deficit,<25
Male,Corporate 9-to-5,Night Owl,32,YouTube,23,1,0,39,24.6,6.72,22.5,19.3,1,1.1,Moderate Debt,25-34
Male,Corporate 9-to-5,Night Owl,28,TikTok / Reels,27,1,0,36,23.8,5.86,23.6,18.6,2,2.9,Moderate Debt,45-54
Female,Corporate 9-to-5,Morning Lark,27,Instagram / Reddit,39,0,0,31,19.8,9.0,20.0,21.8,0,1.0,Optimal Recovery,35-44
Male,Corporate 9-to-5,Intermediate,143,Messaging / Chat,94,1,43,22,74.6,4.63,17.8,14.7,4,9.0,Severe Sleep Debt,55+
Male,Corporate 9-to-5,Intermediate,61,TikTok / Reels,61,1,0,50,35.4,5.93,28.0,18.5,3,3.2,Moderate Debt,25-34
Male,Corporate 9-to-5,Intermediate,113,TikTok / Reels,67,1,57,66,72.3,5.18,19.2,17.8,4,6.5,Moderate Debt,25-34
Male,Corporate 9-to-5,Morning Lark,107,TikTok / Reels,80,1,0,22,69.9,5.59,19.5,22.4,5,7.7,Moderate Debt,<25
Male,Freelance / Creative,Morning Lark,110,TikTok / Reels,85,1,68,9,85.8,4.8,14.9,14.9,5,9.5,Severe Sleep Debt,<25
Female,Corporate 9-to-5,Night Owl,97,TikTok / Reels,58,1,0,59,64.5,4.7,21.9,19.5,6,6.4,Moderate Debt,25-34
Male,Corporate 9-to-5,Morning Lark,153,Instagram / Reddit,64,1,22,36,78.9,5.32,17.0,18.1,4,7.2,Moderate Debt,35-44
Female,Student,Morning Lark,60,Streaming (Netflix/Hulu),55,0,0,4,31.9,7.97,20.9,19.2,0,1.2,Optimal Recovery,45-54
Female,Healthcare / Shift Worker,Night Owl,61,Streaming (Netflix/Hulu),16,1,0,22,31.8,4.76,20.0,19.3,3,5.3,Moderate Debt,55+
Male,Remote Tech,Intermediate,62,Instagram / Reddit,61,1,0,70,36.0,6.53,25.7,21.3,2,2.6,Moderate Debt,25-34
Female,Healthcare / Shift Worker,Intermediate,14,YouTube,44,1,175,33,37.2,6.36,18.6,15.1,3,4.8,Moderate Debt,45-54
Female,Corporate 9-to-5,Intermediate,34,Instagram / Reddit,10,1,80,53,23.9,7.5,21.9,19.1,1,1.0,Mild Deficit,25-34
Female,Corporate 9-to-5,Intermediate,99,YouTube,39,1,0,0,43.9,5.57,25.1,22.5,4,3.8,Moderate Debt,<25
Male,Corporate 9-to-5,Intermediate,45,Messaging / Chat,45,0,105,18,41.9,6.74,19.9,14.2,2,2.9,Moderate Debt,45-54
Female,Student,Night Owl,98,Instagram / Reddit,73,0,0,65,64.7,3.8,21.7,22.7,5,8.9,Severe Sleep Debt,35-44
Male,Remote Tech,Morning Lark,48,TikTok / Reels,52,0,0,33,39.9,8.24,21.7,20.1,1,1.0,Optimal Recovery,<25
Female,Student,Morning Lark,130,Streaming (Netflix/Hulu),40,0,44,53,50.5,5.87,21.3,17.7,3,5.3,Moderate Debt,25-34
Female,Corporate 9-to-5,Morning Lark,116,TikTok / Reels,29,0,0,57,82.9,6.48,21.8,23.6,4,5.7,Moderate Debt,25-34
Female,Student,Intermediate,26,News / Reading,50,1,108,34,28.7,7.91,17.6,18.1,2,2.0,Optimal Recovery,35-44
Male,Corporate 9-to-5,Intermediate,15,Streaming (Netflix/Hulu),58,0,0,38,16.7,8.99,25.7,19.6,1,1.0,Optimal Recovery,25-34
Female,Remote Tech,Morning Lark,19,Streaming (Netflix/Hulu),66,0,112,21,26.3,8.22,20.1,17.2,0,1.0,Optimal Recovery,55+
Male,Remote Tech,Intermediate,15,Instagram / Reddit,71,1,55,0,15.8,8.32,18.5,16.1,1,1.0,Optimal Recovery,<25
Male,Student,Morning Lark,69,TikTok / Reels,26,0,0,63,42.0,8.0,21.2,20.4,3,1.3,Optimal Recovery,25-34
Male,Corporate 9-to-5,Intermediate,65,Instagram / Reddit,60,0,0,75,33.8,7.29,22.9,19.5,2,1.8,Mild Deficit,25-34
Male,Healthcare / Shift Worker,Night Owl,66,Streaming (Netflix/Hulu),52,0,60,21,39.2,3.2,22.0,20.6,6,8.5,Moderate Debt,25-34
Female,Student,Intermediate,59,TikTok / Reels,50,1,0,77,36.3,6.45,24.4,22.7,4,3.5,Moderate Debt,25-34
Male,Corporate 9-to-5,Morning Lark,74,Streaming (Netflix/Hulu),59,1,0,54,37.2,8.14,20.4,23.0,2,1.0,Optimal Recovery,35-44
Male,Freelance / Creative,Intermediate,25,Messaging / Chat,89,0,0,0,18.3,7.01,22.3,21.9,2,1.1,Mild Deficit,45-54
Male,Student,Morning Lark,140,YouTube,49,1,68,7,73.7,6.97,22.6,22.6,3,3.1,Mild Deficit,55+
Male,Remote Tech,Night Owl,78,YouTube,57,1,0,0,42.4,5.49,18.3,17.1,4,4.6,Moderate Debt,45-54
Male,Corporate 9-to-5,Intermediate,22,Messaging / Chat,35,1,0,50,37.0,7.03,26.3,19.1,2,1.0,Mild Deficit,45-54
Non-Binary,Remote Tech,Night Owl,31,TikTok / Reels,33,0,0,24,24.9,4.91,20.2,23.9,3,5.2,Moderate Debt,25-34
Female,Corporate 9-to-5,Night Owl,69,YouTube,32,0,42,30,40.7,5.4,25.1,17.9,3,3.8,Moderate Debt,45-54
Male,Remote Tech,Intermediate,122,YouTube,23,0,0,26,46.6,5.69,19.4,25.1,4,5.2,Moderate Debt,25-34
Male,Remote Tech,Night Owl,31,Instagram / Reddit,42,1,25,36,36.6,5.41,23.4,22.0,5,5.7,Moderate Debt,25-34
Male,Student,Night Owl,25,News / Reading,90,0,22,49,43.9,6.06,21.9,20.6,3,3.7,Moderate Debt,25-34
Female,Corporate 9-to-5,Morning Lark,93,YouTube,39,0,49,61,61.0,6.55,20.7,18.6,4,4.3,Moderate Debt,25-34
Male,Healthcare / Shift Worker,Intermediate,97,Messaging / Chat,48,0,0,21,50.2,3.2,22.0,22.9,6,8.8,Severe Sleep Debt,25-34
Male,Corporate 9-to-5,Intermediate,46,YouTube,27,0,0,11,35.1,5.95,23.3,22.1,3,3.6,Moderate Debt,55+
Female,Remote Tech,Intermediate,27,Instagram / Reddit,51,1,0,46,20.3,7.75,23.5,21.3,1,1.0,Optimal Recovery,25-34
Male,Student,Morning Lark,36,TikTok / Reels,33,0,0,30,36.5,7.36,23.2,17.1,1,1.0,Mild Deficit,<25
Female,Student,Morning Lark,154,Instagram / Reddit,48,0,78,39,83.6,5.71,17.8,20.3,4,7.9,Moderate Debt,25-34
Non-Binary,Corporate 9-to-5,Intermediate,171,Streaming (Netflix/Hulu),48,0,42,56,72.0,4.59,25.1,24.8,5,7.1,Moderate Debt,<25
Female,Remote Tech,Morning Lark,92,TikTok / Reels,53,0,0,22,56.9,6.42,19.7,15.2,3,3.1,Moderate Debt,<25
Female,Corporate 9-to-5,Night Owl,76,TikTok / Reels,77,1,66,0,49.2,5.04,21.8,19.3,5,6.5,Moderate Debt,25-34
Female,Remote Tech,Intermediate,46,Instagram / Reddit,91,1,0,28,19.5,8.87,22.9,17.9,1,1.0,Optimal Recovery,25-34
Male,Corporate 9-to-5,Intermediate,103,Instagram / Reddit,90,0,122,97,74.5,5.36,23.1,14.7,4,7.1,Moderate Debt,25-34
Female,Student,Intermediate,30,YouTube,57,1,150,34,36.5,7.66,19.0,18.9,1,1.6,Mild Deficit,45-54
Male,Remote Tech,Intermediate,41,News / Reading,58,1,82,19,38.1,7.82,22.1,19.0,1,1.0,Optimal Recovery,35-44
Male,Corporate 9-to-5,Night Owl,37,Streaming (Netflix/Hulu),57,0,0,31,34.0,5.53,21.1,22.1,3,3.5,Moderate Debt,25-34
Male,Corporate 9-to-5,Intermediate,37,TikTok / Reels,70,0,53,52,32.0,7.35,18.2,17.1,2,1.5,Mild Deficit,25-34
Female,Corporate 9-to-5,Night Owl,18,News / Reading,41,0,55,15,25.7,5.72,22.5,20.2,3,4.0,Moderate Debt,25-34
Non-Binary,Remote Tech,Intermediate,11,TikTok / Reels,35,1,82,97,24.2,7.96,22.0,19.6,2,1.2,Optimal Recovery,35-44
Male,Remote Tech,Night Owl,47,Streaming (Netflix/Hulu),15,1,0,15,25.4,6.34,20.8,20.0,3,2.6,Moderate Debt,<25
Female,Remote Tech,Night Owl,123,TikTok / Reels,73,1,0,18,80.6,4.25,17.8,14.9,5,8.9,Severe Sleep Debt,<25
Female,Student,Night Owl,100,YouTube,59,0,77,77,55.3,3.98,19.1,17.1,5,8.9,Severe Sleep Debt,35-44
Female,Corporate 9-to-5,Morning Lark,66,Instagram / Reddit,39,1,0,48,34.0,6.49,22.1,19.7,2,1.7,Moderate Debt,25-34
Male,Freelance / Creative,Intermediate,51,Instagram / Reddit,87,1,0,79,38.7,6.32,21.7,20.8,3,3.3,Moderate Debt,<25
Female,Corporate 9-to-5,Morning Lark,159,Instagram / Reddit,42,1,0,72,93.2,4.89,23.1,18.9,6,8.5,Moderate Debt,25-34
Female,Corporate 9-to-5,Intermediate,72,TikTok / Reels,85,0,64,53,53.5,6.0,20.9,17.7,1,3.9,Moderate Debt,55+
Male,Student,Intermediate,35,YouTube,38,1,189,0,43.4,6.86,14.4,16.4,2,3.9,Mild Deficit,45-54
Male,Healthcare / Shift Worker,Intermediate,53,Streaming (Netflix/Hulu),59,1,22,24,28.0,6.2,24.1,22.1,2,3.2,Moderate Debt,35-44
Male,Remote Tech,Night Owl,115,Messaging / Chat,64,1,140,12,69.9,3.93,15.5,16.8,4,10.0,Severe Sleep Debt,25-34
Male,Student,Intermediate,11,Streaming (Netflix/Hulu),44,0,55,26,18.9,7.04,16.0,21.3,0,1.0,Mild Deficit,25-34
Female,Healthcare / Shift Worker,Night Owl,106,YouTube,29,1,0,15,45.0,3.53,19.3,20.9,4,6.9,Moderate Debt,55+
Male,Student,Morning Lark,51,Instagram / Reddit,56,0,0,18,45.8,6.16,25.3,19.7,3,4.1,Moderate Debt,55+
Female,Corporate 9-to-5,Intermediate,45,Instagram / Reddit,39,0,0,66,27.9,7.14,24.1,20.0,2,1.1,Mild Deficit,<25
Male,Healthcare / Shift Worker,Intermediate,30,TikTok / Reels,23,0,0,56,26.0,6.49,28.0,19.3,3,1.7,Moderate Debt,45-54
Male,Student,Intermediate,65,YouTube,19,0,65,2,41.8,6.08,19.6,20.9,2,3.9,Moderate Debt,<25
Female,Student,Morning Lark,68,YouTube,59,1,0,45,35.3,6.55,23.3,17.5,3,2.7,Moderate Debt,<25
Non-Binary,Student,Night Owl,54,YouTube,10,0,250,0,51.0,4.99,14.7,14.4,5,7.0,Moderate Debt,35-44
Female,Freelance / Creative,Intermediate,32,Instagram / Reddit,49,0,0,41,24.2,6.18,24.5,16.3,2,1.3,Moderate Debt,25-34
Female,Remote Tech,Night Owl,76,Streaming (Netflix/Hulu),70,0,0,14,38.1,5.05,14.1,18.1,4,6.2,Moderate Debt,55+
Male,Corporate 9-to-5,Night Owl,126,News / Reading,25,1,171,27,63.8,4.11,16.7,17.3,6,10.0,Severe Sleep Debt,<25
Male,Remote Tech,Intermediate,121,Instagram / Reddit,28,1,0,9,61.7,4.26,19.7,20.2,5,6.9,Moderate Debt,25-34
Male,Corporate 9-to-5,Night Owl,35,Instagram / Reddit,61,1,78,51,24.7,4.85,26.3,16.2,5,5.0,Moderate Debt,45-54
Male,Corporate 9-to-5,Night Owl,33,TikTok / Reels,10,0,0,21,37.2,6.34,23.6,20.0,2,1.7,Moderate Debt,45-54
Male,Remote Tech,Night Owl,57,YouTube,54,1,0,30,24.5,5.92,24.2,19.8,3,3.5,Moderate Debt,<25
Female,Corporate 9-to-5,Night Owl,21,TikTok / Reels,45,0,0,14,21.6,4.59,19.1,19.5,3,5.1,Moderate Debt,25-34
Female,Student,Night Owl,71,TikTok / Reels,84,0,0,26,61.1,4.99,19.5,17.7,4,7.0,Moderate Debt,35-44
Female,Healthcare / Shift Worker,Intermediate,34,TikTok / Reels,87,0,0,42,37.0,5.9,24.8,20.1,4,4.0,Moderate Debt,<25
Female,Remote Tech,Morning Lark,31,Streaming (Netflix/Hulu),62,0,120,24,34.4,7.98,20.7,20.8,2,1.1,Optimal Recovery,55+
Male,Freelance / Creative,Night Owl,101,Instagram / Reddit,41,0,108,0,61.9,3.94,18.4,20.2,5,9.8,Severe Sleep Debt,45-54
Female,Corporate 9-to-5,Night Owl,23,Instagram / Reddit,57,1,0,51,35.3,5.08,24.2,19.1,5,5.0,Moderate Debt,<25
Female,Healthcare / Shift Worker,Intermediate,78,YouTube,72,0,0,50,42.9,5.93,19.7,25.0,3,5.0,Moderate Debt,<25
Female,Healthcare / Shift Worker,Intermediate,11,YouTube,69,0,0,25,14.9,6.35,23.2,19.8,1,1.5,Moderate Debt,<25
Male,Corporate 9-to-5,Intermediate,136,TikTok / Reels,10,0,0,53,79.2,3.91,23.5,20.3,7,8.4,Moderate Debt,45-54
Male,Corporate 9-to-5,Intermediate,53,Instagram / Reddit,25,0,110,26,46.5,7.08,19.9,20.1,3,3.9,Mild Deficit,<25
Female,Corporate 9-to-5,Morning Lark,17,TikTok / Reels,70,0,38,10,26.6,8.97,20.3,20.6,0,1.0,Optimal Recovery,25-34
Male,Healthcare / Shift Worker,Morning Lark,52,Instagram / Reddit,29,1,0,45,39.1,6.53,19.5,22.5,3,2.5,Moderate Debt,25-34
Female,Healthcare / Shift Worker,Night Owl,148,YouTube,62,0,0,62,68.9,3.2,20.3,22.8,6,10.0,Severe Sleep Debt,35-44
Male,Corporate 9-to-5,Intermediate,21,Instagram / Reddit,71,1,102,43,29.5,6.51,21.4,17.0,3,4.0,Moderate Debt,<25
Female,Remote Tech,Intermediate,79,Instagram / Reddit,67,1,0,54,50.3,5.65,22.0,19.2,4,4.2,Moderate Debt,25-34
Female,Corporate 9-to-5,Night Owl,62,Streaming (Netflix/Hulu),65,1,20,27,40.9,5.89,19.6,19.9,3,3.9,Moderate Debt,55+
Male,Remote Tech,Night Owl,34,TikTok / Reels,45,0,0,33,26.1,5.8,25.8,19.8,3,2.2,Moderate Debt,45-54
Male,Freelance / Creative,Morning Lark,54,Streaming (Netflix/Hulu),27,0,144,64,39.1,7.96,17.2,12.4,0,1.0,Optimal Recovery,35-44
Female,Corporate 9-to-5,Morning Lark,54,Instagram / Reddit,91,0,0,55,52.6,7.06,24.1,24.3,2,3.0,Mild Deficit,<25
Male,Freelance / Creative,Intermediate,9,TikTok / Reels,16,0,20,56,14.2,8.81,25.5,20.3,0,1.0,Optimal Recovery,25-34
Male,Healthcare / Shift Worker,Night Owl,28,YouTube,57,0,0,25,23.8,4.61,22.5,19.7,4,5.4,Moderate Debt,35-44
Male,Freelance / Creative,Morning Lark,38,TikTok / Reels,44,0,0,32,23.5,7.54,23.3,16.9,2,1.1,Mild Deficit,25-34
Female,Corporate 9-to-5,Intermediate,120,Streaming (Netflix/Hulu),81,0,95,41,59.1,5.37,14.9,17.5,3,7.0,Moderate Debt,45-54
Female,Corporate 9-to-5,Night Owl,177,YouTube,56,1,0,11,75.0,3.2,19.8,18.3,7,10.0,Severe Sleep Debt,35-44
Male,Corporate 9-to-5,Night Owl,17,TikTok / Reels,37,1,0,0,21.0,6.13,22.0,19.2,1,2.4,Moderate Debt,<25
Female,Student,Intermediate,86,TikTok / Reels,45,0,0,54,52.7,6.57,24.1,15.3,3,3.2,Moderate Debt,45-54
Female,Student,Morning Lark,15,Instagram / Reddit,73,1,113,6,27.6,8.68,22.7,22.6,1,1.0,Optimal Recovery,55+
Female,Corporate 9-to-5,Intermediate,155,TikTok / Reels,76,0,64,32,96.1,3.94,16.5,17.5,6,10.0,Severe Sleep Debt,<25
Male,Healthcare / Shift Worker,Morning Lark,67,Messaging / Chat,68,0,0,54,41.8,5.02,23.3,21.3,3,5.1,Moderate Debt,25-34
Female,Corporate 9-to-5,Morning Lark,45,TikTok / Reels,57,1,20,24,33.2,7.64,25.6,16.0,2,1.0,Mild Deficit,25-34
Male,Corporate 9-to-5,Intermediate,38,TikTok / Reels,35,1,129,24,26.9,7.48,18.6,18.3,1,1.0,Mild Deficit,25-34
Female,Remote Tech,Intermediate,51,Instagram / Reddit,40,0,0,56,39.5,6.83,24.7,19.9,2,1.9,Mild Deficit,<25
Female,Corporate 9-to-5,Morning Lark,30,News / Reading,64,0,40,55,28.7,7.95,22.5,18.4,1,1.0,Optimal Recovery,35-44
Female,Corporate 9-to-5,Night Owl,41,Messaging / Chat,75,0,0,70,29.6,5.35,19.8,21.5,3,4.5,Moderate Debt,55+
Female,Remote Tech,Intermediate,21,TikTok / Reels,25,1,0,32,18.6,7.32,21.6,18.6,2,1.0,Mild Deficit,25-34
Male,Healthcare / Shift Worker,Intermediate,73,TikTok / Reels,21,1,0,0,47.7,4.21,22.6,17.5,5,8.2,Moderate Debt,<25
Male,Healthcare / Shift Worker,Night Owl,39,Instagram / Reddit,51,0,176,37,36.2,4.13,19.7,14.9,5,8.0,Moderate Debt,35-44
Female,Remote Tech,Intermediate,56,TikTok / Reels,59,0,65,36,42.1,6.12,19.8,16.6,3,4.7,Moderate Debt,25-34
Female,Student,Night Owl,111,Instagram / Reddit,58,1,0,10,55.9,4.02,18.9,18.7,5,8.6,Severe Sleep Debt,45-54
Male,Remote Tech,Intermediate,79,Instagram / Reddit,66,1,0,43,46.3,6.15,22.4,20.4,1,2.3,Moderate Debt,25-34
Male,Corporate 9-to-5,Morning Lark,27,YouTube,44,0,0,9,18.3,8.02,20.4,15.8,0,1.0,Optimal Recovery,<25
Male,Student,Intermediate,74,Messaging / Chat,80,1,133,74,61.7,6.73,21.8,16.5,4,4.5,Moderate Debt,<25
Male,Student,Intermediate,58,YouTube,85,0,0,23,36.4,6.78,19.2,21.3,3,2.2,Mild Deficit,35-44
Female,Student,Morning Lark,9,Instagram / Reddit,65,1,110,0,17.2,8.93,17.1,14.9,0,1.0,Optimal Recovery,25-34
Male,Student,Intermediate,75,Instagram / Reddit,45,0,126,49,54.0,7.56,23.3,16.8,3,2.3,Mild Deficit,35-44
Female,Student,Morning Lark,53,YouTube,10,1,0,52,33.2,7.22,21.4,23.1,3,1.1,Mild Deficit,<25
Female,Remote Tech,Intermediate,36,Instagram / Reddit,41,0,27,17,36.7,6.64,24.5,16.0,2,2.2,Moderate Debt,25-34
Male,Healthcare / Shift Worker,Intermediate,80,News / Reading,58,0,0,7,47.8,4.96,18.3,19.5,4,6.9,Moderate Debt,25-34
Male,Corporate 9-to-5,Intermediate,30,Messaging / Chat,68,0,0,75,31.3,7.39,22.3,22.5,1,1.0,Mild Deficit,55+
Male,Healthcare / Shift Worker,Intermediate,76,Streaming (Netflix/Hulu),48,1,0,87,38.6,4.08,24.5,23.4,4,6.2,Moderate Debt,55+
Female,Corporate 9-to-5,Night Owl,114,YouTube,53,1,0,55,40.2,4.24,17.9,21.7,5,7.9,Moderate Debt,<25
Female,Corporate 9-to-5,Intermediate,23,YouTube,89,0,69,30,40.2,7.54,18.4,17.9,3,2.1,Mild Deficit,25-34
Female,Student,Night Owl,73,Instagram / Reddit,33,0,0,24,37.0,5.17,20.3,20.0,3,5.0,Moderate Debt,<25
Male,Remote Tech,Morning Lark,4,YouTube,21,1,0,43,18.0,8.89,23.4,19.0,1,1.0,Optimal Recovery,25-34
Female,Healthcare / Shift Worker,Intermediate,47,Streaming (Netflix/Hulu),10,1,0,48,19.4,5.05,22.4,21.2,3,4.5,Moderate Debt,25-34
Male,Remote Tech,Intermediate,60,Instagram / Reddit,74,0,20,30,49.7,6.01,23.5,21.9,3,3.8,Moderate Debt,45-54
Female,Student,Night Owl,35,Streaming (Netflix/Hulu),28,0,0,25,20.4,5.1,28.0,22.0,3,4.1,Moderate Debt,55+
Male,Corporate 9-to-5,Night Owl,50,TikTok / Reels,48,1,0,24,27.8,5.29,23.2,18.6,2,3.4,Moderate Debt,25-34
Male,Corporate 9-to-5,Night Owl,36,Streaming (Netflix/Hulu),71,0,0,8,26.3,7.29,20.2,22.7,2,1.0,Mild Deficit,25-34
Female,Remote Tech,Morning Lark,24,Streaming (Netflix/Hulu),86,0,0,36,18.5,8.61,19.1,20.1,0,1.0,Optimal Recovery,45-54
Female,Student,Night Owl,88,YouTube,56,1,0,42,49.0,6.0,26.2,22.5,4,3.6,Moderate Debt,45-54
Male,Student,Morning Lark,16,YouTube,35,1,51,45,24.6,9.05,23.1,18.8,0,1.0,Optimal Recovery,<25
Male,Remote Tech,Morning Lark,67,Instagram / Reddit,62,0,47,24,49.2,7.44,23.2,15.3,1,1.8,Mild Deficit,25-34
Male,Freelance / Creative,Morning Lark,39,News / Reading,34,0,111,58,39.3,6.67,16.3,19.9,2,3.8,Moderate Debt,25-34
Male,Student,Intermediate,50,TikTok / Reels,53,1,44,41,35.1,6.79,21.1,18.2,2,2.7,Mild Deficit,25-34
Female,Freelance / Creative,Night Owl,65,TikTok / Reels,27,0,0,57,45.6,5.9,25.1,22.8,4,4.1,Moderate Debt,<25
Male,Corporate 9-to-5,Morning Lark,103,TikTok / Reels,38,0,34,34,62.9,6.77,22.7,21.9,3,2.5,Mild Deficit,<25
Female,Corporate 9-to-5,Morning Lark,35,News / Reading,100,0,93,35,32.2,7.3,17.7,21.1,2,1.7,Mild Deficit,35-44
Male,Corporate 9-to-5,Intermediate,21,Instagram / Reddit,76,1,188,53,38.2,6.95,18.4,14.0,2,3.4,Mild Deficit,25-34
Female,Corporate 9-to-5,Night Owl,52,Instagram / Reddit,41,0,110,27,43.5,4.86,17.6,17.6,5,6.8,Moderate Debt,<25
Male,Remote Tech,Intermediate,52,TikTok / Reels,46,1,0,32,43.5,7.18,20.0,15.2,3,1.7,Mild Deficit,25-34
Female,Remote Tech,Intermediate,131,Instagram / Reddit,69,1,0,32,88.5,3.46,21.0,19.7,7,9.6,Severe Sleep Debt,45-54
Female,Remote Tech,Intermediate,22,Streaming (Netflix/Hulu),47,0,65,31,38.8,6.66,16.6,16.0,2,3.1,Moderate Debt,45-54
Female,Student,Night Owl,78,Messaging / Chat,79,1,0,30,47.9,5.97,18.0,22.8,3,4.5,Moderate Debt,25-34
Male,Freelance / Creative,Night Owl,61,YouTube,23,1,0,24,32.6,5.47,24.4,21.2,4,4.7,Moderate Debt,25-34
Male,Healthcare / Shift Worker,Intermediate,98,News / Reading,54,0,0,84,38.4,4.5,28.0,22.0,4,6.8,Moderate Debt,55+
Male,Corporate 9-to-5,Intermediate,21,TikTok / Reels,39,1,0,66,28.1,7.89,23.4,21.8,1,1.0,Optimal Recovery,<25
Female,Corporate 9-to-5,Night Owl,49,YouTube,60,1,0,25,35.7,4.69,27.8,20.9,4,5.8,Moderate Debt,<25
Male,Corporate 9-to-5,Night Owl,109,Streaming (Netflix/Hulu),57,0,0,30,48.3,4.03,16.6,20.8,6,7.6,Moderate Debt,25-34
Male,Corporate 9-to-5,Morning Lark,8,Instagram / Reddit,55,0,69,71,34.7,9.54,26.6,15.4,0,1.0,Optimal Recovery,<25
Female,Remote Tech,Intermediate,18,Streaming (Netflix/Hulu),63,0,0,60,17.9,8.09,23.7,22.7,0,1.0,Optimal Recovery,25-34
Female,Remote Tech,Night Owl,75,News / Reading,60,1,0,45,23.7,5.47,27.8,21.8,3,2.6,Moderate Debt,45-54
Female,Corporate 9-to-5,Intermediate,16,Instagram / Reddit,32,0,56,39,26.1,7.7,18.9,20.4,1,1.0,Mild Deficit,35-44
Female,Student,Intermediate,51,TikTok / Reels,53,1,0,31,31.4,6.61,22.8,17.3,2,1.5,Moderate Debt,25-34
Female,Student,Intermediate,26,Streaming (Netflix/Hulu),53,1,0,36,23.0,7.04,20.7,18.8,2,1.0,Mild Deficit,55+
Male,Corporate 9-to-5,Intermediate,60,YouTube,54,0,20,32,38.7,4.44,18.7,21.2,5,7.5,Moderate Debt,<25
Female,Remote Tech,Intermediate,148,Instagram / Reddit,99,1,0,23,77.2,4.1,16.7,21.4,7,10.0,Severe Sleep Debt,<25
Male,Healthcare / Shift Worker,Night Owl,31,Instagram / Reddit,56,0,0,74,37.7,3.46,24.3,23.0,5,6.6,Moderate Debt,35-44
Male,Remote Tech,Intermediate,28,Messaging / Chat,88,0,0,51,31.3,7.1,25.2,18.4,1,1.2,Mild Deficit,35-44
Male,Corporate 9-to-5,Night Owl,104,Messaging / Chat,16,0,21,50,40.8,4.74,24.2,21.1,5,6.5,Moderate Debt,<25
Male,Corporate 9-to-5,Night Owl,22,Instagram / Reddit,43,0,0,5,23.2,5.69,22.8,20.3,3,3.7,Moderate Debt,25-34
Female,Corporate 9-to-5,Intermediate,17,Streaming (Netflix/Hulu),50,1,59,54,27.4,6.93,25.1,17.5,3,1.4,Mild Deficit,35-44
Male,Corporate 9-to-5,Night Owl,25,Streaming (Netflix/Hulu),86,0,0,0,23.3,5.83,23.7,18.8,1,1.3,Moderate Debt,35-44
Female,Healthcare / Shift Worker,Intermediate,70,Instagram / Reddit,11,1,103,9,37.4,4.97,18.9,18.7,4,5.8,Moderate Debt,35-44
Male,Corporate 9-to-5,Intermediate,27,News / Reading,74,0,0,53,30.6,7.15,18.2,23.0,3,1.5,Mild Deficit,25-34
Non-Binary,Corporate 9-to-5,Intermediate,62,Instagram / Reddit,66,1,0,52,32.6,6.02,26.5,18.7,3,3.6,Moderate Debt,<25
Male,Corporate 9-to-5,Intermediate,76,Messaging / Chat,66,1,0,0,34.7,6.94,22.5,19.1,3,2.6,Mild Deficit,25-34
Male,Healthcare / Shift Worker,Morning Lark,40,YouTube,51,1,58,53,27.0,6.71,22.8,15.9,2,2.1,Moderate Debt,<25
Female,Corporate 9-to-5,Intermediate,39,Instagram / Reddit,58,1,0,66,36.0,6.49,21.5,26.2,1,2.9,Moderate Debt,55+
Female,Corporate 9-to-5,Intermediate,49,Streaming (Netflix/Hulu),54,0,0,15,29.4,6.37,21.7,19.3,3,3.0,Moderate Debt,25-34
Male,Remote Tech,Intermediate,152,Instagram / Reddit,41,0,0,52,79.9,4.8,18.7,17.4,5,9.2,Severe Sleep Debt,25-34
Female,Remote Tech,Night Owl,35,Instagram / Reddit,73,1,0,37,33.9,6.35,20.1,21.2,2,3.6,Moderate Debt,35-44
Male,Corporate 9-to-5,Night Owl,51,YouTube,57,0,0,41,26.9,5.92,23.3,19.6,3,3.5,Moderate Debt,25-34
Female,Corporate 9-to-5,Morning Lark,130,TikTok / Reels,39,1,0,41,73.8,5.71,20.5,18.4,4,6.2,Moderate Debt,25-34
Male,Healthcare / Shift Worker,Intermediate,136,Instagram / Reddit,63,0,85,30,82.3,3.2,17.5,16.1,5,10.0,Severe Sleep Debt,45-54
Female,Freelance / Creative,Morning Lark,33,YouTube,51,1,93,76,20.9,9.8,23.5,19.3,0,1.0,Optimal Recovery,45-54
Male,Corporate 9-to-5,Intermediate,22,Instagram / Reddit,46,1,0,63,29.7,6.92,25.9,17.4,2,1.0,Mild Deficit,35-44
Male,Corporate 9-to-5,Night Owl,89,Streaming (Netflix/Hulu),21,0,0,73,35.0,3.91,25.0,18.0,4,6.5,Moderate Debt,<25
Female,Corporate 9-to-5,Night Owl,48,News / Reading,45,1,0,37,28.5,5.42,25.0,20.6,1,3.8,Moderate Debt,35-44
Female,Student,Morning Lark,127,Instagram / Reddit,44,1,0,32,53.9,5.63,21.6,18.8,4,5.2,Moderate Debt,35-44
Female,Remote Tech,Intermediate,14,TikTok / Reels,61,1,120,44,29.0,7.22,23.2,17.9,1,1.6,Mild Deficit,<25
Female,Healthcare / Shift Worker,Morning Lark,22,YouTube,47,0,149,59,32.0,7.81,21.4,14.1,1,1.8,Optimal Recovery,25-34
Female,Student,Intermediate,51,Streaming (Netflix/Hulu),100,0,20,41,39.0,6.08,23.0,22.2,2,3.4,Moderate Debt,45-54
Female,Freelance / Creative,Night Owl,55,TikTok / Reels,24,0,36,37,42.3,5.49,20.9,20.1,4,4.6,Moderate Debt,<25
Male,Healthcare / Shift Worker,Intermediate,29,YouTube,30,1,0,37,24.3,6.18,24.7,22.4,2,2.2,Moderate Debt,35-44
Female,Healthcare / Shift Worker,Night Owl,58,YouTube,44,0,20,51,28.3,4.01,23.9,17.1,3,6.1,Moderate Debt,25-34
Non-Binary,Remote Tech,Intermediate,93,Instagram / Reddit,62,0,0,37,51.3,6.56,23.8,17.4,1,4.1,Moderate Debt,25-34
Female,Corporate 9-to-5,Intermediate,53,TikTok / Reels,48,0,113,25,37.1,5.67,20.3,17.8,2,4.5,Moderate Debt,<25
Female,Remote Tech,Morning Lark,92,YouTube,43,0,59,24,48.3,8.41,19.8,23.9,2,1.0,Optimal Recovery,45-54
Female,Remote Tech,Morning Lark,40,Streaming (Netflix/Hulu),31,1,0,25,40.1,8.45,24.8,20.6,2,1.0,Optimal Recovery,25-34
Male,Student,Night Owl,100,Streaming (Netflix/Hulu),64,1,0,5,50.4,4.39,18.8,21.5,4,7.2,Moderate Debt,25-34
Female,Corporate 9-to-5,Night Owl,68,TikTok / Reels,100,0,0,16,49.3,4.65,18.8,16.5,4,7.3,Moderate Debt,35-44
Male,Student,Night Owl,25,YouTube,34,0,129,75,39.4,5.39,24.9,17.9,4,7.0,Moderate Debt,35-44
Male,Remote Tech,Morning Lark,68,Instagram / Reddit,66,1,0,47,39.5,9.0,22.9,19.3,1,1.0,Optimal Recovery,55+
Female,Student,Night Owl,51,TikTok / Reels,86,0,0,48,35.4,4.56,21.4,20.1,3,5.7,Moderate Debt,25-34
Male,Corporate 9-to-5,Morning Lark,57,Instagram / Reddit,58,1,0,27,39.9,9.25,25.4,21.4,1,1.0,Optimal Recovery,25-34
Female,Remote Tech,Morning Lark,51,YouTube,62,0,148,0,52.8,7.73,13.5,18.0,3,3.4,Mild Deficit,55+
Female,Corporate 9-to-5,Intermediate,33,YouTube,53,0,0,48,26.5,6.79,23.6,18.9,3,3.0,Mild Deficit,35-44
Male,Healthcare / Shift Worker,Intermediate,151,TikTok / Reels,91,0,0,44,103.6,3.2,20.7,16.6,7,10.0,Severe Sleep Debt,25-34
Male,Remote Tech,Night Owl,62,TikTok / Reels,71,1,0,47,51.9,4.13,26.0,21.0,4,4.9,Moderate Debt,<25
Male,Corporate 9-to-5,Intermediate,53,Messaging / Chat,78,0,29,40,37.9,6.82,20.3,20.8,2,1.7,Mild Deficit,45-54
Male,Corporate 9-to-5,Morning Lark,20,Instagram / Reddit,52,1,0,5,21.2,9.41,23.1,22.1,0,1.0,Optimal Recovery,25-34
Male,Student,Morning Lark,73,News / Reading,69,1,0,73,27.6,7.73,26.1,20.7,1,1.0,Mild Deficit,35-44
Male,Corporate 9-to-5,Intermediate,11,Streaming (Netflix/Hulu),54,1,55,66,28.8,8.21,22.7,16.2,0,1.0,Optimal Recovery,25-34
Female,Freelance / Creative,Morning Lark,79,YouTube,70,0,250,69,64.4,7.22,19.3,9.7,3,4.2,Mild Deficit,<25
Male,Remote Tech,Intermediate,22,YouTube,47,1,0,0,17.0,7.53,23.7,16.6,1,1.0,Mild Deficit,35-44
Male,Corporate 9-to-5,Night Owl,23,Instagram / Reddit,78,1,0,46,29.1,4.72,24.3,17.7,5,5.7,Moderate Debt,<25
Female,Student,Morning Lark,17,News / Reading,66,1,0,59,15.6,8.73,23.0,20.9,0,1.0,Optimal Recovery,25-34
Female,Corporate 9-to-5,Night Owl,177,TikTok / Reels,46,0,0,48,100.4,3.2,16.3,17.9,7,10.0,Severe Sleep Debt,25-34
Female,Healthcare / Shift Worker,Intermediate,113,Instagram / Reddit,73,1,0,35,72.4,3.22,20.8,20.1,5,8.0,Moderate Debt,25-34
Male,Corporate 9-to-5,Intermediate,34,TikTok / Reels,49,0,0,48,27.3,7.53,21.8,15.4,1,1.0,Mild Deficit,35-44
Male,Freelance / Creative,Intermediate,56,Messaging / Chat,30,1,0,52,43.2,6.65,26.9,22.2,3,3.3,Moderate Debt,45-54
Male,Student,Night Owl,71,Streaming (Netflix/Hulu),49,1,138,49,43.0,5.25,19.7,21.0,4,6.6,Moderate Debt,35-44
Female,Healthcare / Shift Worker,Intermediate,24,Streaming (Netflix/Hulu),50,0,198,12,38.4,6.02,17.8,16.9,4,5.5,Moderate Debt,<25
Male,Corporate 9-to-5,Morning Lark,4,TikTok / Reels,32,1,0,68,12.4,8.95,24.6,17.8,0,1.0,Optimal Recovery,<25
Female,Corporate 9-to-5,Night Owl,34,News / Reading,65,1,0,67,34.3,4.66,26.9,21.1,5,5.3,Moderate Debt,25-34
Male,Student,Morning Lark,19,TikTok / Reels,63,0,67,49,20.3,9.15,18.7,20.7,0,1.0,Optimal Recovery,55+
Male,Student,Night Owl,33,YouTube,55,1,42,51,29.8,5.74,22.8,21.3,4,3.5,Moderate Debt,45-54
Male,Corporate 9-to-5,Morning Lark,56,TikTok / Reels,71,0,0,8,37.1,8.9,18.7,20.6,2,1.0,Optimal Recovery,45-54
Male,Remote Tech,Night Owl,11,TikTok / Reels,48,1,0,32,18.4,6.71,22.0,18.2,2,1.4,Moderate Debt,25-34
Male,Corporate 9-to-5,Intermediate,44,TikTok / Reels,25,0,0,6,30.4,7.09,23.3,18.5,0,1.0,Mild Deficit,25-34
Female,Student,Intermediate,46,Instagram / Reddit,42,0,0,96,32.7,6.21,21.9,17.6,3,4.1,Moderate Debt,25-34
Female,Corporate 9-to-5,Morning Lark,66,Instagram / Reddit,38,0,178,44,45.4,7.91,23.6,13.5,2,1.0,Optimal Recovery,<25
Male,Corporate 9-to-5,Morning Lark,54,Streaming (Netflix/Hulu),48,0,0,53,40.3,8.34,17.8,20.8,2,2.3,Optimal Recovery,<25
Female,Corporate 9-to-5,Night Owl,59,Instagram / Reddit,57,0,0,33,39.2,4.98,20.3,17.6,4,6.1,Moderate Debt,55+
Female,Remote Tech,Night Owl,49,TikTok / Reels,95,1,0,0,39.4,5.07,18.9,15.0,3,4.3,Moderate Debt,25-34
Male,Corporate 9-to-5,Intermediate,72,TikTok / Reels,24,1,0,14,42.1,5.98,21.2,20.3,2,2.8,Moderate Debt,25-34
Female,Freelance / Creative,Intermediate,65,YouTube,73,0,105,8,49.7,6.77,16.9,16.8,2,4.6,Mild Deficit,<25
Female,Corporate 9-to-5,Morning Lark,17,Streaming (Netflix/Hulu),35,1,0,40,22.6,8.24,20.9,21.5,0,1.0,Optimal Recovery,55+
Male,Freelance / Creative,Intermediate,90,Streaming (Netflix/Hulu),64,0,0,23,56.2,5.41,23.2,20.7,4,5.7,Moderate Debt,35-44
Female,Remote Tech,Intermediate,43,Streaming (Netflix/Hulu),42,1,0,62,24.8,7.23,25.6,17.4,1,1.0,Mild Deficit,35-44
Female,Remote Tech,Morning Lark,95,TikTok / Reels,60,0,0,21,67.1,6.25,20.9,16.6,3,4.9,Moderate Debt,45-54
Female,Corporate 9-to-5,Intermediate,57,YouTube,88,0,63,40,58.5,6.67,17.2,19.4,3,4.3,Moderate Debt,25-34
Male,Student,Intermediate,96,Instagram / Reddit,25,1,0,19,44.3,5.51,23.9,14.6,6,5.2,Moderate Debt,35-44
Male,Student,Morning Lark,84,YouTube,61,0,198,61,65.1,6.44,14.8,14.6,2,5.1,Moderate Debt,<25
Male,Remote Tech,Morning Lark,26,TikTok / Reels,62,1,0,50,26.0,9.8,22.7,17.4,0,1.0,Optimal Recovery,<25
Female,Corporate 9-to-5,Intermediate,29,YouTube,75,0,0,15,34.2,7.13,19.3,21.5,2,2.4,Mild Deficit,45-54
Male,Freelance / Creative,Morning Lark,106,News / Reading,56,0,0,34,44.2,7.18,19.4,21.1,2,2.4,Mild Deficit,35-44
Male,Freelance / Creative,Night Owl,76,YouTube,100,0,46,19,52.6,4.63,18.4,24.8,5,8.7,Severe Sleep Debt,25-34
Male,Remote Tech,Intermediate,109,Instagram / Reddit,79,1,0,66,63.0,5.73,18.2,20.7,4,5.4,Moderate Debt,25-34
Male,Student,Morning Lark,23,YouTube,68,1,105,20,29.9,8.69,19.0,16.9,1,1.0,Optimal Recovery,25-34
Female,Remote Tech,Night Owl,36,YouTube,62,0,0,53,32.0,4.91,21.5,19.7,3,4.5,Moderate Debt,<25
Female,Corporate 9-to-5,Intermediate,43,TikTok / Reels,67,1,0,41,27.8,7.64,22.3,14.4,2,1.0,Mild Deficit,25-34
Female,Corporate 9-to-5,Intermediate,67,TikTok / Reels,58,0,0,22,48.0,5.76,19.1,18.2,2,4.3,Moderate Debt,<25
Female,Remote Tech,Intermediate,31,YouTube,58,1,55,70,32.1,6.92,24.8,16.5,3,2.6,Mild Deficit,25-34
Male,Healthcare / Shift Worker,Morning Lark,89,Instagram / Reddit,25,0,149,30,60.6,6.44,18.0,14.7,2,4.2,Moderate Debt,45-54
Male,Corporate 9-to-5,Intermediate,60,TikTok / Reels,67,0,23,6,41.9,4.6,16.3,17.3,5,6.8,Moderate Debt,25-34
Male,Remote Tech,Intermediate,60,TikTok / Reels,66,0,0,36,41.8,4.87,22.4,22.2,3,6.1,Moderate Debt,<25
Female,Healthcare / Shift Worker,Night Owl,61,Streaming (Netflix/Hulu),62,0,0,21,29.7,3.83,24.6,23.1,4,7.2,Moderate Debt,25-34
Female,Corporate 9-to-5,Intermediate,43,YouTube,63,0,0,77,32.0,7.38,21.8,18.3,1,1.2,Mild Deficit,45-54
Female,Corporate 9-to-5,Intermediate,63,TikTok / Reels,70,1,142,53,52.6,5.82,24.3,11.5,2,5.0,Moderate Debt,25-34
Female,Student,Night Owl,74,Instagram / Reddit,64,1,127,62,64.5,4.35,24.1,16.2,6,9.3,Severe Sleep Debt,<25
Female,Corporate 9-to-5,Intermediate,38,Instagram / Reddit,57,0,102,4,40.5,5.77,16.7,14.2,2,4.2,Moderate Debt,25-34
Male,Corporate 9-to-5,Intermediate,31,Messaging / Chat,62,1,0,71,19.9,7.61,28.0,19.1,2,1.0,Mild Deficit,35-44
Female,Remote Tech,Intermediate,47,Instagram / Reddit,80,0,0,30,30.9,6.09,18.3,18.2,3,3.6,Moderate Debt,25-34
Non-Binary,Remote Tech,Morning Lark,47,YouTube,84,0,22,16,44.4,6.98,21.2,21.6,2,3.2,Mild Deficit,45-54
Female,Healthcare / Shift Worker,Night Owl,82,Messaging / Chat,35,1,71,49,37.0,3.98,22.2,20.5,2,7.0,Moderate Debt,55+
Male,Student,Night Owl,39,YouTube,47,0,0,27,48.4,4.16,18.3,19.4,5,7.5,Moderate Debt,35-44
Male,Remote Tech,Morning Lark,87,Streaming (Netflix/Hulu),74,0,0,24,64.9,7.08,20.4,20.8,3,3.9,Mild Deficit,35-44
Female,Remote Tech,Night Owl,98,YouTube,66,0,0,62,57.5,5.37,23.5,20.7,4,6.1,Moderate Debt,25-34
Male,Freelance / Creative,Intermediate,49,Instagram / Reddit,42,1,0,2,43.7,7.45,17.6,17.6,2,1.9,Mild Deficit,<25
Male,Corporate 9-to-5,Intermediate,59,Messaging / Chat,56,1,105,22,55.3,8.48,21.3,12.9,2,1.1,Optimal Recovery,55+
Male,Corporate 9-to-5,Morning Lark,86,YouTube,71,0,0,44,61.1,6.9,20.6,22.1,3,3.9,Mild Deficit,25-34
Male,Freelance / Creative,Intermediate,108,YouTube,93,1,108,47,64.1,5.56,18.0,19.4,4,8.4,Moderate Debt,<25
Female,Freelance / Creative,Intermediate,55,News / Reading,100,0,0,2,30.0,6.46,19.1,21.9,2,3.5,Moderate Debt,35-44
Male,Corporate 9-to-5,Morning Lark,32,TikTok / Reels,19,1,72,50,40.2,8.15,25.5,19.0,0,1.0,Optimal Recovery,25-34
Male,Corporate 9-to-5,Intermediate,85,YouTube,72,0,72,47,58.6,6.44,18.0,16.8,3,4.8,Moderate Debt,35-44
Female,Remote Tech,Night Owl,50,News / Reading,42,1,0,13,26.6,5.19,25.2,19.8,3,3.0,Moderate Debt,35-44
Female,Corporate 9-to-5,Night Owl,29,Streaming (Netflix/Hulu),78,0,243,0,39.1,5.19,17.0,12.9,5,6.2,Moderate Debt,25-34
Male,Student,Intermediate,108,Instagram / Reddit,28,0,0,9,45.8,5.09,23.6,20.5,4,6.0,Moderate Debt,45-54
Female,Corporate 9-to-5,Intermediate,61,Instagram / Reddit,41,0,62,56,43.5,6.69,26.0,18.7,3,3.4,Moderate Debt,25-34
Male,Corporate 9-to-5,Morning Lark,115,YouTube,52,0,54,33,58.6,7.81,21.3,18.8,1,2.1,Optimal Recovery,25-34
Male,Remote Tech,Night Owl,81,TikTok / Reels,68,0,0,17,48.2,3.76,16.6,18.8,6,9.2,Severe Sleep Debt,25-34
Male,Freelance / Creative,Night Owl,51,YouTube,48,0,46,55,42.6,4.25,22.3,16.4,4,6.2,Moderate Debt,35-44
Female,Remote Tech,Intermediate,92,YouTube,40,1,136,23,57.5,5.36,16.2,15.5,3,6.9,Moderate Debt,35-44
Female,Remote Tech,Morning Lark,85,YouTube,21,1,43,57,39.5,6.13,23.5,17.1,3,3.5,Moderate Debt,25-34
Female,Freelance / Creative,Morning Lark,26,YouTube,42,1,0,36,21.5,8.14,18.6,22.0,0,1.0,Optimal Recovery,35-44
Male,Remote Tech,Morning Lark,80,YouTube,69,0,0,0,50.6,7.11,15.2,17.2,1,3.9,Mild Deficit,<25
Male,Remote Tech,Intermediate,143,YouTube,85,1,0,51,75.5,4.62,23.7,20.0,6,8.5,Moderate Debt,55+
Male,Remote Tech,Morning Lark,51,TikTok / Reels,34,1,81,39,45.9,8.08,20.5,19.1,2,1.0,Optimal Recovery,25-34
Male,Corporate 9-to-5,Intermediate,85,YouTube,36,0,0,46,53.8,6.35,20.9,19.1,4,4.0,Moderate Debt,35-44
Female,Remote Tech,Intermediate,162,YouTube,40,0,184,27,85.0,4.42,17.2,18.8,5,10.0,Severe Sleep Debt,<25
Female,Remote Tech,Morning Lark,44,TikTok / Reels,53,1,0,16,28.2,8.54,19.7,17.7,1,1.0,Optimal Recovery,<25
Male,Corporate 9-to-5,Night Owl,64,Instagram / Reddit,59,0,79,57,44.4,4.87,18.3,20.9,3,7.2,Moderate Debt,25-34
Female,Corporate 9-to-5,Morning Lark,62,YouTube,49,0,0,45,40.1,7.79,23.2,20.4,2,2.1,Optimal Recovery,45-54
Female,Corporate 9-to-5,Night Owl,57,TikTok / Reels,23,0,0,30,38.2,4.5,28.0,19.5,4,4.9,Moderate Debt,25-34
Female,Remote Tech,Intermediate,161,Messaging / Chat,14,1,77,39,72.5,4.71,20.1,17.6,4,7.6,Moderate Debt,55+
Female,Corporate 9-to-5,Intermediate,18,YouTube,45,1,55,20,24.1,7.78,19.6,17.9,1,1.0,Optimal Recovery,25-34
Female,Corporate 9-to-5,Morning Lark,52,News / Reading,66,1,0,42,31.2,8.07,21.6,20.5,1,1.0,Optimal Recovery,25-34
Male,Freelance / Creative,Night Owl,49,News / Reading,55,1,0,57,26.9,4.89,22.9,22.0,3,4.9,Moderate Debt,<25
Male,Remote Tech,Intermediate,49,Streaming (Netflix/Hulu),89,1,0,94,24.0,8.0,27.5,19.4,0,1.0,Optimal Recovery,45-54
Male,Corporate 9-to-5,Intermediate,27,YouTube,25,1,0,37,23.2,8.45,18.4,19.2,1,1.0,Optimal Recovery,25-34
Male,Student,Morning Lark,101,Messaging / Chat,57,0,52,56,45.4,7.23,18.5,16.4,3,3.3,Mild Deficit,45-54
Male,Corporate 9-to-5,Intermediate,80,Messaging / Chat,83,0,0,50,48.5,6.24,18.4,20.5,2,4.4,Moderate Debt,45-54
Male,Student,Intermediate,34,Streaming (Netflix/Hulu),49,0,0,44,24.0,7.04,21.6,20.6,3,1.6,Mild Deficit,55+
Female,Student,Night Owl,39,TikTok / Reels,29,1,50,27,32.7,5.29,25.3,20.7,3,4.2,Moderate Debt,25-34
Male,Student,Night Owl,24,TikTok / Reels,10,1,0,18,10.4,7.1,24.8,21.6,0,1.0,Mild Deficit,35-44
Female,Student,Night Owl,42,YouTube,49,1,125,25,33.4,6.19,20.8,19.1,3,3.6,Moderate Debt,35-44
Female,Corporate 9-to-5,Night Owl,64,TikTok / Reels,45,1,0,33,49.2,4.93,19.4,16.0,4,5.7,Moderate Debt,<25
Female,Student,Morning Lark,20,YouTube,42,0,59,26,25.4,9.18,23.1,17.6,0,1.0,Optimal Recovery,35-44
Male,Corporate 9-to-5,Intermediate,45,YouTube,61,0,0,8,30.9,6.93,25.1,19.0,1,1.0,Mild Deficit,<25
Female,Corporate 9-to-5,Intermediate,151,Instagram / Reddit,91,0,0,49,84.1,5.17,17.9,21.8,5,8.1,Moderate Debt,25-34
Female,Freelance / Creative,Morning Lark,15,Instagram / Reddit,28,0,0,14,18.0,8.04,24.1,22.1,1,1.0,Optimal Recovery,<25
Female,Remote Tech,Night Owl,36,TikTok / Reels,36,0,25,56,31.9,6.07,25.7,18.6,4,3.0,Moderate Debt,<25
Male,Freelance / Creative,Morning Lark,66,TikTok / Reels,52,0,0,26,42.7,6.07,23.4,15.5,5,5.2,Moderate Debt,25-34
Male,Corporate 9-to-5,Night Owl,44,Streaming (Netflix/Hulu),69,0,0,8,27.6,5.2,16.1,23.2,3,4.6,Moderate Debt,25-34
Male,Remote Tech,Night Owl,19,Instagram / Reddit,47,0,0,11,14.3,5.28,23.1,16.3,2,3.0,Moderate Debt,35-44
Female,Corporate 9-to-5,Intermediate,64,Instagram / Reddit,67,1,104,37,47.6,6.41,19.4,16.5,4,3.5,Moderate Debt,<25
Female,Student,Morning Lark,49,YouTube,26,1,38,35,32.7,7.71,20.2,21.0,1,1.4,Mild Deficit,25-34
Male,Corporate 9-to-5,Morning Lark,36,Instagram / Reddit,56,0,35,10,31.0,8.82,21.3,21.4,0,1.0,Optimal Recovery,<25
Female,Corporate 9-to-5,Morning Lark,43,Streaming (Netflix/Hulu),55,1,0,23,22.6,7.5,24.6,20.8,1,1.0,Mild Deficit,35-44
Male,Corporate 9-to-5,Intermediate,43,Streaming (Netflix/Hulu),86,1,0,49,20.2,7.8,28.0,19.8,0,1.0,Optimal Recovery,35-44
Male,Student,Intermediate,29,TikTok / Reels,78,1,35,42,33.2,7.86,23.8,15.8,0,1.0,Optimal Recovery,25-34
Male,Corporate 9-to-5,Intermediate,104,Messaging / Chat,57,0,0,26,52.2,5.47,19.2,18.7,4,4.8,Moderate Debt,35-44
Male,Healthcare / Shift Worker,Night Owl,112,TikTok / Reels,36,0,152,65,79.7,3.2,12.5,14.4,5,10.0,Severe Sleep Debt,25-34
Female,Corporate 9-to-5,Intermediate,7,TikTok / Reels,10,0,30,0,21.8,8.18,20.8,15.6,2,1.0,Optimal Recovery,35-44
Female,Corporate 9-to-5,Morning Lark,52,Streaming (Netflix/Hulu),37,1,0,12,31.2,6.85,20.5,20.8,3,2.3,Mild Deficit,25-34
Male,Remote Tech,Night Owl,124,Instagram / Reddit,99,0,0,15,82.2,3.2,14.4,17.2,6,10.0,Severe Sleep Debt,25-34
Female,Freelance / Creative,Intermediate,40,TikTok / Reels,19,0,0,61,37.7,6.19,28.0,16.7,3,2.2,Moderate Debt,35-44
Female,Corporate 9-to-5,Intermediate,93,Instagram / Reddit,37,1,0,51,45.7,5.5,23.4,16.0,4,4.3,Moderate Debt,<25
Female,Corporate 9-to-5,Night Owl,82,Instagram / Reddit,58,0,0,89,50.1,4.75,20.2,21.0,5,6.3,Moderate Debt,35-44
Female,Student,Night Owl,29,Streaming (Netflix/Hulu),80,0,54,47,28.3,6.37,21.4,19.0,2,2.7,Moderate Debt,35-44
Female,Corporate 9-to-5,Night Owl,50,Instagram / Reddit,29,1,0,34,28.0,5.39,20.6,19.8,2,2.7,Moderate Debt,25-34
Female,Student,Morning Lark,54,TikTok / Reels,64,1,0,83,32.0,7.72,21.9,19.1,2,1.0,Mild Deficit,<25
Male,Corporate 9-to-5,Intermediate,37,Instagram / Reddit,39,1,114,14,37.4,7.34,20.7,15.8,2,2.8,Mild Deficit,<25
Male,Remote Tech,Morning Lark,72,YouTube,31,0,0,18,40.3,7.52,21.0,17.7,2,1.0,Mild Deficit,55+
Male,Corporate 9-to-5,Night Owl,83,Instagram / Reddit,43,0,20,5,54.9,3.92,22.3,23.0,5,8.0,Moderate Debt,35-44
Male,Remote Tech,Morning Lark,58,TikTok / Reels,54,1,20,51,37.9,8.05,21.5,17.5,1,1.2,Optimal Recovery,<25
Female,Student,Morning Lark,88,YouTube,30,1,0,38,47.8,7.15,24.8,18.6,4,3.2,Mild Deficit,25-34
Female,Student,Night Owl,59,Streaming (Netflix/Hulu),77,1,40,32,40.1,5.99,22.9,26.1,3,4.4,Moderate Debt,35-44
Female,Remote Tech,Night Owl,53,News / Reading,84,1,82,37,23.5,5.47,23.0,18.2,3,4.2,Moderate Debt,45-54
Male,Freelance / Creative,Intermediate,13,TikTok / Reels,41,0,56,36,35.9,7.32,20.1,17.2,2,1.6,Mild Deficit,<25
Male,Corporate 9-to-5,Morning Lark,21,TikTok / Reels,71,0,0,0,18.5,7.79,21.1,16.9,1,1.0,Optimal Recovery,25-34
Female,Corporate 9-to-5,Intermediate,137,YouTube,24,0,85,67,65.9,4.7,19.6,20.8,6,7.6,Moderate Debt,45-54
Female,Student,Night Owl,76,TikTok / Reels,51,0,70,21,50.7,5.15,16.9,16.1,5,6.7,Moderate Debt,<25
Male,Student,Intermediate,122,YouTube,72,1,0,45,52.4,5.0,28.0,20.9,4,5.1,Moderate Debt,<25
Male,Corporate 9-to-5,Morning Lark,48,News / Reading,69,1,0,20,37.6,7.63,24.7,23.2,2,1.0,Mild Deficit,55+
Male,Student,Morning Lark,180,YouTube,58,1,49,25,81.0,5.04,20.5,20.1,6,8.4,Moderate Debt,35-44
Female,Remote Tech,Night Owl,51,YouTube,79,0,37,28,34.4,5.57,21.1,16.9,4,5.0,Moderate Debt,25-34
Female,Student,Intermediate,48,YouTube,40,0,0,37,42.1,7.09,23.6,22.0,3,2.6,Mild Deficit,<25
Male,Healthcare / Shift Worker,Night Owl,14,TikTok / Reels,57,0,0,56,24.7,4.85,26.1,19.6,2,4.2,Moderate Debt,<25
Male,Remote Tech,Intermediate,89,TikTok / Reels,56,1,0,24,61.3,5.79,18.8,18.8,4,5.8,Moderate Debt,25-34
Male,Corporate 9-to-5,Intermediate,121,News / Reading,63,1,57,26,43.5,5.36,20.9,20.5,4,5.8,Moderate Debt,45-54
Male,Student,Night Owl,157,YouTube,67,0,0,25,77.4,3.2,19.8,16.7,7,10.0,Severe Sleep Debt,25-34
Male,Student,Intermediate,55,Streaming (Netflix/Hulu),29,0,0,19,44.0,6.84,18.0,24.8,2,1.7,Mild Deficit,35-44
Male,Corporate 9-to-5,Intermediate,33,TikTok / Reels,69,0,125,43,30.5,7.57,18.1,19.4,0,1.2,Mild Deficit,45-54
Female,Remote Tech,Morning Lark,50,Instagram / Reddit,31,1,0,64,35.6,8.35,25.7,22.2,0,1.0,Optimal Recovery,25-34
Female,Freelance / Creative,Morning Lark,75,TikTok / Reels,73,0,0,45,56.4,6.67,17.6,18.3,3,5.2,Moderate Debt,<25
Male,Corporate 9-to-5,Night Owl,44,YouTube,90,1,0,31,29.0,5.83,26.6,20.0,1,2.4,Moderate Debt,25-34
Female,Corporate 9-to-5,Night Owl,49,TikTok / Reels,45,1,42,74,36.0,4.87,24.8,20.1,4,4.9,Moderate Debt,45-54
Male,Corporate 9-to-5,Intermediate,54,TikTok / Reels,36,1,123,20,45.9,6.21,15.0,16.9,4,4.5,Moderate Debt,45-54
Male,Remote Tech,Morning Lark,56,Messaging / Chat,88,1,0,38,28.8,7.26,22.5,17.9,2,1.3,Mild Deficit,<25
Non-Binary,Freelance / Creative,Morning Lark,22,Instagram / Reddit,54,0,48,69,20.6,8.34,27.2,15.9,0,1.0,Optimal Recovery,35-44
Female,Student,Night Owl,64,Streaming (Netflix/Hulu),28,1,0,7,31.7,5.52,20.1,17.5,2,3.3,Moderate Debt,35-44
Female,Corporate 9-to-5,Intermediate,31,News / Reading,37,0,0,31,40.2,7.91,21.6,19.2,2,1.0,Optimal Recovery,45-54
Male,Student,Night Owl,59,TikTok / Reels,38,1,76,44,41.6,4.94,21.6,15.6,2,5.9,Moderate Debt,<25
Male,Student,Intermediate,16,Messaging / Chat,79,1,20,42,17.9,7.52,25.2,19.7,0,1.0,Mild Deficit,25-34
Male,Remote Tech,Night Owl,107,Streaming (Netflix/Hulu),35,0,0,26,50.6,4.42,21.6,23.4,5,5.9,Moderate Debt,45-54
Female,Corporate 9-to-5,Night Owl,54,YouTube,10,0,20,72,35.7,5.95,20.4,18.3,2,3.7,Moderate Debt,25-34
Female,Student,Morning Lark,47,Messaging / Chat,54,1,0,25,35.6,7.15,20.6,21.7,3,1.3,Mild Deficit,25-34
Male,Remote Tech,Night Owl,100,TikTok / Reels,61,1,0,19,60.6,3.79,18.7,18.6,6,8.0,Moderate Debt,<25
Male,Corporate 9-to-5,Morning Lark,75,TikTok / Reels,66,0,0,32,68.9,6.99,23.0,17.8,3,3.3,Mild Deficit,25-34
Male,Remote Tech,Morning Lark,44,TikTok / Reels,10,0,0,11,38.2,7.96,24.0,19.7,2,1.0,Optimal Recovery,25-34
Female,Freelance / Creative,Intermediate,115,Messaging / Chat,51,0,120,0,62.5,5.55,15.6,17.2,5,7.8,Moderate Debt,55+
Female,Corporate 9-to-5,Intermediate,54,TikTok / Reels,46,0,127,52,51.8,6.43,20.3,16.6,2,3.6,Moderate Debt,25-34
Female,Freelance / Creative,Intermediate,52,News / Reading,63,0,0,36,33.9,6.56,26.0,16.4,2,1.0,Moderate Debt,25-34
Non-Binary,Corporate 9-to-5,Intermediate,60,TikTok / Reels,15,0,0,25,38.9,5.91,20.2,17.9,3,4.2,Moderate Debt,35-44
Male,Student,Morning Lark,164,Instagram / Reddit,58,1,129,58,93.0,5.83,19.9,18.0,5,7.7,Moderate Debt,<25
Female,Corporate 9-to-5,Morning Lark,15,Streaming (Netflix/Hulu),59,0,0,39,17.0,6.78,24.5,22.6,2,1.0,Mild Deficit,25-34
Female,Corporate 9-to-5,Intermediate,172,News / Reading,78,0,0,29,75.5,4.92,16.8,23.9,5,8.8,Severe Sleep Debt,35-44
Male,Remote Tech,Intermediate,98,YouTube,62,1,0,17,55.6,6.26,17.8,23.2,2,3.6,Moderate Debt,45-54
Female,Remote Tech,Intermediate,45,YouTube,69,1,0,28,31.6,6.12,25.4,21.2,3,3.0,Moderate Debt,35-44
Male,Student,Intermediate,40,Messaging / Chat,30,1,34,30,31.7,7.88,19.9,20.8,2,1.0,Optimal Recovery,35-44
Male,Student,Night Owl,65,News / Reading,53,1,0,56,35.6,4.58,25.4,20.1,4,5.0,Moderate Debt,<25
Female,Remote Tech,Intermediate,74,TikTok / Reels,81,0,68,21,50.7,6.12,14.2,18.2,1,4.9,Moderate Debt,55+
Female,Freelance / Creative,Morning Lark,110,Instagram / Reddit,45,1,64,40,60.7,5.6,20.1,20.8,3,5.9,Moderate Debt,<25
Male,Remote Tech,Intermediate,52,YouTube,70,0,32,32,27.0,6.03,18.0,23.5,2,2.9,Moderate Debt,35-44
Female,Corporate 9-to-5,Intermediate,52,Instagram / Reddit,36,0,20,22,33.1,6.79,20.4,17.1,3,2.5,Mild Deficit,25-34
Female,Corporate 9-to-5,Intermediate,9,Streaming (Netflix/Hulu),50,1,0,41,13.0,8.86,26.6,19.8,0,1.0,Optimal Recovery,55+
Male,Remote Tech,Intermediate,38,Streaming (Netflix/Hulu),23,1,0,43,20.6,7.1,22.6,21.3,2,1.5,Mild Deficit,35-44
Male,Student,Intermediate,138,Instagram / Reddit,53,0,0,22,75.7,4.99,16.9,19.6,6,9.1,Severe Sleep Debt,35-44
Male,Corporate 9-to-5,Morning Lark,77,TikTok / Reels,38,0,34,24,51.8,7.95,18.9,14.8,3,1.0,Optimal Recovery,25-34
Female,Corporate 9-to-5,Intermediate,76,Streaming (Netflix/Hulu),78,0,163,17,52.2,5.78,19.0,19.0,3,5.4,Moderate Debt,25-34
Female,Corporate 9-to-5,Morning Lark,41,Messaging / Chat,96,0,25,58,28.9,7.58,25.4,18.1,1,1.0,Mild Deficit,35-44
Female,Remote Tech,Intermediate,38,News / Reading,20,1,63,66,32.8,6.27,24.8,19.0,2,3.5,Moderate Debt,35-44
Female,Corporate 9-to-5,Intermediate,77,YouTube,30,1,101,28,51.1,5.86,21.4,14.6,2,4.9,Moderate Debt,<25
Male,Corporate 9-to-5,Intermediate,67,YouTube,73,0,20,51,42.9,5.97,20.8,15.7,3,4.6,Moderate Debt,55+
Female,Remote Tech,Intermediate,78,TikTok / Reels,40,1,160,18,58.1,7.01,22.7,16.8,4,3.6,Mild Deficit,45-54
Male,Student,Morning Lark,59,Instagram / Reddit,53,0,0,29,30.2,7.15,20.4,16.6,1,1.1,Mild Deficit,25-34
Female,Corporate 9-to-5,Night Owl,67,Instagram / Reddit,85,1,35,52,57.1,4.45,26.0,18.4,6,8.5,Moderate Debt,45-54
Female,Remote Tech,Night Owl,21,Streaming (Netflix/Hulu),86,1,144,24,40.0,5.61,20.3,18.9,3,4.8,Moderate Debt,25-34
Non-Binary,Corporate 9-to-5,Intermediate,150,TikTok / Reels,29,1,50,27,87.2,4.51,16.6,19.1,6,8.7,Severe Sleep Debt,25-34
Female,Freelance / Creative,Morning Lark,42,TikTok / Reels,94,0,196,14,55.2,8.1,14.4,11.2,2,3.5,Optimal Recovery,25-34
Female,Corporate 9-to-5,Morning Lark,61,News / Reading,68,0,125,25,39.0,7.09,16.2,20.2,1,2.6,Mild Deficit,35-44
Female,Freelance / Creative,Intermediate,10,Messaging / Chat,75,0,0,47,20.6,8.27,25.2,18.1,0,1.0,Optimal Recovery,35-44
Female,Freelance / Creative,Intermediate,37,YouTube,42,1,78,47,37.8,6.49,22.0,20.9,2,3.1,Moderate Debt,25-34
Female,Student,Morning Lark,58,Instagram / Reddit,39,1,123,22,42.1,6.9,20.8,19.2,4,3.3,Mild Deficit,35-44
Female,Corporate 9-to-5,Intermediate,75,News / Reading,20,0,49,11,25.9,6.99,19.1,19.6,1,2.1,Mild Deficit,35-44
Male,Remote Tech,Intermediate,12,YouTube,30,1,0,49,14.3,8.39,21.2,20.6,0,1.0,Optimal Recovery,35-44
Male,Corporate 9-to-5,Intermediate,58,Streaming (Netflix/Hulu),69,1,59,0,43.1,7.29,18.2,17.7,3,3.5,Mild Deficit,<25
Male,Healthcare / Shift Worker,Intermediate,110,TikTok / Reels,64,0,0,54,79.9,3.2,21.3,19.9,6,10.0,Severe Sleep Debt,45-54
Female,Healthcare / Shift Worker,Night Owl,70,Messaging / Chat,71,0,28,69,39.2,3.2,21.3,20.5,5,7.6,Moderate Debt,25-34
Male,Freelance / Creative,Morning Lark,117,YouTube,60,1,0,59,64.3,4.89,22.9,19.5,6,8.0,Moderate Debt,25-34
Female,Student,Intermediate,75,YouTube,54,0,0,46,52.3,6.24,21.7,23.9,3,4.7,Moderate Debt,25-34
Male,Remote Tech,Morning Lark,40,Streaming (Netflix/Hulu),41,1,0,41,30.6,7.85,27.0,16.6,1,1.0,Optimal Recovery,25-34
Male,Remote Tech,Intermediate,50,TikTok / Reels,49,0,93,28,44.5,6.51,19.1,16.1,2,3.2,Moderate Debt,45-54
Female,Remote Tech,Intermediate,62,TikTok / Reels,73,0,0,23,40.9,6.08,27.2,17.3,4,3.7,Moderate Debt,25-34
Male,Remote Tech,Morning Lark,80,Instagram / Reddit,71,0,0,30,63.2,7.29,16.0,17.7,4,4.0,Mild Deficit,35-44
Male,Student,Intermediate,83,Instagram / Reddit,60,1,0,8,50.4,6.57,21.3,18.7,2,2.8,Moderate Debt,<25
Male,Freelance / Creative,Night Owl,44,TikTok / Reels,36,0,0,0,27.6,6.61,20.6,14.7,2,2.5,Moderate Debt,25-34
Female,Remote Tech,Morning Lark,43,YouTube,45,0,189,18,45.3,7.75,10.8,12.6,1,2.0,Optimal Recovery,55+
Male,Healthcare / Shift Worker,Intermediate,39,YouTube,28,0,0,31,32.7,5.85,23.8,19.7,4,3.2,Moderate Debt,35-44
Male,Healthcare / Shift Worker,Night Owl,18,Instagram / Reddit,48,0,114,17,20.4,5.03,24.1,16.9,4,4.8,Moderate Debt,<25
Female,Remote Tech,Intermediate,95,News / Reading,22,1,59,31,48.2,6.12,22.3,19.8,3,4.9,Moderate Debt,25-34
Male,Corporate 9-to-5,Night Owl,44,TikTok / Reels,48,0,0,39,44.5,4.68,23.7,14.3,4,4.6,Moderate Debt,25-34
Female,Student,Night Owl,26,TikTok / Reels,42,0,38,69,23.1,5.79,24.7,16.0,3,2.4,Moderate Debt,25-34
Female,Remote Tech,Morning Lark,74,Streaming (Netflix/Hulu),55,1,0,31,40.3,7.08,20.5,20.3,1,2.6,Mild Deficit,35-44
Male,Corporate 9-to-5,Morning Lark,79,Instagram / Reddit,39,0,20,33,45.2,7.26,22.4,14.7,3,2.8,Mild Deficit,35-44
Male,Remote Tech,Night Owl,22,Instagram / Reddit,70,0,0,13,26.4,6.06,23.6,17.5,2,2.6,Moderate Debt,25-34
Male,Freelance / Creative,Night Owl,109,YouTube,22,0,0,35,51.0,4.2,24.8,20.9,7,7.8,Moderate Debt,45-54
Male,Corporate 9-to-5,Morning Lark,100,Instagram / Reddit,23,0,0,48,45.8,6.89,23.7,19.6,1,1.0,Mild Deficit,35-44
Female,Student,Intermediate,60,YouTube,50,1,0,51,36.2,6.02,25.3,21.3,3,3.3,Moderate Debt,25-34
Female,Healthcare / Shift Worker,Intermediate,59,YouTube,60,0,75,32,45.7,4.41,20.5,19.0,4,6.3,Moderate Debt,25-34
Male,Student,Night Owl,94,Streaming (Netflix/Hulu),47,1,0,29,44.1,4.88,20.2,18.1,4,6.7,Moderate Debt,35-44
Female,Remote Tech,Intermediate,42,Messaging / Chat,48,1,0,20,25.9,7.52,23.8,19.7,1,1.0,Mild Deficit,25-34
Male,Student,Night Owl,109,YouTube,57,0,0,37,47.9,4.73,24.2,20.6,5,7.4,Moderate Debt,25-34
Male,Remote Tech,Night Owl,13,Streaming (Netflix/Hulu),65,1,116,57,27.2,6.65,24.0,13.9,4,2.9,Moderate Debt,25-34
Female,Corporate 9-to-5,Night Owl,64,TikTok / Reels,46,0,0,55,55.9,4.26,22.8,19.4,4,5.8,Moderate Debt,<25
Female,Freelance / Creative,Intermediate,53,Messaging / Chat,59,1,0,45,28.4,6.97,24.0,20.5,2,3.1,Mild Deficit,45-54
Male,Remote Tech,Intermediate,21,YouTube,75,0,169,42,33.3,7.99,21.6,20.0,1,1.0,Optimal Recovery,25-34
Male,Student,Morning Lark,96,TikTok / Reels,28,1,83,38,60.8,5.32,22.2,12.2,4,6.8,Moderate Debt,<25
Male,Remote Tech,Intermediate,38,News / Reading,80,1,0,11,31.6,7.0,22.5,23.1,2,1.7,Mild Deficit,35-44
Male,Corporate 9-to-5,Intermediate,88,Instagram / Reddit,79,0,0,60,64.8,4.81,21.7,21.0,4,5.9,Moderate Debt,55+
Female,Freelance / Creative,Intermediate,77,Streaming (Netflix/Hulu),38,0,88,51,44.8,7.67,20.5,12.9,1,1.0,Mild Deficit,55+
Female,Healthcare / Shift Worker,Intermediate,31,Streaming (Netflix/Hulu),65,0,0,5,32.7,5.6,21.1,18.7,3,3.0,Moderate Debt,25-34
Female,Corporate 9-to-5,Intermediate,13,Instagram / Reddit,24,0,87,30,26.8,8.5,21.7,20.2,1,1.0,Optimal Recovery,<25
Female,Freelance / Creative,Night Owl,70,Instagram / Reddit,61,1,51,17,38.3,3.99,24.8,18.0,7,8.6,Severe Sleep Debt,25-34
Female,Student,Intermediate,79,TikTok / Reels,82,0,0,79,63.3,6.88,23.7,19.2,2,4.4,Mild Deficit,<25
Female,Remote Tech,Morning Lark,65,News / Reading,34,0,48,7,33.7,5.85,20.6,18.1,2,3.0,Moderate Debt,55+
Female,Student,Intermediate,31,TikTok / Reels,40,1,91,38,29.5,7.51,19.6,19.1,2,2.0,Mild Deficit,<25
Female,Corporate 9-to-5,Night Owl,163,Streaming (Netflix/Hulu),62,1,20,49,64.5,3.2,19.4,20.7,7,9.3,Severe Sleep Debt,25-34
Female,Remote Tech,Night Owl,53,Instagram / Reddit,48,1,78,8,41.4,5.59,24.0,16.1,3,4.5,Moderate Debt,25-34
Male,Corporate 9-to-5,Morning Lark,15,YouTube,59,0,104,59,34.5,8.04,18.0,19.6,2,1.0,Optimal Recovery,25-34
Male,Remote Tech,Intermediate,97,YouTube,100,0,250,16,84.9,5.54,15.3,17.7,6,9.8,Moderate Debt,35-44
Female,Remote Tech,Night Owl,34,TikTok / Reels,47,1,45,15,36.6,5.22,24.0,18.4,3,4.2,Moderate Debt,25-34
Male,Healthcare / Shift Worker,Morning Lark,81,YouTube,24,1,92,50,42.9,5.08,22.9,22.4,3,5.8,Moderate Debt,<25
Female,Student,Intermediate,30,Instagram / Reddit,42,0,61,32,32.8,7.78,24.8,17.0,1,1.0,Optimal Recovery,25-34
Male,Corporate 9-to-5,Intermediate,55,Streaming (Netflix/Hulu),59,1,0,11,28.5,6.55,23.2,22.4,2,1.5,Moderate Debt,25-34
Female,Healthcare / Shift Worker,Intermediate,24,Instagram / Reddit,29,1,0,13,27.4,6.3,23.9,19.6,3,2.6,Moderate Debt,<25
Male,Remote Tech,Intermediate,52,News / Reading,41,0,0,10,21.8,6.87,18.3,17.8,4,3.4,Mild Deficit,35-44
Female,Student,Morning Lark,32,News / Reading,79,1,65,19,26.4,7.76,22.4,20.2,0,1.0,Optimal Recovery,35-44
Male,Corporate 9-to-5,Intermediate,46,Instagram / Reddit,88,0,0,21,32.5,6.43,24.1,20.3,2,1.3,Moderate Debt,35-44
Female,Healthcare / Shift Worker,Morning Lark,38,YouTube,47,0,0,69,26.3,5.28,24.7,19.2,3,3.3,Moderate Debt,55+
Male,Freelance / Creative,Intermediate,99,Instagram / Reddit,48,1,20,75,49.6,5.75,25.2,16.6,3,4.5,Moderate Debt,45-54
Female,Student,Intermediate,121,Messaging / Chat,30,0,0,29,46.4,5.75,18.9,18.7,3,4.3,Moderate Debt,55+
Female,Freelance / Creative,Intermediate,37,YouTube,60,0,29,11,32.9,7.52,21.0,20.7,3,2.1,Mild Deficit,25-34
Male,Corporate 9-to-5,Morning Lark,105,TikTok / Reels,100,1,0,73,68.4,6.57,23.8,17.7,3,4.9,Moderate Debt,<25
Female,Healthcare / Shift Worker,Intermediate,158,Instagram / Reddit,48,0,0,50,93.8,3.2,18.3,17.9,7,10.0,Severe Sleep Debt,25-34
Male,Remote Tech,Intermediate,22,Streaming (Netflix/Hulu),48,1,0,46,7.3,9.58,23.3,20.2,0,1.0,Optimal Recovery,45-54
Female,Corporate 9-to-5,Intermediate,49,News / Reading,65,1,67,20,20.5,6.93,22.5,16.6,1,1.0,Mild Deficit,55+
Female,Student,Intermediate,41,Instagram / Reddit,46,1,0,33,36.4,6.64,25.0,19.4,1,1.6,Moderate Debt,45-54
Male,Student,Intermediate,154,Messaging / Chat,46,1,85,17,80.9,4.5,16.0,17.7,6,10.0,Severe Sleep Debt,<25
Female,Corporate 9-to-5,Morning Lark,63,YouTube,83,0,0,26,40.2,8.18,21.1,19.9,1,1.0,Optimal Recovery,55+
Female,Corporate 9-to-5,Morning Lark,158,Messaging / Chat,29,1,0,76,65.7,5.47,23.2,16.3,4,7.0,Moderate Debt,25-34
Male,Corporate 9-to-5,Morning Lark,86,TikTok / Reels,33,0,0,63,52.8,7.36,22.8,17.8,1,1.6,Mild Deficit,<25
Male,Remote Tech,Intermediate,93,Messaging / Chat,68,1,53,3,46.6,6.03,18.7,19.3,2,4.6,Moderate Debt,25-34
Male,Corporate 9-to-5,Intermediate,54,Messaging / Chat,52,1,0,43,39.7,6.06,25.1,20.5,1,2.0,Moderate Debt,<25
Female,Corporate 9-to-5,Night Owl,75,Streaming (Netflix/Hulu),33,1,0,17,36.8,3.76,25.0,20.6,5,7.4,Moderate Debt,25-34
Female,Remote Tech,Night Owl,71,Instagram / Reddit,61,1,20,11,43.4,5.36,20.1,18.1,4,5.7,Moderate Debt,25-34
Female,Freelance / Creative,Night Owl,76,News / Reading,48,0,83,30,38.0,4.43,15.7,18.8,5,7.9,Moderate Debt,25-34
Female,Student,Intermediate,12,YouTube,58,0,107,9,31.6,7.32,19.3,21.0,0,2.3,Mild Deficit,35-44
Male,Corporate 9-to-5,Intermediate,137,Instagram / Reddit,49,0,0,55,68.5,4.64,18.9,20.4,5,7.8,Moderate Debt,45-54
Female,Freelance / Creative,Night Owl,78,Messaging / Chat,25,0,120,49,56.1,5.01,25.2,15.0,4,6.0,Moderate Debt,35-44
Female,Student,Morning Lark,49,Streaming (Netflix/Hulu),76,1,0,19,31.7,7.38,22.6,20.6,2,1.0,Mild Deficit,25-34
Female,Remote Tech,Intermediate,95,Messaging / Chat,89,0,238,83,74.7,5.07,18.8,18.9,5,8.5,Moderate Debt,45-54
Male,Remote Tech,Morning Lark,51,Streaming (Netflix/Hulu),37,1,141,61,34.9,7.74,19.5,20.0,2,1.2,Mild Deficit,45-54
Male,Remote Tech,Night Owl,106,Instagram / Reddit,87,1,0,21,60.7,3.2,17.1,18.8,7,10.0,Severe Sleep Debt,<25
Male,Corporate 9-to-5,Intermediate,37,TikTok / Reels,53,1,0,93,35.5,6.37,28.0,16.8,2,1.1,Moderate Debt,25-34
Female,Remote Tech,Morning Lark,140,TikTok / Reels,10,1,205,29,93.8,5.38,19.8,13.1,6,9.5,Severe Sleep Debt,25-34
Male,Remote Tech,Intermediate,63,Instagram / Reddit,64,0,119,7,56.6,5.71,17.6,16.8,3,5.7,Moderate Debt,<25
Male,Remote Tech,Morning Lark,139,Instagram / Reddit,11,1,29,13,69.2,5.1,25.3,18.9,5,5.6,Moderate Debt,35-44
Female,Student,Night Owl,172,YouTube,45,0,65,37,85.9,3.2,17.2,19.5,7,10.0,Severe Sleep Debt,45-54
Female,Remote Tech,Intermediate,41,Messaging / Chat,69,1,33,40,34.5,6.66,27.1,17.1,1,2.2,Moderate Debt,<25
Female,Student,Intermediate,5,Instagram / Reddit,65,1,0,33,21.0,7.27,23.5,21.6,1,1.0,Mild Deficit,45-54
Female,Remote Tech,Intermediate,4,YouTube,41,0,140,21,28.6,7.83,19.4,16.0,1,1.0,Optimal Recovery,45-54
Male,Freelance / Creative,Night Owl,23,Instagram / Reddit,68,0,78,74,32.6,4.91,23.2,18.5,4,6.1,Moderate Debt,45-54
Female,Remote Tech,Night Owl,20,YouTube,73,0,0,27,20.2,5.11,20.5,22.1,3,4.3,Moderate Debt,25-34
Female,Freelance / Creative,Night Owl,41,News / Reading,43,1,32,27,25.4,5.9,24.6,19.9,2,2.3,Moderate Debt,45-54
Male,Healthcare / Shift Worker,Night Owl,105,Instagram / Reddit,48,1,209,0,68.8,3.2,17.3,16.7,6,10.0,Severe Sleep Debt,25-34
Male,Student,Morning Lark,46,Instagram / Reddit,59,0,0,7,44.7,8.95,23.2,18.3,2,1.0,Optimal Recovery,25-34
Male,Student,Night Owl,71,YouTube,32,0,0,67,39.8,4.57,21.5,19.6,5,5.7,Moderate Debt,<25
Female,Corporate 9-to-5,Intermediate,89,Messaging / Chat,39,0,25,20,62.6,5.75,21.6,22.0,4,5.3,Moderate Debt,<25
Female,Freelance / Creative,Night Owl,83,Streaming (Netflix/Hulu),75,1,0,61,43.6,5.67,21.4,19.5,3,4.7,Moderate Debt,35-44
Female,Corporate 9-to-5,Intermediate,22,YouTube,100,1,0,20,21.4,8.01,22.2,21.8,0,1.0,Optimal Recovery,25-34
Female,Remote Tech,Morning Lark,27,YouTube,67,0,0,18,24.9,7.57,18.8,18.1,2,1.0,Mild Deficit,25-34
Female,Corporate 9-to-5,Intermediate,31,TikTok / Reels,60,0,0,40,29.6,6.03,21.0,16.6,3,1.6,Moderate Debt,<25
Male,Remote Tech,Morning Lark,29,News / Reading,92,0,0,43,17.5,8.8,25.5,22.0,0,1.0,Optimal Recovery,35-44
Female,Student,Intermediate,60,Instagram / Reddit,36,0,0,7,35.9,6.79,22.7,16.9,3,2.2,Mild Deficit,<25
Female,Freelance / Creative,Intermediate,31,YouTube,57,0,0,24,24.9,8.27,20.7,19.8,0,1.0,Optimal Recovery,45-54
Female,Remote Tech,Morning Lark,46,TikTok / Reels,72,0,0,33,39.7,7.77,20.3,17.3,1,1.0,Optimal Recovery,<25
Male,Freelance / Creative,Night Owl,65,TikTok / Reels,38,0,0,38,52.2,4.13,19.8,17.0,6,7.2,Moderate Debt,<25
Male,Remote Tech,Night Owl,7,YouTube,22,1,0,44,19.4,7.07,22.5,21.1,1,1.0,Mild Deficit,25-34
Male,Corporate 9-to-5,Night Owl,35,Instagram / Reddit,71,0,0,35,23.3,6.29,20.2,20.7,4,3.1,Moderate Debt,25-34
Female,Corporate 9-to-5,Night Owl,30,YouTube,74,1,0,58,18.4,6.1,27.6,19.1,3,2.3,Moderate Debt,25-34
Female,Student,Intermediate,54,Streaming (Netflix/Hulu),72,0,0,86,28.2,6.98,24.1,21.7,1,1.9,Mild Deficit,25-34
Female,Corporate 9-to-5,Intermediate,61,News / Reading,72,1,0,12,23.3,6.66,19.7,23.6,3,1.9,Moderate Debt,55+
Female,Remote Tech,Morning Lark,109,YouTube,57,1,120,30,68.1,7.12,20.3,20.1,3,4.4,Mild Deficit,35-44
Male,Corporate 9-to-5,Night Owl,97,TikTok / Reels,58,1,0,17,58.5,4.24,20.9,17.1,5,8.3,Moderate Debt,<25
Non-Binary,Remote Tech,Night Owl,37,Streaming (Netflix/Hulu),60,1,0,15,18.8,6.84,22.1,16.8,1,1.0,Mild Deficit,25-34
Male,Student,Night Owl,43,Instagram / Reddit,77,1,61,28,36.8,6.04,21.6,19.6,3,3.6,Moderate Debt,45-54
Male,Remote Tech,Night Owl,46,TikTok / Reels,61,1,199,13,43.1,5.36,16.1,14.2,4,7.0,Moderate Debt,25-34
Male,Corporate 9-to-5,Intermediate,87,TikTok / Reels,57,1,113,50,65.9,6.29,22.5,16.5,3,4.7,Moderate Debt,<25
Female,Corporate 9-to-5,Intermediate,117,YouTube,62,0,0,83,78.6,5.64,22.6,20.2,6,8.2,Moderate Debt,35-44
Non-Binary,Remote Tech,Night Owl,75,TikTok / Reels,64,0,0,34,60.6,4.29,19.8,17.7,5,8.3,Moderate Debt,35-44
Female,Corporate 9-to-5,Intermediate,62,News / Reading,34,1,0,23,28.4,6.86,24.2,25.4,2,1.0,Mild Deficit,35-44
Male,Remote Tech,Intermediate,17,YouTube,83,1,0,0,31.4,7.33,22.5,20.6,1,1.2,Mild Deficit,<25
Female,Student,Intermediate,51,TikTok / Reels,42,1,0,23,31.1,7.68,22.7,19.5,1,1.0,Mild Deficit,<25
Female,Corporate 9-to-5,Intermediate,94,TikTok / Reels,56,0,0,46,58.0,6.01,17.2,18.8,3,5.2,Moderate Debt,35-44
Male,Remote Tech,Night Owl,52,TikTok / Reels,36,1,0,39,36.1,5.27,25.0,20.7,3,4.9,Moderate Debt,<25
Female,Remote Tech,Intermediate,51,Instagram / Reddit,51,1,0,15,27.6,6.71,20.2,17.3,1,1.0,Moderate Debt,25-34
Female,Corporate 9-to-5,Intermediate,17,Streaming (Netflix/Hulu),66,0,0,47,22.8,8.15,24.0,19.1,0,1.0,Optimal Recovery,25-34
Female,Remote Tech,Intermediate,121,TikTok / Reels,61,1,0,14,85.6,4.67,20.6,18.8,6,9.0,Severe Sleep Debt,25-34
Female,Corporate 9-to-5,Intermediate,19,News / Reading,44,0,31,44,15.4,7.81,22.9,23.0,2,1.0,Optimal Recovery,55+
Male,Remote Tech,Night Owl,124,Streaming (Netflix/Hulu),41,1,74,47,62.6,4.23,20.4,19.2,4,7.5,Moderate Debt,45-54
Male,Healthcare / Shift Worker,Morning Lark,61,Messaging / Chat,60,0,0,36,40.7,6.97,23.0,18.3,4,2.7,Mild Deficit,35-44
Female,Corporate 9-to-5,Morning Lark,145,TikTok / Reels,77,0,0,66,104.4,5.08,19.2,21.8,6,10.0,Severe Sleep Debt,<25
Female,Student,Morning Lark,88,YouTube,84,1,126,15,65.9,6.64,16.3,15.8,4,5.3,Moderate Debt,<25
Male,Remote Tech,Night Owl,95,Instagram / Reddit,95,1,87,85,71.6,4.62,23.0,18.0,5,8.3,Moderate Debt,25-34
Female,Corporate 9-to-5,Intermediate,48,YouTube,41,1,0,3,48.2,6.23,22.2,19.4,3,3.2,Moderate Debt,<25
Female,Student,Night Owl,53,YouTube,40,0,0,6,36.3,5.12,21.0,20.0,5,4.6,Moderate Debt,55+
Female,Remote Tech,Intermediate,48,News / Reading,53,0,0,0,24.4,7.65,16.0,18.9,1,1.4,Mild Deficit,<25
Male,Remote Tech,Intermediate,30,Messaging / Chat,52,1,0,25,18.4,7.3,21.5,21.1,2,1.0,Mild Deficit,25-34
Female,Student,Night Owl,62,TikTok / Reels,26,1,20,0,53.9,3.48,19.7,19.6,7,9.0,Severe Sleep Debt,25-34
Female,Healthcare / Shift Worker,Morning Lark,26,Messaging / Chat,72,0,0,37,28.5,8.43,22.4,21.3,1,1.0,Optimal Recovery,35-44
Female,Freelance / Creative,Intermediate,36,YouTube,39,0,0,37,21.1,6.78,19.5,19.5,3,2.0,Mild Deficit,<25
Female,Student,Intermediate,35,TikTok / Reels,42,1,0,18,36.6,8.4,21.2,21.6,0,1.0,Optimal Recovery,25-34
Male,Healthcare / Shift Worker,Intermediate,38,TikTok / Reels,64,0,0,28,35.1,4.93,21.7,19.1,3,4.8,Moderate Debt,25-34
Female,Corporate 9-to-5,Intermediate,32,TikTok / Reels,31,0,169,32,41.8,7.09,20.2,17.7,2,2.6,Mild Deficit,45-54
Female,Remote Tech,Morning Lark,15,TikTok / Reels,50,0,0,35,20.9,7.89,21.4,19.2,1,1.0,Optimal Recovery,<25
Female,Corporate 9-to-5,Morning Lark,25,TikTok / Reels,70,1,43,25,30.8,8.8,25.0,19.0,0,1.0,Optimal Recovery,45-54
Female,Corporate 9-to-5,Intermediate,71,Instagram / Reddit,56,1,76,26,44.7,7.04,21.9,18.9,1,1.8,Mild Deficit,45-54
Male,Remote Tech,Night Owl,42,YouTube,70,0,0,40,33.9,6.38,25.3,18.5,2,2.9,Moderate Debt,25-34
Male,Student,Morning Lark,45,TikTok / Reels,75,1,0,10,33.2,6.77,23.3,21.3,2,1.0,Mild Deficit,35-44
Female,Remote Tech,Intermediate,117,YouTube,53,1,0,25,61.1,5.5,21.2,20.4,5,6.5,Moderate Debt,<25
Female,Student,Morning Lark,155,YouTube,10,0,0,58,74.8,5.51,23.7,21.1,3,4.9,Moderate Debt,55+
Female,Remote Tech,Intermediate,130,Instagram / Reddit,80,0,26,16,78.7,4.44,19.1,18.6,5,9.5,Severe Sleep Debt,25-34
Male,Remote Tech,Intermediate,124,TikTok / Reels,54,1,47,13,95.6,3.6,18.5,15.8,7,10.0,Severe Sleep Debt,25-34
Male,Corporate 9-to-5,Night Owl,86,Instagram / Reddit,71,1,102,10,56.7,3.56,18.3,11.5,6,10.0,Severe Sleep Debt,25-34
Female,Remote Tech,Night Owl,105,TikTok / Reels,82,1,0,17,74.0,4.83,18.7,18.7,6,8.6,Severe Sleep Debt,<25
Male,Corporate 9-to-5,Intermediate,110,YouTube,18,0,0,52,46.3,4.82,26.1,22.1,4,5.1,Moderate Debt,55+
Male,Student,Morning Lark,113,Streaming (Netflix/Hulu),55,1,0,53,48.8,5.89,18.4,22.4,4,4.2,Moderate Debt,<25
Male,Corporate 9-to-5,Morning Lark,24,Instagram / Reddit,86,0,62,52,30.2,8.33,24.9,20.1,0,1.0,Optimal Recovery,35-44
Female,Corporate 9-to-5,Night Owl,48,Instagram / Reddit,51,0,0,45,31.3,5.8,25.9,14.8,3,4.3,Moderate Debt,25-34
Female,Student,Intermediate,60,TikTok / Reels,75,1,41,43,44.1,6.02,22.3,18.5,3,4.6,Moderate Debt,55+
Female,Remote Tech,Morning Lark,19,Instagram / Reddit,33,1,0,55,15.2,7.83,28.0,16.4,0,1.0,Optimal Recovery,25-34
Male,Remote Tech,Morning Lark,15,News / Reading,65,1,0,25,12.4,8.55,18.7,23.4,0,1.0,Optimal Recovery,25-34
Male,Corporate 9-to-5,Intermediate,65,YouTube,30,0,110,53,37.3,6.01,23.0,17.4,3,3.6,Moderate Debt,25-34
Male,Remote Tech,Morning Lark,28,YouTube,73,1,80,63,22.5,9.21,20.4,22.3,0,1.0,Optimal Recovery,35-44
Female,Healthcare / Shift Worker,Night Owl,72,YouTube,46,0,0,0,39.6,3.2,22.7,20.6,6,8.4,Moderate Debt,<25
Female,Healthcare / Shift Worker,Intermediate,74,TikTok / Reels,84,1,0,28,52.5,5.07,17.1,21.2,4,6.2,Moderate Debt,<25
Female,Student,Intermediate,49,Messaging / Chat,84,0,0,27,24.0,6.72,24.5,20.6,1,1.2,Moderate Debt,<25
Male,Corporate 9-to-5,Intermediate,50,Instagram / Reddit,43,0,56,34,38.6,6.37,20.0,19.1,2,2.4,Moderate Debt,35-44
Female,Student,Intermediate,36,TikTok / Reels,89,1,0,45,31.8,8.03,20.6,20.7,1,1.0,Optimal Recovery,<25
Female,Corporate 9-to-5,Intermediate,21,YouTube,43,0,85,81,19.6,6.88,20.5,18.3,2,1.6,Mild Deficit,35-44
Male,Corporate 9-to-5,Night Owl,67,TikTok / Reels,69,0,0,5,43.4,4.45,20.0,19.1,4,6.8,Moderate Debt,<25
Female,Corporate 9-to-5,Intermediate,49,YouTube,54,0,0,8,29.3,6.99,24.2,21.5,2,1.9,Mild Deficit,45-54
Female,Student,Intermediate,25,Streaming (Netflix/Hulu),47,1,27,54,20.0,7.41,24.7,23.4,2,1.0,Mild Deficit,55+
Female,Student,Night Owl,45,YouTube,71,1,0,44,27.3,5.08,17.0,17.9,4,4.4,Moderate Debt,25-34
Male,Student,Morning Lark,98,TikTok / Reels,45,1,107,25,79.0,6.17,21.2,14.1,4,5.9,Moderate Debt,25-34
Male,Student,Intermediate,14,TikTok / Reels,44,1,54,27,18.3,7.37,18.4,18.6,2,2.1,Mild Deficit,25-34
Male,Corporate 9-to-5,Intermediate,55,Instagram / Reddit,55,0,0,33,38.7,7.81,23.5,19.1,3,1.1,Optimal Recovery,<25
Female,Remote Tech,Night Owl,23,TikTok / Reels,73,0,70,45,25.1,5.54,23.3,18.8,4,3.9,Moderate Debt,25-34
Male,Student,Morning Lark,45,TikTok / Reels,60,0,36,50,38.1,7.22,24.6,18.4,3,1.1,Mild Deficit,35-44
Male,Student,Intermediate,10,YouTube,48,1,0,55,8.0,6.86,24.4,18.5,1,1.0,Mild Deficit,25-34
Male,Healthcare / Shift Worker,Morning Lark,16,YouTube,45,0,0,64,17.1,6.83,22.7,22.0,2,1.8,Mild Deficit,55+
Male,Corporate 9-to-5,Morning Lark,15,Messaging / Chat,51,1,0,56,19.1,8.49,26.1,21.5,0,1.0,Optimal Recovery,25-34
Female,Student,Night Owl,144,Instagram / Reddit,66,0,0,30,81.4,4.2,24.2,17.1,5,8.8,Severe Sleep Debt,35-44
Female,Remote Tech,Intermediate,65,YouTube,34,0,0,5,33.5,5.95,17.8,19.5,2,4.5,Moderate Debt,25-34
Female,Student,Night Owl,28,News / Reading,42,1,109,18,27.2,7.31,16.9,21.3,3,2.8,Mild Deficit,25-34
Male,Remote Tech,Intermediate,29,TikTok / Reels,71,1,0,0,36.6,7.06,20.3,19.6,3,1.3,Mild Deficit,25-34
Male,Freelance / Creative,Intermediate,83,Streaming (Netflix/Hulu),38,1,60,83,42.0,5.59,23.8,18.2,5,5.0,Moderate Debt,25-34
Male,Corporate 9-to-5,Night Owl,73,Streaming (Netflix/Hulu),43,1,232,63,55.7,5.43,15.7,19.3,4,6.8,Moderate Debt,25-34
Female,Student,Intermediate,51,Instagram / Reddit,54,1,94,24,33.9,6.43,22.1,21.2,2,2.5,Moderate Debt,35-44
Female,Remote Tech,Morning Lark,123,Instagram / Reddit,39,0,171,49,71.4,6.15,20.3,18.1,2,6.1,Moderate Debt,55+
Female,Corporate 9-to-5,Morning Lark,29,Streaming (Netflix/Hulu),46,0,106,32,21.1,8.58,19.3,20.4,1,1.0,Optimal Recovery,25-34
Male,Corporate 9-to-5,Morning Lark,15,YouTube,58,1,92,52,27.9,8.86,24.5,14.9,0,1.0,Optimal Recovery,<25
Female,Healthcare / Shift Worker,Intermediate,118,YouTube,69,1,48,48,64.1,3.2,26.2,15.3,6,9.8,Severe Sleep Debt,25-34
Male,Corporate 9-to-5,Night Owl,37,YouTube,40,0,88,32,34.8,5.1,19.5,16.8,3,4.7,Moderate Debt,25-34
Female,Corporate 9-to-5,Night Owl,16,TikTok / Reels,39,0,47,38,22.7,6.17,17.0,17.8,3,2.5,Moderate Debt,<25
Female,Freelance / Creative,Night Owl,52,Instagram / Reddit,78,1,0,23,39.3,4.62,20.8,14.6,4,4.9,Moderate Debt,35-44
Male,Student,Night Owl,59,TikTok / Reels,42,1,0,47,42.8,4.39,26.5,21.0,5,6.8,Moderate Debt,55+
Female,Corporate 9-to-5,Intermediate,51,TikTok / Reels,40,1,0,0,41.0,6.82,19.1,22.7,2,1.8,Mild Deficit,55+
Female,Remote Tech,Morning Lark,114,YouTube,15,0,0,45,58.5,6.38,19.7,18.9,3,3.9,Moderate Debt,<25
Female,Remote Tech,Intermediate,150,Instagram / Reddit,77,1,0,2,81.3,4.37,21.7,20.8,4,8.5,Moderate Debt,45-54
Female,Healthcare / Shift Worker,Night Owl,37,TikTok / Reels,82,0,94,35,34.5,3.63,17.2,19.2,4,8.2,Moderate Debt,35-44
Non-Binary,Student,Intermediate,90,TikTok / Reels,55,1,0,37,53.3,5.75,21.2,20.2,5,5.3,Moderate Debt,25-34
Male,Healthcare / Shift Worker,Intermediate,41,TikTok / Reels,59,0,0,41,32.2,4.24,28.0,20.0,5,5.7,Moderate Debt,25-34
Female,Corporate 9-to-5,Morning Lark,117,YouTube,55,0,0,17,69.5,6.12,19.4,22.6,4,5.5,Moderate Debt,45-54
Male,Student,Intermediate,19,Instagram / Reddit,33,0,0,18,16.1,7.46,23.6,22.2,1,1.0,Mild Deficit,25-34
Female,Corporate 9-to-5,Intermediate,57,TikTok / Reels,67,1,20,45,39.3,6.58,22.4,18.0,3,2.5,Moderate Debt,25-34
Male,Corporate 9-to-5,Intermediate,77,Streaming (Netflix/Hulu),82,1,0,23,38.6,6.23,19.6,21.3,2,3.5,Moderate Debt,25-34
Male,Student,Night Owl,79,YouTube,55,1,0,56,51.0,3.71,22.4,23.7,6,8.1,Moderate Debt,35-44
Male,Corporate 9-to-5,Morning Lark,39,TikTok / Reels,69,1,0,34,37.0,7.21,21.5,17.6,2,2.2,Mild Deficit,<25
Female,Remote Tech,Night Owl,48,News / Reading,37,0,0,35,28.1,4.29,23.0,22.4,5,6.7,Moderate Debt,45-54
Female,Healthcare / Shift Worker,Morning Lark,74,Instagram / Reddit,36,0,25,33,50.9,5.09,24.3,16.3,4,6.1,Moderate Debt,35-44
Female,Remote Tech,Night Owl,58,TikTok / Reels,64,0,0,43,45.0,6.55,21.7,16.7,5,5.1,Moderate Debt,35-44
Male,Corporate 9-to-5,Intermediate,56,Streaming (Netflix/Hulu),86,0,53,35,33.4,6.55,22.1,17.5,2,2.8,Moderate Debt,<25
Male,Student,Night Owl,38,YouTube,43,0,177,42,33.1,6.16,21.8,15.7,3,4.2,Moderate Debt,35-44
Female,Freelance / Creative,Morning Lark,26,Messaging / Chat,51,0,210,73,39.1,7.18,22.2,14.4,2,2.4,Mild Deficit,<25
Male,Student,Intermediate,102,TikTok / Reels,66,1,0,72,61.4,6.11,21.8,19.8,3,3.9,Moderate Debt,<25
Female,Remote Tech,Night Owl,24,Messaging / Chat,46,1,0,50,21.8,6.24,26.4,21.5,2,2.7,Moderate Debt,25-34
Female,Corporate 9-to-5,Morning Lark,114,TikTok / Reels,65,0,0,0,67.4,6.61,14.1,16.9,3,4.7,Moderate Debt,25-34
Female,Corporate 9-to-5,Morning Lark,128,News / Reading,36,0,63,18,44.4,6.21,18.4,21.7,3,4.8,Moderate Debt,35-44
Female,Student,Intermediate,87,YouTube,64,1,0,38,48.4,5.1,20.8,16.6,5,5.8,Moderate Debt,<25
Female,Corporate 9-to-5,Morning Lark,40,YouTube,50,0,62,22,34.9,8.05,24.6,16.3,0,1.0,Optimal Recovery,25-34
Female,Healthcare / Shift Worker,Morning Lark,14,Streaming (Netflix/Hulu),23,1,20,43,21.1,7.17,27.6,19.5,2,1.0,Mild Deficit,<25
Female,Remote Tech,Intermediate,78,YouTube,34,0,0,35,41.7,6.09,23.7,18.0,2,2.5,Moderate Debt,55+
Female,Remote Tech,Morning Lark,20,Streaming (Netflix/Hulu),62,0,20,33,27.7,7.05,20.9,20.8,1,1.0,Mild Deficit,25-34
Male,Student,Intermediate,32,Streaming (Netflix/Hulu),82,1,0,31,29.6,7.42,22.3,23.3,1,1.0,Mild Deficit,35-44
Female,Student,Night Owl,37,Instagram / Reddit,29,0,85,7,42.6,5.92,19.5,19.8,4,6.1,Moderate Debt,25-34
Male,Student,Intermediate,26,TikTok / Reels,75,0,0,30,18.8,7.55,25.0,17.7,0,1.0,Mild Deficit,<25
Female,Freelance / Creative,Morning Lark,30,News / Reading,63,0,65,60,26.7,7.66,23.8,19.2,3,1.0,Mild Deficit,55+
Male,Freelance / Creative,Intermediate,58,YouTube,74,1,0,39,24.5,6.3,22.7,20.6,0,1.0,Moderate Debt,25-34
Male,Freelance / Creative,Intermediate,180,TikTok / Reels,52,0,0,55,112.3,3.2,18.3,18.6,7,10.0,Severe Sleep Debt,25-34
Female,Healthcare / Shift Worker,Intermediate,73,TikTok / Reels,68,1,0,41,40.0,5.3,21.5,17.2,2,4.7,Moderate Debt,35-44
Female,Student,Intermediate,103,Instagram / Reddit,92,0,20,48,78.3,5.03,16.0,20.5,4,7.3,Moderate Debt,<25
Male,Student,Night Owl,35,Messaging / Chat,59,1,0,60,31.6,5.61,26.9,20.2,3,4.1,Moderate Debt,45-54
Male,Corporate 9-to-5,Night Owl,159,Streaming (Netflix/Hulu),35,0,0,20,50.0,4.01,19.2,18.1,5,9.0,Severe Sleep Debt,25-34
Female,Corporate 9-to-5,Morning Lark,149,TikTok / Reels,84,0,0,59,91.7,4.54,17.2,22.0,4,9.7,Severe Sleep Debt,25-34
Female,Corporate 9-to-5,Intermediate,40,TikTok / Reels,66,1,0,0,35.4,6.97,23.1,19.1,1,1.5,Mild Deficit,<25
Male,Corporate 9-to-5,Intermediate,155,YouTube,60,0,0,28,69.6,4.16,19.4,14.4,4,8.5,Moderate Debt,<25
Male,Remote Tech,Night Owl,30,YouTube,91,1,112,84,37.9,5.73,21.4,19.3,3,5.1,Moderate Debt,45-54
Female,Corporate 9-to-5,Night Owl,46,YouTube,83,1,0,34,23.9,6.67,19.3,20.0,1,1.3,Moderate Debt,35-44
Female,Freelance / Creative,Intermediate,49,Instagram / Reddit,65,1,49,60,34.5,6.89,23.5,18.0,2,3.1,Mild Deficit,25-34
Female,Healthcare / Shift Worker,Intermediate,39,TikTok / Reels,37,0,79,42,31.4,6.07,19.1,13.8,2,2.2,Moderate Debt,<25
Female,Corporate 9-to-5,Intermediate,12,YouTube,48,1,50,45,28.7,7.77,22.6,21.9,1,1.0,Optimal Recovery,35-44
Female,Corporate 9-to-5,Intermediate,13,YouTube,59,0,0,10,25.1,7.11,26.2,19.5,2,1.0,Mild Deficit,35-44
Female,Healthcare / Shift Worker,Morning Lark,43,YouTube,54,1,0,33,28.1,7.69,20.4,14.8,2,1.0,Mild Deficit,25-34
Female,Healthcare / Shift Worker,Intermediate,108,Instagram / Reddit,46,0,29,17,58.2,3.2,17.0,16.7,6,10.0,Severe Sleep Debt,25-34
Female,Freelance / Creative,Intermediate,50,Instagram / Reddit,51,0,159,58,51.5,6.8,21.2,16.4,2,3.2,Mild Deficit,<25
Male,Freelance / Creative,Intermediate,32,Streaming (Netflix/Hulu),76,1,0,63,21.4,7.08,25.5,20.6,1,1.0,Mild Deficit,35-44
Female,Freelance / Creative,Intermediate,90,TikTok / Reels,59,0,158,26,76.2,4.99,19.5,14.0,6,9.9,Severe Sleep Debt,55+
Female,Remote Tech,Night Owl,77,Streaming (Netflix/Hulu),46,1,169,29,54.8,5.1,23.1,18.3,4,6.3,Moderate Debt,<25
Female,Corporate 9-to-5,Intermediate,64,Streaming (Netflix/Hulu),68,0,57,62,42.1,7.71,23.0,16.7,1,1.0,Mild Deficit,35-44
Male,Student,Intermediate,31,News / Reading,66,1,94,0,22.3,6.78,18.4,19.2,1,2.2,Mild Deficit,25-34
Male,Corporate 9-to-5,Night Owl,55,News / Reading,54,1,20,60,33.6,5.48,26.3,21.2,3,4.3,Moderate Debt,25-34
Male,Healthcare / Shift Worker,Intermediate,4,YouTube,33,0,73,35,23.4,8.2,22.8,16.5,0,1.0,Optimal Recovery,25-34
Female,Remote Tech,Morning Lark,111,News / Reading,53,0,52,38,49.6,6.21,21.2,22.4,3,5.5,Moderate Debt,45-54
Male,Healthcare / Shift Worker,Morning Lark,78,YouTube,55,0,0,36,33.3,6.66,18.7,22.6,1,2.8,Moderate Debt,25-34
Female,Corporate 9-to-5,Morning Lark,36,YouTube,73,1,0,74,26.4,7.82,25.3,20.2,2,1.0,Optimal Recovery,25-34
Female,Remote Tech,Morning Lark,57,TikTok / Reels,41,1,46,34,44.8,8.16,27.0,18.3,2,1.0,Optimal Recovery,25-34
Male,Remote Tech,Night Owl,44,YouTube,49,0,56,7,46.8,5.22,20.0,20.7,3,4.7,Moderate Debt,<25
Male,Freelance / Creative,Intermediate,57,Instagram / Reddit,86,0,0,34,33.3,7.42,20.2,20.5,2,2.3,Mild Deficit,<25
Male,Corporate 9-to-5,Morning Lark,180,News / Reading,50,1,57,31,87.2,6.02,25.4,20.0,4,5.1,Moderate Debt,35-44
Male,Freelance / Creative,Night Owl,113,YouTube,54,1,0,29,41.6,4.29,23.5,21.9,5,6.6,Moderate Debt,<25
Male,Healthcare / Shift Worker,Intermediate,94,Streaming (Netflix/Hulu),92,0,0,61,45.5,4.77,23.1,24.2,5,6.1,Moderate Debt,35-44
Female,Student,Intermediate,94,Streaming (Netflix/Hulu),37,0,0,41,54.5,6.05,21.3,20.0,4,4.5,Moderate Debt,25-34
Female,Healthcare / Shift Worker,Morning Lark,118,Instagram / Reddit,81,1,20,50,66.2,4.55,22.9,18.2,4,7.1,Moderate Debt,25-34
Female,Student,Morning Lark,121,TikTok / Reels,47,0,0,0,65.8,5.58,19.5,21.5,3,6.6,Moderate Debt,25-34
Male,Corporate 9-to-5,Intermediate,84,Streaming (Netflix/Hulu),59,1,0,32,44.3,5.89,26.4,19.0,4,4.6,Moderate Debt,25-34
Female,Corporate 9-to-5,Night Owl,53,YouTube,61,0,0,29,34.1,4.9,25.2,17.6,4,4.7,Moderate Debt,<25
Male,Healthcare / Shift Worker,Morning Lark,23,Instagram / Reddit,50,1,41,66,21.1,6.64,25.2,18.4,0,1.0,Moderate Debt,25-34
Female,Student,Intermediate,69,Streaming (Netflix/Hulu),36,0,209,64,45.1,5.99,20.7,18.4,4,5.3,Moderate Debt,35-44
Female,Corporate 9-to-5,Night Owl,48,TikTok / Reels,42,0,0,58,38.2,5.68,22.4,22.4,4,3.7,Moderate Debt,35-44
Female,Student,Intermediate,25,TikTok / Reels,51,1,91,30,37.2,7.97,21.1,17.2,2,1.0,Optimal Recovery,25-34
Female,Remote Tech,Intermediate,58,YouTube,39,0,0,15,51.7,5.94,23.4,20.5,3,2.9,Moderate Debt,25-34
Male,Corporate 9-to-5,Night Owl,17,TikTok / Reels,55,1,51,25,19.2,4.89,24.1,18.2,2,3.3,Moderate Debt,<25
Female,Remote Tech,Night Owl,41,Streaming (Netflix/Hulu),40,1,0,33,32.0,5.21,22.8,20.3,2,3.6,Moderate Debt,<25
Female,Corporate 9-to-5,Intermediate,96,YouTube,37,0,96,40,53.2,5.07,22.2,18.2,4,6.5,Moderate Debt,<25
Female,Corporate 9-to-5,Night Owl,53,TikTok / Reels,23,0,58,39,54.0,4.75,25.2,19.0,4,4.4,Moderate Debt,45-54
Female,Remote Tech,Intermediate,79,YouTube,89,0,0,37,44.5,6.66,24.9,21.9,2,3.5,Moderate Debt,<25
Female,Remote Tech,Night Owl,77,YouTube,53,0,77,35,39.9,5.06,24.8,23.1,5,5.9,Moderate Debt,25-34
Female,Corporate 9-to-5,Night Owl,50,TikTok / Reels,42,0,0,57,46.5,5.45,19.4,20.9,4,5.4,Moderate Debt,25-34
Male,Remote Tech,Intermediate,86,TikTok / Reels,35,1,50,40,59.5,6.67,18.9,18.4,4,4.1,Moderate Debt,<25
Female,Corporate 9-to-5,Intermediate,55,YouTube,44,1,0,25,26.2,6.6,21.9,19.7,2,2.2,Moderate Debt,35-44
Female,Corporate 9-to-5,Intermediate,21,YouTube,18,0,66,43,39.6,6.68,19.5,15.2,4,4.0,Moderate Debt,<25
Male,Corporate 9-to-5,Night Owl,49,Messaging / Chat,43,1,55,52,30.1,5.89,23.0,14.0,3,3.8,Moderate Debt,<25
Female,Corporate 9-to-5,Night Owl,158,News / Reading,69,0,0,79,61.0,5.31,23.7,19.7,4,7.8,Moderate Debt,35-44
Female,Corporate 9-to-5,Morning Lark,29,YouTube,42,0,0,25,27.3,8.79,24.4,24.5,1,1.0,Optimal Recovery,25-34
Male,Healthcare / Shift Worker,Night Owl,152,Instagram / Reddit,67,0,0,18,82.0,3.2,16.7,20.0,7,10.0,Severe Sleep Debt,35-44
Female,Remote Tech,Night Owl,6,Streaming (Netflix/Hulu),73,1,0,42,11.1,6.86,22.3,18.5,2,1.0,Mild Deficit,25-34
Male,Corporate 9-to-5,Night Owl,17,TikTok / Reels,68,1,50,16,26.4,6.16,19.2,18.4,2,3.4,Moderate Debt,25-34
Female,Corporate 9-to-5,Night Owl,27,YouTube,56,0,58,41,32.8,6.4,19.8,17.2,4,3.6,Moderate Debt,35-44
Male,Corporate 9-to-5,Morning Lark,19,TikTok / Reels,79,1,0,69,15.8,8.74,23.7,20.9,0,1.0,Optimal Recovery,<25
Male,Healthcare / Shift Worker,Intermediate,98,TikTok / Reels,77,1,93,15,80.6,4.36,21.5,23.0,5,8.7,Severe Sleep Debt,25-34
Female,Remote Tech,Night Owl,15,TikTok / Reels,41,1,0,30,18.0,6.75,24.0,18.3,3,1.6,Mild Deficit,25-34
Female,Corporate 9-to-5,Night Owl,29,Instagram / Reddit,38,0,250,37,39.1,6.19,17.9,14.2,4,5.2,Moderate Debt,25-34
Female,Remote Tech,Morning Lark,86,YouTube,46,0,0,49,44.8,6.99,19.7,19.6,3,3.1,Mild Deficit,35-44
Female,Remote Tech,Intermediate,64,TikTok / Reels,49,1,179,19,52.1,5.72,20.5,16.9,4,6.5,Moderate Debt,45-54
Male,Corporate 9-to-5,Night Owl,51,Streaming (Netflix/Hulu),78,1,74,70,51.0,6.17,23.4,16.7,3,4.8,Moderate Debt,55+
Male,Student,Night Owl,46,Streaming (Netflix/Hulu),71,1,0,50,31.8,5.19,21.1,20.0,3,3.9,Moderate Debt,35-44
Female,Remote Tech,Intermediate,83,TikTok / Reels,58,1,0,43,60.0,6.29,24.0,17.0,3,4.4,Moderate Debt,25-34
Male,Corporate 9-to-5,Morning Lark,20,Instagram / Reddit,58,1,167,26,31.8,8.04,19.1,15.6,0,1.0,Optimal Recovery,25-34
Female,Student,Night Owl,27,Instagram / Reddit,33,1,0,0,26.3,5.14,22.1,22.9,3,4.3,Moderate Debt,25-34
Male,Student,Night Owl,72,YouTube,77,0,0,20,43.5,4.51,16.8,17.9,4,6.7,Moderate Debt,25-34
Male,Student,Night Owl,29,News / Reading,59,1,0,38,14.9,7.17,24.6,24.1,2,1.0,Mild Deficit,25-34
Male,Corporate 9-to-5,Night Owl,56,TikTok / Reels,34,0,0,57,38.8,4.79,25.1,17.9,6,6.2,Moderate Debt,45-54
Female,Remote Tech,Intermediate,42,YouTube,21,0,20,58,20.3,7.6,26.1,18.6,0,1.0,Mild Deficit,25-34
Male,Remote Tech,Night Owl,32,TikTok / Reels,30,1,126,47,24.7,6.38,19.1,15.5,1,2.0,Moderate Debt,25-34
Female,Student,Night Owl,50,TikTok / Reels,56,1,0,23,41.6,5.21,22.7,22.6,5,5.4,Moderate Debt,25-34
Male,Remote Tech,Intermediate,8,TikTok / Reels,10,1,0,103,17.9,7.12,27.9,19.6,0,1.0,Mild Deficit,45-54
Female,Corporate 9-to-5,Night Owl,71,Streaming (Netflix/Hulu),32,0,167,26,50.7,5.18,20.6,14.1,3,4.9,Moderate Debt,35-44
Female,Student,Night Owl,69,Instagram / Reddit,65,1,138,66,46.0,4.82,17.1,18.5,4,6.8,Moderate Debt,35-44
Male,Student,Night Owl,121,News / Reading,46,0,0,40,39.3,3.61,21.0,20.5,6,7.9,Moderate Debt,25-34
Male,Remote Tech,Intermediate,26,Streaming (Netflix/Hulu),19,0,250,20,48.0,7.55,18.0,16.0,3,3.4,Mild Deficit,45-54
Female,Healthcare / Shift Worker,Intermediate,108,Messaging / Chat,42,0,81,37,55.1,3.46,20.6,15.9,5,8.8,Severe Sleep Debt,<25
Male,Healthcare / Shift Worker,Intermediate,27,YouTube,53,0,20,25,25.0,6.04,16.6,16.6,4,4.0,Moderate Debt,45-54
Male,Corporate 9-to-5,Intermediate,88,YouTube,74,0,0,0,54.8,5.46,17.0,20.5,3,6.0,Moderate Debt,25-34
Male,Freelance / Creative,Intermediate,18,TikTok / Reels,64,1,0,37,28.6,8.28,22.6,17.6,0,1.0,Optimal Recovery,25-34
Male,Remote Tech,Intermediate,29,Messaging / Chat,63,1,52,22,22.5,8.03,20.3,18.7,1,1.0,Optimal Recovery,25-34
Female,Student,Morning Lark,31,YouTube,69,1,0,0,21.5,7.84,21.3,20.1,2,1.0,Optimal Recovery,35-44
Male,Healthcare / Shift Worker,Night Owl,57,Messaging / Chat,22,0,0,0,32.0,3.47,18.1,18.2,3,6.4,Moderate Debt,<25
Female,Remote Tech,Intermediate,66,TikTok / Reels,80,1,0,28,40.2,5.67,19.8,23.5,4,4.6,Moderate Debt,45-54
Female,Remote Tech,Intermediate,14,Messaging / Chat,80,0,0,0,25.7,8.11,18.7,23.7,1,1.0,Optimal Recovery,25-34
Male,Freelance / Creative,Intermediate,61,YouTube,43,0,20,13,37.4,6.43,22.0,22.0,2,2.7,Moderate Debt,25-34
Male,Corporate 9-to-5,Morning Lark,56,YouTube,10,0,0,11,28.1,8.74,20.5,22.0,1,1.0,Optimal Recovery,<25
Male,Corporate 9-to-5,Night Owl,65,News / Reading,82,1,0,74,36.4,5.75,28.0,22.4,4,3.2,Moderate Debt,25-34
Male,Remote Tech,Intermediate,66,Messaging / Chat,10,0,156,49,40.4,7.36,15.1,16.4,1,1.0,Mild Deficit,25-34
Male,Healthcare / Shift Worker,Intermediate,128,Messaging / Chat,63,1,88,29,67.8,3.6,19.1,17.8,7,10.0,Severe Sleep Debt,25-34
Female,Freelance / Creative,Intermediate,33,Streaming (Netflix/Hulu),46,1,0,28,21.5,6.8,24.1,21.1,2,1.0,Mild Deficit,35-44
Non-Binary,Corporate 9-to-5,Intermediate,111,News / Reading,43,1,127,29,47.4,5.72,16.7,18.9,4,4.9,Moderate Debt,25-34
Female,Healthcare / Shift Worker,Intermediate,72,Streaming (Netflix/Hulu),46,0,0,27,35.2,4.85,23.8,17.7,3,5.5,Moderate Debt,55+
Male,Corporate 9-to-5,Morning Lark,41,Messaging / Chat,58,0,0,41,30.0,7.0,19.2,20.5,2,1.0,Mild Deficit,35-44
Male,Freelance / Creative,Intermediate,36,Streaming (Netflix/Hulu),12,0,73,16,25.4,6.68,22.8,16.9,1,1.3,Moderate Debt,45-54
Male,Remote Tech,Intermediate,82,Instagram / Reddit,51,1,0,6,44.5,5.77,18.9,19.7,3,4.4,Moderate Debt,<25
Female,Corporate 9-to-5,Night Owl,27,Instagram / Reddit,26,0,51,57,32.3,4.98,24.6,18.3,2,5.4,Moderate Debt,25-34
Male,Corporate 9-to-5,Intermediate,74,Instagram / Reddit,45,0,49,15,55.5,6.53,19.3,17.3,2,3.8,Moderate Debt,25-34
Male,Corporate 9-to-5,Morning Lark,36,Instagram / Reddit,58,0,0,49,37.7,7.88,19.1,18.0,1,1.0,Optimal Recovery,35-44
Male,Corporate 9-to-5,Morning Lark,84,Streaming (Netflix/Hulu),73,1,0,13,41.3,6.95,23.0,19.9,2,2.2,Mild Deficit,45-54
Female,Student,Intermediate,32,TikTok / Reels,40,1,170,52,32.9,7.5,24.0,16.9,2,1.0,Mild Deficit,<25
Male,Corporate 9-to-5,Intermediate,46,Instagram / Reddit,91,1,182,25,38.1,8.06,19.1,17.4,1,1.3,Optimal Recovery,<25
Male,Freelance / Creative,Morning Lark,38,Instagram / Reddit,37,0,0,27,33.8,9.05,24.7,20.2,1,1.0,Optimal Recovery,45-54
Male,Student,Intermediate,122,Streaming (Netflix/Hulu),38,0,0,49,49.6,5.53,24.7,16.7,3,4.2,Moderate Debt,<25
Male,Student,Morning Lark,150,Streaming (Netflix/Hulu),76,1,0,62,69.5,3.99,20.6,23.8,5,8.7,Severe Sleep Debt,35-44
Female,Corporate 9-to-5,Intermediate,38,Streaming (Netflix/Hulu),50,1,0,44,35.4,6.31,23.1,19.1,3,2.1,Moderate Debt,25-34
Female,Healthcare / Shift Worker,Intermediate,65,YouTube,59,1,0,38,25.9,4.62,20.8,22.3,3,5.8,Moderate Debt,45-54
Female,Student,Night Owl,53,Streaming (Netflix/Hulu),45,0,122,18,45.9,5.09,21.0,18.2,4,6.5,Moderate Debt,<25
Female,Healthcare / Shift Worker,Morning Lark,36,TikTok / Reels,48,1,184,34,40.3,5.68,19.5,14.3,3,6.1,Moderate Debt,<25
Non-Binary,Freelance / Creative,Intermediate,26,Messaging / Chat,62,0,31,39,25.4,6.29,23.3,19.2,2,1.3,Moderate Debt,25-34
Female,Corporate 9-to-5,Night Owl,23,Streaming (Netflix/Hulu),80,0,0,54,15.4,6.25,21.9,17.8,3,1.7,Moderate Debt,55+
Female,Corporate 9-to-5,Intermediate,30,YouTube,58,1,0,49,28.1,6.25,24.5,16.9,2,2.4,Moderate Debt,25-34
Female,Healthcare / Shift Worker,Intermediate,39,Messaging / Chat,64,1,250,46,41.9,5.65,16.7,13.4,3,7.3,Moderate Debt,25-34
Male,Healthcare / Shift Worker,Intermediate,44,YouTube,75,0,100,4,30.8,5.33,15.7,17.7,3,5.2,Moderate Debt,35-44
Female,Remote Tech,Morning Lark,10,TikTok / Reels,46,1,113,67,21.7,8.96,20.5,14.6,0,1.0,Optimal Recovery,55+
Female,Remote Tech,Intermediate,95,YouTube,35,0,20,18,42.5,4.86,18.1,23.4,4,5.4,Moderate Debt,45-54
Female,Student,Night Owl,114,News / Reading,35,0,0,28,42.4,4.06,23.9,18.2,5,7.2,Moderate Debt,55+
Female,Corporate 9-to-5,Intermediate,127,Instagram / Reddit,37,0,218,27,75.1,4.29,13.8,18.3,6,10.0,Severe Sleep Debt,<25
Non-Binary,Corporate 9-to-5,Intermediate,17,Messaging / Chat,34,0,0,26,14.2,6.96,24.4,19.8,1,1.0,Mild Deficit,<25
Female,Remote Tech,Intermediate,46,YouTube,77,1,197,21,39.0,6.78,16.1,18.2,2,3.6,Mild Deficit,35-44
Male,Corporate 9-to-5,Intermediate,100,TikTok / Reels,17,1,0,47,55.0,5.5,19.1,18.2,4,4.7,Moderate Debt,45-54
Non-Binary,Remote Tech,Intermediate,8,YouTube,67,1,0,21,22.9,8.88,24.3,21.8,0,1.0,Optimal Recovery,25-34
Male,Freelance / Creative,Intermediate,21,YouTube,30,0,50,0,18.3,6.97,20.6,17.5,1,1.0,Mild Deficit,25-34
Non-Binary,Healthcare / Shift Worker,Intermediate,86,Streaming (Netflix/Hulu),91,0,0,62,48.6,5.54,24.1,21.2,3,6.0,Moderate Debt,35-44
Male,Freelance / Creative,Intermediate,41,YouTube,63,0,112,48,42.4,6.63,24.7,13.9,1,3.5,Moderate Debt,<25
Female,Healthcare / Shift Worker,Night Owl,47,YouTube,37,0,0,22,27.7,4.24,23.1,21.6,4,5.3,Moderate Debt,25-34
Male,Remote Tech,Intermediate,31,TikTok / Reels,44,1,91,13,33.5,7.74,17.4,19.1,1,2.1,Mild Deficit,25-34
Female,Healthcare / Shift Worker,Intermediate,63,Instagram / Reddit,53,0,0,78,39.4,5.13,24.2,20.9,4,6.0,Moderate Debt,25-34
Female,Freelance / Creative,Morning Lark,58,TikTok / Reels,68,1,0,30,44.2,7.23,23.3,19.2,2,1.6,Mild Deficit,35-44
Male,Freelance / Creative,Intermediate,23,Messaging / Chat,62,0,74,62,18.6,7.8,21.9,19.4,0,1.0,Optimal Recovery,25-34
Female,Student,Intermediate,107,News / Reading,55,0,50,27,48.3,6.35,14.2,20.2,1,3.3,Moderate Debt,35-44
Male,Corporate 9-to-5,Night Owl,6,Messaging / Chat,41,0,84,52,19.4,5.28,26.0,15.1,3,2.9,Moderate Debt,35-44
Male,Corporate 9-to-5,Intermediate,69,TikTok / Reels,49,1,0,0,39.0,6.99,21.0,20.8,3,3.4,Mild Deficit,25-34
Female,Corporate 9-to-5,Intermediate,58,TikTok / Reels,82,0,117,0,56.6,7.03,14.7,19.3,2,4.1,Mild Deficit,35-44
Male,Freelance / Creative,Night Owl,129,YouTube,98,0,0,62,79.7,3.74,18.7,23.9,4,10.0,Severe Sleep Debt,25-34
Female,Remote Tech,Morning Lark,38,Instagram / Reddit,77,0,0,52,24.2,8.19,24.9,17.7,1,1.0,Optimal Recovery,<25
Female,Healthcare / Shift Worker,Night Owl,33,Messaging / Chat,36,0,187,48,41.9,3.42,21.7,17.6,5,8.1,Moderate Debt,<25
Male,Remote Tech,Intermediate,100,Streaming (Netflix/Hulu),84,0,199,30,74.9,5.91,15.9,17.1,4,6.9,Moderate Debt,25-34
Female,Student,Intermediate,30,TikTok / Reels,48,0,0,85,24.6,7.14,24.7,18.7,1,1.0,Mild Deficit,25-34
Male,Corporate 9-to-5,Night Owl,21,News / Reading,55,1,0,5,21.6,6.36,18.3,22.9,1,2.3,Moderate Debt,45-54
Male,Corporate 9-to-5,Night Owl,91,TikTok / Reels,30,0,0,56,53.6,4.21,24.2,22.1,6,8.2,Moderate Debt,35-44
Female,Remote Tech,Intermediate,88,Messaging / Chat,57,0,0,40,37.8,6.36,21.4,17.6,4,5.0,Moderate Debt,35-44
Male,Student,Intermediate,76,YouTube,39,1,0,12,42.6,6.96,27.2,21.1,3,1.0,Mild Deficit,25-34
Male,Corporate 9-to-5,Intermediate,28,Instagram / Reddit,83,0,35,65,28.4,7.09,22.0,19.8,3,1.9,Mild Deficit,25-34
Female,Student,Morning Lark,105,Instagram / Reddit,100,0,0,48,69.5,6.14,16.9,19.6,3,6.6,Moderate Debt,25-34
Female,Remote Tech,Night Owl,57,Streaming (Netflix/Hulu),55,0,0,42,28.7,5.2,23.0,19.9,3,3.9,Moderate Debt,<25
Male,Healthcare / Shift Worker,Morning Lark,56,Instagram / Reddit,65,0,26,39,41.1,5.59,21.9,17.9,3,4.4,Moderate Debt,<25
Female,Corporate 9-to-5,Intermediate,153,Messaging / Chat,49,0,0,25,70.0,5.7,20.8,20.1,4,6.4,Moderate Debt,35-44
Male,Student,Night Owl,19,TikTok / Reels,57,1,0,36,23.4,5.82,21.1,17.7,3,2.7,Moderate Debt,55+
Female,Corporate 9-to-5,Night Owl,85,Streaming (Netflix/Hulu),43,1,0,41,27.9,4.76,19.9,20.4,4,4.9,Moderate Debt,<25
Male,Healthcare / Shift Worker,Intermediate,136,News / Reading,61,0,198,78,69.9,3.2,13.9,15.5,5,10.0,Severe Sleep Debt,<25
Male,Remote Tech,Night Owl,21,Streaming (Netflix/Hulu),63,0,0,1,23.3,5.17,20.2,23.6,2,2.8,Moderate Debt,35-44
Female,Student,Intermediate,66,News / Reading,61,1,0,3,24.4,6.46,22.2,19.6,2,1.9,Moderate Debt,25-34
Male,Freelance / Creative,Night Owl,30,YouTube,70,1,81,30,23.1,6.19,18.1,17.4,1,2.3,Moderate Debt,45-54
Male,Corporate 9-to-5,Intermediate,74,Messaging / Chat,48,1,0,14,44.8,6.53,24.0,18.9,3,3.4,Moderate Debt,35-44
Male,Corporate 9-to-5,Night Owl,69,TikTok / Reels,100,1,51,12,57.9,5.54,19.9,14.0,4,6.7,Moderate Debt,55+
Male,Student,Morning Lark,83,YouTube,42,0,69,61,54.7,6.88,28.0,19.2,3,3.1,Mild Deficit,25-34
Male,Student,Intermediate,30,Streaming (Netflix/Hulu),42,0,0,43,30.7,8.02,26.1,23.8,0,1.0,Optimal Recovery,35-44
Male,Corporate 9-to-5,Intermediate,64,Streaming (Netflix/Hulu),10,0,121,36,30.3,7.12,22.0,19.0,2,1.1,Mild Deficit,25-34
Male,Remote Tech,Night Owl,86,Streaming (Netflix/Hulu),70,1,0,21,32.2,5.0,20.6,15.9,4,5.7,Moderate Debt,35-44
Male,Corporate 9-to-5,Night Owl,35,YouTube,10,1,0,47,33.2,5.95,24.2,17.2,3,2.4,Moderate Debt,25-34
Female,Corporate 9-to-5,Morning Lark,68,News / Reading,48,1,126,36,38.1,6.94,21.4,16.8,1,1.4,Mild Deficit,<25
Non-Binary,Remote Tech,Morning Lark,42,TikTok / Reels,40,1,47,26,30.1,7.93,21.4,19.5,2,1.0,Optimal Recovery,25-34
Female,Healthcare / Shift Worker,Intermediate,102,Streaming (Netflix/Hulu),26,1,50,61,58.6,4.63,22.4,20.2,6,7.7,Moderate Debt,25-34
Female,Remote Tech,Intermediate,17,Messaging / Chat,56,0,0,70,6.0,7.94,25.5,23.2,0,1.0,Optimal Recovery,45-54
Female,Remote Tech,Intermediate,64,Messaging / Chat,90,0,175,60,53.9,5.37,18.8,13.2,5,6.6,Moderate Debt,35-44
Female,Healthcare / Shift Worker,Intermediate,123,Streaming (Netflix/Hulu),70,1,0,49,62.4,3.2,22.8,18.9,5,9.3,Severe Sleep Debt,35-44
Female,Corporate 9-to-5,Intermediate,43,YouTube,40,1,0,41,21.9,6.16,19.4,21.6,3,3.3,Moderate Debt,<25
Female,Student,Intermediate,15,Instagram / Reddit,95,1,0,4,21.1,8.56,24.4,19.3,0,1.0,Optimal Recovery,35-44
Female,Healthcare / Shift Worker,Night Owl,62,Instagram / Reddit,40,0,121,44,39.3,5.19,22.7,21.5,5,5.4,Moderate Debt,25-34
Male,Corporate 9-to-5,Intermediate,121,Instagram / Reddit,77,0,46,7,72.6,6.45,13.2,18.8,4,5.7,Moderate Debt,45-54
Female,Remote Tech,Intermediate,51,Streaming (Netflix/Hulu),20,0,0,50,33.2,7.76,22.1,16.3,2,1.0,Optimal Recovery,45-54
Female,Freelance / Creative,Intermediate,53,Instagram / Reddit,50,0,0,41,45.7,6.12,21.4,17.9,2,4.2,Moderate Debt,<25
Female,Freelance / Creative,Intermediate,15,Instagram / Reddit,31,1,148,15,32.1,7.28,20.5,16.0,1,2.3,Mild Deficit,45-54
Female,Corporate 9-to-5,Intermediate,100,Instagram / Reddit,97,1,0,53,63.7,5.95,25.1,17.4,4,4.9,Moderate Debt,<25
Female,Corporate 9-to-5,Intermediate,45,YouTube,41,1,0,4,38.2,7.43,21.8,18.4,2,1.6,Mild Deficit,25-34
Male,Corporate 9-to-5,Morning Lark,99,TikTok / Reels,35,1,35,28,57.1,6.18,18.8,18.7,3,5.5,Moderate Debt,25-34
Male,Remote Tech,Intermediate,88,Streaming (Netflix/Hulu),64,0,0,41,52.4,5.97,20.3,23.6,4,5.1,Moderate Debt,<25
Male,Remote Tech,Intermediate,29,Messaging / Chat,50,1,0,36,33.9,7.86,21.9,20.9,2,1.0,Optimal Recovery,35-44
Male,Student,Morning Lark,69,TikTok / Reels,98,1,0,18,41.1,8.26,19.3,15.7,2,1.0,Optimal Recovery,<25
Female,Healthcare / Shift Worker,Intermediate,89,Instagram / Reddit,61,0,40,0,57.3,3.79,18.4,20.9,5,9.1,Severe Sleep Debt,<25
Female,Corporate 9-to-5,Intermediate,113,Instagram / Reddit,56,0,0,48,59.1,4.22,23.1,22.7,4,7.5,Moderate Debt,35-44
Female,Healthcare / Shift Worker,Morning Lark,40,TikTok / Reels,69,1,54,101,44.3,6.04,25.4,18.7,3,4.1,Moderate Debt,35-44
Male,Corporate 9-to-5,Morning Lark,54,YouTube,51,0,153,46,39.8,7.94,17.5,18.4,1,1.1,Optimal Recovery,45-54
Female,Corporate 9-to-5,Intermediate,9,TikTok / Reels,60,1,115,21,21.2,7.33,24.4,15.8,0,1.0,Mild Deficit,35-44
Male,Remote Tech,Night Owl,130,Messaging / Chat,38,0,0,43,55.4,3.98,24.2,20.5,5,8.7,Severe Sleep Debt,35-44
Female,Corporate 9-to-5,Night Owl,80,TikTok / Reels,43,0,0,47,60.3,5.94,26.5,22.2,5,5.1,Moderate Debt,25-34
Female,Remote Tech,Morning Lark,71,TikTok / Reels,37,1,61,40,44.5,7.0,21.0,20.2,2,1.5,Mild Deficit,<25
Non-Binary,Healthcare / Shift Worker,Morning Lark,9,TikTok / Reels,63,0,0,29,13.3,9.05,19.1,16.6,0,1.0,Optimal Recovery,<25
Male,Corporate 9-to-5,Morning Lark,75,YouTube,42,1,146,44,40.1,8.24,16.9,14.0,2,2.1,Optimal Recovery,25-34
Male,Student,Intermediate,62,Streaming (Netflix/Hulu),71,1,0,36,32.8,7.48,21.3,20.9,2,1.1,Mild Deficit,35-44
Male,Corporate 9-to-5,Intermediate,50,Streaming (Netflix/Hulu),38,1,0,77,21.0,8.08,24.6,22.3,1,1.0,Optimal Recovery,25-34
Male,Corporate 9-to-5,Intermediate,66,TikTok / Reels,36,1,0,27,36.5,6.21,22.8,16.3,3,3.5,Moderate Debt,35-44
Male,Remote Tech,Night Owl,56,Streaming (Netflix/Hulu),60,0,63,35,37.2,4.71,20.1,21.5,5,6.6,Moderate Debt,25-34
Male,Healthcare / Shift Worker,Intermediate,77,TikTok / Reels,58,0,0,15,53.7,4.47,18.3,19.6,4,9.0,Severe Sleep Debt,<25
Female,Remote Tech,Night Owl,65,YouTube,72,1,0,36,32.0,4.57,25.8,24.0,4,5.0,Moderate Debt,<25
Male,Student,Morning Lark,48,TikTok / Reels,31,1,0,51,36.2,7.53,27.1,18.0,1,1.0,Mild Deficit,45-54
Male,Freelance / Creative,Morning Lark,74,Streaming (Netflix/Hulu),24,0,20,31,35.5,7.08,22.1,20.2,2,1.6,Mild Deficit,35-44
Female,Healthcare / Shift Worker,Intermediate,33,YouTube,79,1,0,57,32.5,5.38,24.3,23.0,4,4.8,Moderate Debt,45-54
Male,Corporate 9-to-5,Morning Lark,65,Instagram / Reddit,28,0,72,56,51.5,6.1,25.7,17.5,5,4.9,Moderate Debt,<25
Non-Binary,Student,Night Owl,69,Instagram / Reddit,72,0,0,49,40.8,5.51,26.6,21.1,3,3.1,Moderate Debt,55+
Female,Remote Tech,Intermediate,70,TikTok / Reels,10,1,0,61,46.9,6.15,24.9,16.1,2,1.5,Moderate Debt,<25
Female,Student,Intermediate,68,Instagram / Reddit,66,1,0,39,46.2,7.24,19.4,22.7,2,2.5,Mild Deficit,<25
Female,Remote Tech,Intermediate,93,Instagram / Reddit,55,0,183,23,66.2,5.0,17.8,18.9,6,8.4,Moderate Debt,55+
Male,Corporate 9-to-5,Morning Lark,75,YouTube,63,1,23,45,61.0,7.16,17.1,20.1,3,3.3,Mild Deficit,25-34
Male,Remote Tech,Morning Lark,89,YouTube,70,1,0,5,40.0,6.19,22.2,21.3,3,4.1,Moderate Debt,35-44
Female,Remote Tech,Intermediate,38,Instagram / Reddit,74,0,25,20,33.0,7.82,22.6,18.0,1,1.3,Optimal Recovery,<25
Male,Remote Tech,Intermediate,45,YouTube,64,0,0,42,28.9,6.52,23.8,21.6,2,1.9,Moderate Debt,35-44
Female,Healthcare / Shift Worker,Night Owl,117,Instagram / Reddit,72,0,20,1,64.7,3.2,14.0,19.2,7,10.0,Severe Sleep Debt,45-54
Male,Healthcare / Shift Worker,Intermediate,24,TikTok / Reels,77,0,84,31,38.6,6.26,26.5,17.9,2,2.2,Moderate Debt,25-34
Female,Remote Tech,Intermediate,86,Streaming (Netflix/Hulu),80,1,0,97,50.7,5.93,22.2,23.9,4,5.1,Moderate Debt,35-44
Female,Remote Tech,Morning Lark,108,TikTok / Reels,65,0,93,53,75.6,6.65,22.1,17.1,4,5.4,Moderate Debt,<25
Male,Remote Tech,Night Owl,51,Messaging / Chat,36,1,0,31,42.2,4.22,20.5,23.5,5,6.3,Moderate Debt,35-44
Female,Remote Tech,Morning Lark,27,Streaming (Netflix/Hulu),50,0,0,19,11.1,8.77,22.4,21.7,0,1.0,Optimal Recovery,25-34
Female,Freelance / Creative,Night Owl,55,News / Reading,53,1,0,45,45.1,5.71,21.3,24.0,3,4.3,Moderate Debt,<25
Female,Student,Intermediate,14,Messaging / Chat,41,1,53,18,19.2,7.94,23.0,17.3,2,1.0,Optimal Recovery,25-34
Female,Corporate 9-to-5,Morning Lark,41,News / Reading,32,0,0,70,18.3,7.95,27.3,22.2,1,1.0,Optimal Recovery,<25
Female,Remote Tech,Intermediate,47,Messaging / Chat,74,0,0,11,38.1,7.17,21.8,20.5,2,1.6,Mild Deficit,45-54
Non-Binary,Student,Night Owl,72,TikTok / Reels,61,1,250,26,67.7,4.49,15.3,11.1,4,9.5,Severe Sleep Debt,25-34
Male,Student,Intermediate,38,YouTube,42,1,97,30,36.4,7.31,24.8,19.8,3,1.3,Mild Deficit,25-34
Male,Remote Tech,Intermediate,46,TikTok / Reels,56,1,20,58,31.7,8.15,18.9,21.7,0,1.0,Optimal Recovery,25-34
Male,Corporate 9-to-5,Morning Lark,111,YouTube,61,0,138,44,75.3,5.48,20.1,14.6,3,6.6,Moderate Debt,25-34
Female,Corporate 9-to-5,Intermediate,29,Instagram / Reddit,32,0,50,7,39.2,5.69,17.0,17.4,2,3.7,Moderate Debt,35-44
Female,Corporate 9-to-5,Morning Lark,113,News / Reading,39,0,0,0,42.1,7.29,22.6,18.2,1,3.2,Mild Deficit,55+
Female,Remote Tech,Night Owl,67,News / Reading,49,0,0,47,48.7,5.18,25.2,16.6,4,5.9,Moderate Debt,25-34
Male,Corporate 9-to-5,Night Owl,92,YouTube,52,0,0,0,59.2,4.5,18.6,19.7,5,7.6,Moderate Debt,45-54
Male,Healthcare / Shift Worker,Night Owl,26,Streaming (Netflix/Hulu),23,0,0,30,32.0,5.37,22.9,21.4,4,4.9,Moderate Debt,35-44
Female,Corporate 9-to-5,Morning Lark,51,YouTube,70,0,0,29,36.1,8.68,20.0,20.1,1,1.0,Optimal Recovery,<25
Female,Freelance / Creative,Intermediate,51,Instagram / Reddit,56,1,0,27,27.8,5.17,21.1,17.5,2,3.8,Moderate Debt,35-44
Female,Corporate 9-to-5,Morning Lark,49,Instagram / Reddit,50,0,0,43,32.6,7.42,23.8,17.3,3,1.8,Mild Deficit,25-34
Male,Corporate 9-to-5,Intermediate,59,News / Reading,41,0,0,77,23.6,4.8,27.6,19.5,4,4.7,Moderate Debt,35-44
Male,Remote Tech,Night Owl,36,Messaging / Chat,35,0,0,31,32.5,5.37,24.7,19.9,2,2.8,Moderate Debt,45-54
Female,Corporate 9-to-5,Intermediate,35,TikTok / Reels,55,0,0,30,31.5,6.91,24.9,17.5,1,1.0,Mild Deficit,25-34
Male,Freelance / Creative,Night Owl,38,YouTube,58,1,0,6,29.8,5.39,25.5,20.0,3,3.7,Moderate Debt,45-54
Female,Corporate 9-to-5,Night Owl,94,Streaming (Netflix/Hulu),94,0,38,37,58.3,3.59,20.1,25.6,5,9.5,Severe Sleep Debt,35-44
Male,Remote Tech,Intermediate,22,Streaming (Netflix/Hulu),96,1,141,24,33.2,6.92,22.2,19.2,2,1.6,Mild Deficit,25-34
Male,Freelance / Creative,Intermediate,37,Streaming (Netflix/Hulu),44,0,0,41,48.0,6.56,21.8,21.8,3,2.2,Moderate Debt,35-44
Male,Remote Tech,Morning Lark,82,News / Reading,36,1,0,43,27.1,6.72,24.2,21.7,1,1.0,Moderate Debt,25-34
Female,Corporate 9-to-5,Intermediate,121,YouTube,30,0,0,40,57.3,5.4,22.4,22.6,4,5.1,Moderate Debt,55+
Female,Corporate 9-to-5,Morning Lark,119,Instagram / Reddit,57,0,0,1,74.0,6.9,17.7,18.1,3,5.6,Mild Deficit,35-44
Female,Remote Tech,Night Owl,89,News / Reading,30,1,0,32,26.0,3.63,21.7,19.8,5,6.6,Moderate Debt,<25
Female,Corporate 9-to-5,Intermediate,107,Instagram / Reddit,27,0,20,30,49.2,5.93,24.6,20.9,3,3.5,Moderate Debt,25-34
Male,Remote Tech,Intermediate,44,Streaming (Netflix/Hulu),40,1,66,20,35.2,7.2,23.8,19.0,3,1.9,Mild Deficit,35-44
Male,Healthcare / Shift Worker,Night Owl,37,TikTok / Reels,43,0,45,31,45.1,3.77,26.0,17.7,5,7.7,Moderate Debt,<25
Female,Healthcare / Shift Worker,Night Owl,7,TikTok / Reels,40,0,96,42,24.6,5.11,20.4,19.5,3,4.9,Moderate Debt,<25
Female,Corporate 9-to-5,Night Owl,38,YouTube,23,0,241,29,42.3,6.31,16.3,18.7,3,5.1,Moderate Debt,25-34
Female,Corporate 9-to-5,Intermediate,42,YouTube,53,0,90,50,33.0,7.86,19.8,16.5,2,1.9,Optimal Recovery,25-34
Male,Corporate 9-to-5,Intermediate,11,Instagram / Reddit,53,0,0,34,34.4,7.84,25.9,15.7,0,1.0,Optimal Recovery,25-34
Male,Remote Tech,Intermediate,26,Messaging / Chat,82,1,0,45,16.9,7.91,24.9,18.2,0,1.0,Optimal Recovery,25-34
Female,Remote Tech,Intermediate,150,TikTok / Reels,30,1,211,15,113.4,3.67,17.5,13.2,7,10.0,Severe Sleep Debt,<25
Female,Healthcare / Shift Worker,Morning Lark,50,YouTube,66,0,0,51,29.8,5.98,16.0,19.6,2,4.4,Moderate Debt,35-44
Male,Student,Intermediate,26,TikTok / Reels,91,1,67,51,33.9,7.91,17.3,14.6,0,1.2,Optimal Recovery,25-34
Male,Corporate 9-to-5,Night Owl,46,Instagram / Reddit,26,0,85,21,37.7,5.45,21.0,19.2,3,4.6,Moderate Debt,<25
Female,Student,Intermediate,62,News / Reading,33,0,0,46,25.8,7.78,26.5,22.7,1,1.0,Optimal Recovery,25-34
Male,Corporate 9-to-5,Intermediate,52,Messaging / Chat,30,0,0,56,33.2,7.07,26.4,18.2,2,1.0,Mild Deficit,35-44
Non-Binary,Corporate 9-to-5,Morning Lark,32,Instagram / Reddit,64,1,40,32,29.6,7.25,21.1,18.9,2,2.0,Mild Deficit,<25
Male,Corporate 9-to-5,Morning Lark,84,TikTok / Reels,63,1,0,0,47.9,6.68,22.6,21.8,2,2.9,Moderate Debt,<25
Male,Corporate 9-to-5,Morning Lark,180,TikTok / Reels,74,0,97,59,109.4,4.36,19.8,16.3,5,10.0,Severe Sleep Debt,<25
Female,Student,Intermediate,101,Messaging / Chat,57,1,0,36,54.4,5.14,22.5,23.6,4,5.8,Moderate Debt,45-54
Male,Remote Tech,Night Owl,46,Streaming (Netflix/Hulu),91,1,0,32,35.4,6.43,24.2,22.4,2,1.4,Moderate Debt,35-44
Female,Corporate 9-to-5,Intermediate,49,YouTube,66,1,0,32,33.4,6.3,24.1,19.8,4,3.3,Moderate Debt,35-44
Female,Freelance / Creative,Intermediate,74,Instagram / Reddit,80,0,70,39,50.9,6.35,25.6,19.6,3,5.5,Moderate Debt,35-44
Female,Remote Tech,Intermediate,59,TikTok / Reels,58,0,0,19,53.2,6.34,20.9,15.5,4,3.6,Moderate Debt,35-44
Female,Corporate 9-to-5,Intermediate,99,Instagram / Reddit,47,0,106,94,66.8,4.75,20.1,15.5,4,8.1,Moderate Debt,25-34
Female,Corporate 9-to-5,Night Owl,109,News / Reading,51,0,0,34,40.7,5.44,15.7,20.0,4,5.6,Moderate Debt,35-44
Male,Remote Tech,Intermediate,15,TikTok / Reels,82,0,0,69,27.5,7.58,20.3,19.8,2,1.0,Mild Deficit,<25
Male,Freelance / Creative,Intermediate,71,Streaming (Netflix/Hulu),71,0,0,42,38.7,6.51,21.1,22.1,2,4.5,Moderate Debt,35-44
Male,Remote Tech,Intermediate,7,YouTube,70,0,0,33,20.7,7.31,22.1,19.5,0,1.0,Mild Deficit,35-44
Female,Freelance / Creative,Night Owl,134,News / Reading,75,0,97,23,61.7,3.7,20.4,20.8,6,10.0,Severe Sleep Debt,25-34
Female,Remote Tech,Intermediate,43,TikTok / Reels,60,1,0,37,34.6,7.72,21.4,16.9,2,1.0,Mild Deficit,25-34
Male,Remote Tech,Morning Lark,16,Instagram / Reddit,100,1,0,37,18.2,9.62,23.2,22.5,0,1.0,Optimal Recovery,25-34
Female,Remote Tech,Morning Lark,63,YouTube,51,1,0,0,42.6,7.51,15.1,19.6,3,1.8,Mild Deficit,35-44
Non-Binary,Student,Night Owl,118,Messaging / Chat,57,1,0,13,52.8,5.46,11.7,20.3,4,5.9,Moderate Debt,35-44
Female,Remote Tech,Night Owl,116,TikTok / Reels,46,0,28,34,60.1,3.45,21.8,19.5,5,10.0,Severe Sleep Debt,45-54
Male,Healthcare / Shift Worker,Morning Lark,70,YouTube,65,0,0,35,39.2,5.45,27.9,18.3,3,5.2,Moderate Debt,25-34
Female,Corporate 9-to-5,Night Owl,37,YouTube,20,0,0,0,18.8,6.15,23.3,19.6,3,1.2,Moderate Debt,35-44
Male,Remote Tech,Intermediate,45,Messaging / Chat,10,1,0,33,27.4,7.19,25.1,17.5,1,1.0,Mild Deficit,25-34
Male,Remote Tech,Intermediate,24,YouTube,42,1,66,59,22.1,6.73,21.9,20.8,1,1.0,Moderate Debt,45-54
Male,Student,Morning Lark,57,YouTube,67,0,0,40,36.2,8.9,21.7,17.5,1,1.0,Optimal Recovery,25-34
Non-Binary,Corporate 9-to-5,Night Owl,59,Streaming (Netflix/Hulu),76,1,0,43,25.0,5.55,20.2,22.5,3,4.3,Moderate Debt,25-34
Female,Remote Tech,Morning Lark,19,Messaging / Chat,30,0,161,63,25.5,7.99,18.0,18.4,1,1.0,Optimal Recovery,35-44
Male,Remote Tech,Night Owl,95,Instagram / Reddit,22,1,0,68,42.2,5.05,23.6,20.6,3,4.9,Moderate Debt,35-44
Female,Student,Morning Lark,4,YouTube,41,1,34,26,26.4,7.75,24.3,19.7,1,1.0,Optimal Recovery,55+
Male,Student,Night Owl,75,Instagram / Reddit,40,1,20,72,46.7,6.11,24.7,18.9,4,3.6,Moderate Debt,<25
Female,Student,Morning Lark,90,Instagram / Reddit,59,1,0,4,58.8,7.08,19.5,17.4,2,3.4,Mild Deficit,<25
Male,Corporate 9-to-5,Morning Lark,100,Streaming (Netflix/Hulu),58,1,99,26,66.1,5.42,18.3,18.2,3,5.8,Moderate Debt,55+
Male,Freelance / Creative,Intermediate,55,YouTube,84,0,0,75,34.1,7.22,20.9,21.9,2,1.0,Mild Deficit,25-34
Female,Healthcare / Shift Worker,Morning Lark,59,News / Reading,47,0,0,47,16.3,6.06,21.8,21.9,3,3.3,Moderate Debt,35-44
Female,Corporate 9-to-5,Intermediate,93,YouTube,28,0,0,16,56.7,6.0,19.5,18.1,3,4.8,Moderate Debt,25-34
Female,Corporate 9-to-5,Intermediate,62,TikTok / Reels,61,0,57,18,51.1,6.07,19.5,15.9,4,5.8,Moderate Debt,<25
Male,Corporate 9-to-5,Night Owl,32,YouTube,36,1,20,42,30.6,5.42,25.0,17.4,1,3.8,Moderate Debt,35-44
Female,Remote Tech,Intermediate,62,News / Reading,36,0,0,27,24.8,5.93,25.6,23.4,3,2.5,Moderate Debt,35-44
Male,Healthcare / Shift Worker,Intermediate,141,Streaming (Netflix/Hulu),89,0,0,65,66.2,3.43,21.9,20.6,7,10.0,Severe Sleep Debt,25-34
Male,Student,Morning Lark,38,Streaming (Netflix/Hulu),74,0,0,0,37.4,8.12,21.1,21.3,2,1.4,Optimal Recovery,25-34
Male,Healthcare / Shift Worker,Intermediate,33,TikTok / Reels,46,1,0,76,27.2,5.74,24.6,19.5,2,2.6,Moderate Debt,45-54
Male,Corporate 9-to-5,Morning Lark,46,Instagram / Reddit,91,0,0,44,42.0,7.43,17.8,16.1,2,2.4,Mild Deficit,<25
Female,Remote Tech,Night Owl,66,YouTube,72,0,0,3,37.7,4.4,23.7,21.5,6,7.4,Moderate Debt,45-54
Male,Corporate 9-to-5,Intermediate,29,Messaging / Chat,63,1,71,49,29.1,7.37,24.4,14.6,2,2.7,Mild Deficit,25-34
Male,Corporate 9-to-5,Night Owl,15,Instagram / Reddit,41,1,0,2,26.5,7.47,22.6,21.2,0,1.0,Mild Deficit,35-44
Non-Binary,Student,Intermediate,62,Instagram / Reddit,14,0,0,6,33.4,7.64,22.2,20.4,1,1.0,Mild Deficit,55+
Male,Corporate 9-to-5,Night Owl,57,YouTube,38,0,0,29,38.8,5.79,22.7,19.5,4,3.2,Moderate Debt,35-44
Male,Student,Morning Lark,15,Instagram / Reddit,45,1,0,67,18.1,8.03,21.6,17.1,0,1.0,Optimal Recovery,25-34
Female,Student,Morning Lark,20,Streaming (Netflix/Hulu),31,0,121,15,42.5,9.08,18.2,16.8,0,1.0,Optimal Recovery,35-44
Male,Healthcare / Shift Worker,Intermediate,54,YouTube,57,0,82,59,48.6,5.24,22.1,18.8,3,4.4,Moderate Debt,25-34
Male,Corporate 9-to-5,Night Owl,39,Instagram / Reddit,14,1,0,78,34.2,5.58,26.0,19.6,3,4.2,Moderate Debt,25-34
Male,Healthcare / Shift Worker,Intermediate,29,Instagram / Reddit,82,0,0,43,33.9,6.98,22.9,21.3,3,2.5,Mild Deficit,55+
Male,Freelance / Creative,Morning Lark,39,Streaming (Netflix/Hulu),46,1,0,54,33.9,8.71,21.5,19.6,0,1.0,Optimal Recovery,35-44
Female,Healthcare / Shift Worker,Intermediate,30,Messaging / Chat,70,1,27,10,24.2,6.12,23.5,16.0,3,3.4,Moderate Debt,35-44
Non-Binary,Student,Night Owl,47,TikTok / Reels,70,1,0,42,29.8,5.41,21.6,18.9,3,4.7,Moderate Debt,25-34
Non-Binary,Student,Morning Lark,84,TikTok / Reels,30,1,0,63,42.4,8.03,23.1,21.2,2,1.0,Optimal Recovery,<25
Female,Remote Tech,Morning Lark,92,Instagram / Reddit,20,0,20,47,48.1,5.87,18.1,25.2,2,3.6,Moderate Debt,<25
Male,Student,Night Owl,31,YouTube,42,1,66,25,30.0,5.71,21.7,22.9,3,4.6,Moderate Debt,25-34
Female,Student,Night Owl,58,YouTube,63,1,38,44,33.3,5.3,24.5,23.1,3,3.8,Moderate Debt,35-44
Male,Student,Night Owl,58,TikTok / Reels,58,1,75,29,62.0,5.4,22.5,14.2,3,6.5,Moderate Debt,25-34
Female,Healthcare / Shift Worker,Night Owl,17,Instagram / Reddit,78,1,104,65,23.4,4.63,27.1,13.8,3,5.4,Moderate Debt,45-54
Male,Remote Tech,Morning Lark,9,TikTok / Reels,63,0,95,14,27.1,8.47,19.4,18.6,1,1.0,Optimal Recovery,<25
Female,Corporate 9-to-5,Intermediate,110,YouTube,64,0,127,34,72.0,4.55,17.0,19.8,5,10.0,Severe Sleep Debt,25-34
Female,Remote Tech,Intermediate,74,Messaging / Chat,39,0,20,74,41.7,5.9,23.2,17.7,2,3.2,Moderate Debt,25-34
Female,Corporate 9-to-5,Night Owl,108,Streaming (Netflix/Hulu),50,0,175,26,61.5,3.98,11.0,18.0,6,10.0,Severe Sleep Debt,25-34
Female,Remote Tech,Night Owl,91,Instagram / Reddit,50,1,0,58,50.8,4.99,23.8,18.3,5,6.4,Moderate Debt,<25
Male,Corporate 9-to-5,Night Owl,74,TikTok / Reels,67,1,0,40,50.9,5.58,22.4,22.3,3,4.7,Moderate Debt,55+
Female,Remote Tech,Intermediate,92,TikTok / Reels,70,1,0,60,50.5,5.25,27.3,18.3,4,6.3,Moderate Debt,25-34
Male,Healthcare / Shift Worker,Morning Lark,47,TikTok / Reels,50,0,38,34,45.3,6.52,20.7,16.1,1,3.5,Moderate Debt,45-54
Non-Binary,Remote Tech,Intermediate,78,News / Reading,51,0,29,22,32.1,5.59,21.6,20.9,3,3.3,Moderate Debt,25-34
Male,Corporate 9-to-5,Intermediate,90,Streaming (Netflix/Hulu),62,0,68,22,49.8,6.34,22.6,20.7,3,4.1,Moderate Debt,55+
Male,Remote Tech,Morning Lark,76,TikTok / Reels,94,1,107,52,59.0,7.75,17.0,18.4,2,2.3,Optimal Recovery,25-34
Female,Corporate 9-to-5,Night Owl,28,Instagram / Reddit,20,0,0,26,29.1,7.47,28.0,18.8,2,1.0,Mild Deficit,55+
Female,Remote Tech,Morning Lark,23,TikTok / Reels,37,1,52,74,29.9,8.54,24.4,15.7,0,1.0,Optimal Recovery,<25
Male,Remote Tech,Morning Lark,72,Instagram / Reddit,37,1,59,50,42.9,8.96,24.5,19.7,1,1.0,Optimal Recovery,35-44
Female,Freelance / Creative,Intermediate,30,TikTok / Reels,29,1,0,28,34.8,7.42,27.6,19.7,1,1.5,Mild Deficit,45-54
Male,Corporate 9-to-5,Night Owl,31,TikTok / Reels,39,0,0,71,24.7,5.88,27.3,18.8,2,2.0,Moderate Debt,<25
Female,Student,Intermediate,39,TikTok / Reels,63,0,64,32,49.3,6.87,24.5,17.9,2,2.7,Mild Deficit,<25
Male,Healthcare / Shift Worker,Night Owl,43,YouTube,74,0,0,0,39.8,3.2,23.6,19.3,5,7.6,Moderate Debt,25-34
Female,Freelance / Creative,Intermediate,40,Streaming (Netflix/Hulu),60,1,0,27,34.3,6.17,24.5,22.3,2,1.8,Moderate Debt,55+
Male,Corporate 9-to-5,Morning Lark,38,Instagram / Reddit,59,1,41,6,38.4,8.24,20.8,15.1,0,1.0,Optimal Recovery,25-34
Female,Remote Tech,Morning Lark,47,YouTube,37,1,138,43,42.6,6.65,18.7,18.9,2,4.2,Moderate Debt,25-34
Female,Corporate 9-to-5,Night Owl,20,YouTube,10,0,0,18,13.9,6.52,23.7,19.2,2,1.6,Moderate Debt,<25
Male,Remote Tech,Intermediate,15,TikTok / Reels,62,0,49,54,31.0,7.66,24.1,19.9,1,1.9,Mild Deficit,<25
Female,Corporate 9-to-5,Night Owl,126,Streaming (Netflix/Hulu),82,0,0,28,58.9,3.29,16.6,23.4,6,10.0,Severe Sleep Debt,45-54
Male,Healthcare / Shift Worker,Intermediate,26,TikTok / Reels,74,1,0,96,26.5,5.55,23.0,21.3,3,3.1,Moderate Debt,<25
Male,Corporate 9-to-5,Intermediate,3,YouTube,53,0,39,43,14.1,6.15,21.1,18.7,3,1.0,Moderate Debt,35-44
Female,Remote Tech,Intermediate,34,YouTube,57,1,98,46,26.4,8.37,27.7,22.1,2,1.0,Optimal Recovery,45-54
Male,Remote Tech,Morning Lark,10,YouTube,83,1,0,48,9.3,7.4,22.8,18.7,0,1.0,Mild Deficit,<25
Female,Freelance / Creative,Intermediate,16,News / Reading,41,1,0,41,12.6,7.62,21.2,21.5,1,1.0,Mild Deficit,35-44
Male,Student,Intermediate,49,TikTok / Reels,46,0,0,63,33.5,7.01,23.6,19.1,2,1.0,Mild Deficit,<25
Female,Corporate 9-to-5,Night Owl,18,YouTube,19,0,0,43,20.8,6.27,22.0,17.8,2,3.1,Moderate Debt,35-44
Male,Corporate 9-to-5,Morning Lark,109,TikTok / Reels,64,0,47,43,67.8,7.08,17.0,18.2,3,3.9,Mild Deficit,<25
Female,Corporate 9-to-5,Intermediate,79,YouTube,45,1,0,44,48.0,6.71,26.6,20.8,3,2.6,Moderate Debt,35-44
Female,Student,Morning Lark,6,TikTok / Reels,49,1,90,61,28.2,9.06,23.3,16.8,1,1.0,Optimal Recovery,25-34
Male,Student,Intermediate,92,TikTok / Reels,69,1,27,24,65.1,6.2,16.9,16.0,3,6.3,Moderate Debt,25-34
Female,Student,Intermediate,52,Messaging / Chat,40,0,0,0,32.8,6.48,17.6,19.2,2,1.8,Moderate Debt,35-44
Female,Corporate 9-to-5,Night Owl,21,TikTok / Reels,65,1,0,42,35.6,5.98,21.4,23.6,3,3.3,Moderate Debt,<25
Male,Student,Intermediate,38,Streaming (Netflix/Hulu),66,1,0,49,25.7,7.11,25.0,18.5,2,1.0,Mild Deficit,35-44
Male,Student,Night Owl,59,TikTok / Reels,48,0,129,13,41.5,4.58,18.2,14.6,3,7.3,Moderate Debt,25-34
Female,Freelance / Creative,Intermediate,99,TikTok / Reels,72,1,0,11,63.0,5.8,23.9,16.6,5,6.5,Moderate Debt,35-44
Female,Remote Tech,Morning Lark,22,Instagram / Reddit,53,1,0,15,18.0,8.69,20.2,18.5,1,1.0,Optimal Recovery,<25
Female,Corporate 9-to-5,Intermediate,50,Streaming (Netflix/Hulu),69,0,0,2,29.6,6.87,18.9,20.8,1,1.9,Mild Deficit,35-44
Female,Remote Tech,Intermediate,89,TikTok / Reels,43,0,0,48,59.1,6.12,24.7,17.2,4,4.7,Moderate Debt,<25
Female,Corporate 9-to-5,Intermediate,61,TikTok / Reels,67,0,20,61,44.6,5.66,20.9,16.7,4,6.1,Moderate Debt,25-34
Female,Student,Intermediate,126,TikTok / Reels,48,0,0,12,87.1,4.67,18.7,18.2,5,8.8,Severe Sleep Debt,25-34
Non-Binary,Student,Night Owl,36,YouTube,62,1,0,46,15.8,7.51,20.9,26.2,1,1.0,Mild Deficit,35-44
Male,Corporate 9-to-5,Night Owl,37,Messaging / Chat,62,0,20,40,42.5,6.52,20.0,21.2,2,3.0,Moderate Debt,25-34
Female,Corporate 9-to-5,Intermediate,8,Instagram / Reddit,47,0,0,22,20.8,6.74,26.6,16.8,0,1.0,Moderate Debt,45-54
Female,Corporate 9-to-5,Night Owl,47,News / Reading,46,0,139,59,31.1,5.0,20.8,18.4,3,5.9,Moderate Debt,45-54
Male,Freelance / Creative,Intermediate,70,TikTok / Reels,51,0,0,88,42.5,6.81,23.1,18.0,2,2.5,Mild Deficit,<25
Female,Corporate 9-to-5,Morning Lark,96,Instagram / Reddit,56,0,0,7,54.8,7.65,13.4,20.8,2,2.8,Mild Deficit,35-44
Male,Corporate 9-to-5,Night Owl,51,TikTok / Reels,66,1,0,39,29.3,4.58,24.1,20.0,3,4.7,Moderate Debt,<25
Male,Corporate 9-to-5,Morning Lark,100,Streaming (Netflix/Hulu),60,0,0,34,54.0,6.8,22.2,22.8,3,3.7,Mild Deficit,25-34
Male,Remote Tech,Night Owl,73,TikTok / Reels,10,1,129,37,54.7,4.4,19.9,12.5,6,7.0,Moderate Debt,35-44
Female,Student,Intermediate,147,Streaming (Netflix/Hulu),72,1,37,29,68.2,4.19,22.0,19.0,6,8.6,Severe Sleep Debt,35-44
Male,Healthcare / Shift Worker,Intermediate,62,YouTube,63,0,43,49,41.5,4.45,18.0,20.4,4,7.7,Moderate Debt,35-44
Male,Corporate 9-to-5,Intermediate,78,YouTube,79,0,0,39,39.5,6.0,23.5,20.4,2,2.4,Moderate Debt,25-34
Male,Student,Night Owl,71,YouTube,72,1,0,5,34.9,5.74,18.7,21.3,3,3.3,Moderate Debt,25-34
Male,Remote Tech,Morning Lark,96,Instagram / Reddit,47,1,0,34,63.5,5.44,23.1,21.4,3,3.9,Moderate Debt,<25
Female,Freelance / Creative,Morning Lark,64,YouTube,32,0,0,42,41.8,8.3,22.7,22.1,0,1.0,Optimal Recovery,35-44
Female,Corporate 9-to-5,Intermediate,2,Instagram / Reddit,91,1,41,63,8.3,8.07,25.1,16.6,2,1.0,Optimal Recovery,25-34
Male,Corporate 9-to-5,Morning Lark,41,Instagram / Reddit,81,1,0,26,31.0,7.74,22.6,20.6,1,1.0,Mild Deficit,35-44
Male,Remote Tech,Intermediate,20,TikTok / Reels,70,1,173,39,46.0,7.36,19.6,21.1,1,1.7,Mild Deficit,25-34
Male,Corporate 9-to-5,Night Owl,35,YouTube,39,0,56,16,26.8,5.85,22.4,20.2,3,3.5,Moderate Debt,25-34
Male,Corporate 9-to-5,Night Owl,39,Messaging / Chat,29,0,82,66,31.9,5.88,26.4,21.0,4,4.6,Moderate Debt,25-34
Female,Student,Night Owl,103,Messaging / Chat,46,1,0,38,38.7,3.87,24.7,19.5,4,6.6,Moderate Debt,<25
Female,Student,Night Owl,85,TikTok / Reels,72,0,0,72,60.9,3.94,23.8,23.1,5,8.6,Severe Sleep Debt,25-34
Male,Remote Tech,Night Owl,178,Messaging / Chat,10,0,0,31,65.9,3.2,22.8,20.9,7,10.0,Severe Sleep Debt,45-54
Female,Student,Night Owl,50,Messaging / Chat,40,1,0,32,30.3,5.61,16.1,19.5,2,4.5,Moderate Debt,45-54
Male,Remote Tech,Morning Lark,24,YouTube,100,1,67,40,33.3,7.61,20.4,17.9,1,1.2,Mild Deficit,25-34
Female,Student,Intermediate,27,Streaming (Netflix/Hulu),48,1,53,48,19.2,7.73,23.2,17.5,2,1.0,Mild Deficit,25-34
Male,Remote Tech,Night Owl,92,Streaming (Netflix/Hulu),56,0,0,70,49.0,5.31,23.1,20.3,3,5.3,Moderate Debt,<25
Male,Student,Intermediate,33,Instagram / Reddit,54,1,43,68,24.8,6.07,23.1,17.7,2,1.7,Moderate Debt,45-54
Female,Corporate 9-to-5,Night Owl,14,TikTok / Reels,89,0,0,18,15.5,6.75,16.6,16.6,2,1.0,Mild Deficit,<25
Female,Corporate 9-to-5,Morning Lark,71,Streaming (Netflix/Hulu),49,0,76,29,37.5,6.68,24.8,18.5,1,2.5,Moderate Debt,55+
Male,Remote Tech,Night Owl,89,TikTok / Reels,19,0,95,0,66.2,4.76,20.7,17.0,5,7.9,Moderate Debt,25-34
Non-Binary,Remote Tech,Intermediate,13,TikTok / Reels,76,1,45,11,18.3,7.55,16.9,16.2,2,1.4,Mild Deficit,25-34
Male,Student,Morning Lark,36,Messaging / Chat,34,1,218,35,37.4,7.81,14.6,14.9,2,2.1,Optimal Recovery,55+
Female,Remote Tech,Morning Lark,33,TikTok / Reels,25,1,30,77,37.2,7.98,24.3,18.5,1,1.0,Optimal Recovery,<25
Female,Corporate 9-to-5,Intermediate,53,Messaging / Chat,86,0,24,2,30.8,5.62,20.5,19.5,3,3.7,Moderate Debt,35-44
Female,Corporate 9-to-5,Night Owl,33,YouTube,70,1,0,62,33.0,5.58,27.2,24.2,2,2.0,Moderate Debt,25-34
Female,Corporate 9-to-5,Intermediate,48,YouTube,48,0,61,31,55.4,7.11,21.4,20.2,2,3.3,Mild Deficit,25-34
Male,Student,Night Owl,60,Instagram / Reddit,78,0,0,51,41.2,5.11,26.3,19.8,4,4.6,Moderate Debt,25-34
Male,Remote Tech,Intermediate,13,Streaming (Netflix/Hulu),75,0,0,31,16.7,8.92,21.9,20.0,1,1.0,Optimal Recovery,35-44
Female,Student,Night Owl,44,Messaging / Chat,41,1,142,46,38.7,5.36,21.9,16.9,3,5.9,Moderate Debt,35-44
Female,Remote Tech,Intermediate,38,Streaming (Netflix/Hulu),59,0,93,18,30.4,7.42,15.3,19.4,1,1.0,Mild Deficit,<25
Female,Healthcare / Shift Worker,Morning Lark,44,Instagram / Reddit,53,0,0,0,31.8,6.52,23.0,20.8,2,2.1,Moderate Debt,55+
Male,Freelance / Creative,Morning Lark,44,TikTok / Reels,42,0,59,46,41.1,8.74,24.8,15.8,2,1.0,Optimal Recovery,<25
Female,Student,Night Owl,11,YouTube,56,1,0,61,23.3,5.73,24.6,18.9,3,3.4,Moderate Debt,25-34
Male,Healthcare / Shift Worker,Intermediate,140,TikTok / Reels,70,0,0,43,87.9,3.2,19.7,18.1,7,10.0,Severe Sleep Debt,25-34
Female,Remote Tech,Morning Lark,55,TikTok / Reels,36,0,0,67,46.5,7.51,22.0,19.0,2,2.1,Mild Deficit,<25
Male,Freelance / Creative,Morning Lark,94,TikTok / Reels,71,0,0,12,61.8,6.05,20.5,17.5,5,6.0,Moderate Debt,<25
Female,Healthcare / Shift Worker,Intermediate,27,YouTube,18,0,140,52,33.0,5.49,25.2,17.5,4,4.1,Moderate Debt,55+
Female,Freelance / Creative,Night Owl,109,TikTok / Reels,59,1,0,29,70.3,3.81,18.4,18.4,6,9.6,Severe Sleep Debt,25-34
Male,Student,Intermediate,54,TikTok / Reels,40,1,147,80,43.9,6.51,19.5,17.2,3,4.5,Moderate Debt,<25
Male,Student,Intermediate,76,YouTube,87,1,96,4,42.0,5.49,19.4,18.6,4,5.5,Moderate Debt,<25
Female,Remote Tech,Night Owl,16,TikTok / Reels,23,1,41,40,18.0,6.03,19.7,19.1,2,2.2,Moderate Debt,35-44
Female,Corporate 9-to-5,Intermediate,39,YouTube,50,1,103,23,33.2,7.89,21.8,20.2,1,1.0,Optimal Recovery,45-54
Female,Remote Tech,Night Owl,57,YouTube,38,0,0,13,34.2,5.35,19.6,20.4,3,4.7,Moderate Debt,25-34
Female,Healthcare / Shift Worker,Intermediate,141,TikTok / Reels,44,1,0,63,77.2,4.1,21.2,17.2,6,8.4,Moderate Debt,<25
Male,Corporate 9-to-5,Night Owl,70,TikTok / Reels,32,1,27,0,44.4,4.51,24.6,18.7,4,6.2,Moderate Debt,25-34
Male,Remote Tech,Morning Lark,22,YouTube,58,1,49,22,32.6,7.31,23.1,17.6,2,1.0,Mild Deficit,<25
Female,Remote Tech,Night Owl,24,YouTube,60,1,70,30,33.2,4.05,23.6,17.7,5,7.2,Moderate Debt,<25
Female,Remote Tech,Intermediate,14,News / Reading,20,0,0,25,10.1,8.11,27.1,24.8,0,1.0,Optimal Recovery,25-34
Female,Healthcare / Shift Worker,Morning Lark,29,TikTok / Reels,67,1,0,44,37.8,6.35,22.3,15.5,2,2.7,Moderate Debt,25-34
Female,Healthcare / Shift Worker,Intermediate,110,Streaming (Netflix/Hulu),23,0,0,31,52.8,3.9,20.0,22.7,6,9.0,Severe Sleep Debt,25-34
Female,Remote Tech,Intermediate,67,TikTok / Reels,56,1,0,24,36.7,7.72,24.6,16.3,1,1.0,Mild Deficit,25-34
Male,Corporate 9-to-5,Morning Lark,76,TikTok / Reels,90,0,153,56,77.2,8.18,20.2,16.1,4,3.6,Optimal Recovery,55+
Female,Remote Tech,Intermediate,110,YouTube,38,0,27,33,60.7,5.41,18.7,21.4,3,7.3,Moderate Debt,45-54
Male,Remote Tech,Night Owl,77,Instagram / Reddit,49,0,0,46,33.9,4.1,20.8,14.9,5,6.8,Moderate Debt,35-44
Male,Remote Tech,Intermediate,18,TikTok / Reels,39,0,0,2,13.4,7.9,20.3,17.2,2,1.0,Optimal Recovery,25-34
Male,Corporate 9-to-5,Intermediate,88,Instagram / Reddit,42,0,0,22,49.1,4.75,27.2,18.1,4,6.0,Moderate Debt,25-34
Male,Remote Tech,Morning Lark,159,Streaming (Netflix/Hulu),61,0,0,27,66.9,4.83,19.7,19.1,5,8.3,Moderate Debt,25-34
Male,Corporate 9-to-5,Morning Lark,18,TikTok / Reels,87,0,0,64,20.0,8.96,22.0,18.4,1,1.0,Optimal Recovery,35-44
Male,Student,Intermediate,61,TikTok / Reels,54,0,0,51,66.1,6.54,18.1,16.0,3,4.9,Moderate Debt,25-34
Female,Corporate 9-to-5,Night Owl,108,Instagram / Reddit,79,1,0,0,63.0,4.48,20.8,20.2,4,7.2,Moderate Debt,45-54
Female,Remote Tech,Night Owl,92,YouTube,40,1,0,47,50.0,3.66,23.0,21.4,5,8.0,Moderate Debt,55+
Female,Corporate 9-to-5,Intermediate,160,Streaming (Netflix/Hulu),77,0,0,78,72.7,4.47,23.2,19.0,4,7.8,Moderate Debt,25-34
Male,Freelance / Creative,Intermediate,111,News / Reading,88,0,82,48,53.0,5.02,19.7,17.9,3,7.3,Moderate Debt,25-34
Male,Remote Tech,Intermediate,32,TikTok / Reels,79,1,0,12,26.6,8.68,16.3,18.5,1,1.0,Optimal Recovery,<25
Female,Corporate 9-to-5,Intermediate,99,Instagram / Reddit,70,1,0,30,56.5,5.08,26.1,19.4,6,7.0,Moderate Debt,<25
Male,Remote Tech,Intermediate,51,Streaming (Netflix/Hulu),68,0,60,46,29.3,6.06,20.6,19.9,3,3.8,Moderate Debt,25-34
Male,Healthcare / Shift Worker,Night Owl,43,Instagram / Reddit,40,1,0,17,32.1,3.2,19.3,21.4,3,7.4,Moderate Debt,<25
Male,Student,Morning Lark,33,YouTube,25,1,0,39,28.5,7.56,25.4,18.1,0,1.0,Mild Deficit,45-54
Male,Student,Night Owl,101,TikTok / Reels,68,1,20,64,57.8,4.22,20.3,15.9,5,9.2,Severe Sleep Debt,<25
Non-Binary,Corporate 9-to-5,Morning Lark,20,Instagram / Reddit,39,0,22,47,22.4,8.23,20.0,21.8,1,1.0,Optimal Recovery,25-34
Female,Student,Intermediate,59,Streaming (Netflix/Hulu),41,1,0,23,33.6,6.53,20.7,17.1,2,2.4,Moderate Debt,35-44
Female,Student,Night Owl,33,News / Reading,25,1,96,68,28.0,5.87,25.4,17.0,3,3.6,Moderate Debt,35-44
Male,Remote Tech,Intermediate,53,Instagram / Reddit,44,1,0,11,31.3,6.87,19.8,20.5,1,1.0,Mild Deficit,25-34
Female,Healthcare / Shift Worker,Morning Lark,46,Instagram / Reddit,77,1,0,42,35.6,5.19,20.5,16.8,3,5.2,Moderate Debt,45-54
Female,Corporate 9-to-5,Morning Lark,55,News / Reading,74,1,0,0,44.3,7.27,25.1,22.1,2,1.6,Mild Deficit,35-44
Male,Corporate 9-to-5,Intermediate,67,YouTube,29,0,0,9,28.7,7.25,25.8,21.3,1,1.0,Mild Deficit,25-34
Male,Healthcare / Shift Worker,Morning Lark,30,TikTok / Reels,36,0,0,19,29.8,7.01,23.6,20.0,1,1.0,Mild Deficit,<25
Male,Student,Intermediate,20,Streaming (Netflix/Hulu),19,0,25,49,17.8,7.84,23.1,20.3,1,1.0,Optimal Recovery,25-34
Female,Corporate 9-to-5,Intermediate,29,YouTube,62,0,102,44,40.5,6.67,18.2,15.4,4,4.1,Moderate Debt,45-54
Male,Remote Tech,Night Owl,59,News / Reading,59,1,0,31,36.9,6.1,23.0,18.3,3,3.3,Moderate Debt,35-44
Female,Healthcare / Shift Worker,Morning Lark,54,Instagram / Reddit,60,0,0,58,44.3,5.86,22.2,24.0,2,3.2,Moderate Debt,45-54
Female,Corporate 9-to-5,Intermediate,30,TikTok / Reels,46,0,70,36,29.8,6.67,20.7,18.6,1,1.9,Moderate Debt,25-34
Male,Corporate 9-to-5,Intermediate,58,TikTok / Reels,68,1,0,55,31.8,6.77,26.6,19.7,4,2.8,Mild Deficit,<25
Female,Corporate 9-to-5,Intermediate,105,Instagram / Reddit,49,0,56,63,58.1,5.08,18.5,17.7,4,7.7,Moderate Debt,<25
Female,Freelance / Creative,Morning Lark,54,TikTok / Reels,74,1,65,19,49.0,6.44,20.1,17.5,4,4.8,Moderate Debt,25-34
Male,Freelance / Creative,Intermediate,28,YouTube,33,0,196,21,42.7,6.44,19.6,10.3,1,3.7,Moderate Debt,35-44
Female,Remote Tech,Intermediate,17,Streaming (Netflix/Hulu),72,1,39,0,22.7,7.48,21.1,20.5,1,1.0,Mild Deficit,35-44
Male,Remote Tech,Morning Lark,53,TikTok / Reels,64,0,0,34,48.5,7.52,19.4,16.4,3,2.2,Mild Deficit,25-34
Male,Corporate 9-to-5,Night Owl,26,TikTok / Reels,68,1,0,67,25.2,5.84,24.5,17.2,3,2.8,Moderate Debt,25-34
Non-Binary,Corporate 9-to-5,Night Owl,41,Streaming (Netflix/Hulu),49,1,0,44,24.7,5.5,19.8,19.1,3,2.9,Moderate Debt,25-34
Female,Healthcare / Shift Worker,Morning Lark,68,TikTok / Reels,90,1,136,43,70.4,5.85,23.0,16.7,3,5.9,Moderate Debt,25-34
Male,Corporate 9-to-5,Intermediate,64,Messaging / Chat,41,0,0,57,37.2,7.9,25.3,21.0,2,1.1,Optimal Recovery,25-34
Female,Remote Tech,Intermediate,107,TikTok / Reels,100,1,0,70,69.0,5.56,21.4,20.4,6,7.8,Moderate Debt,<25
Male,Student,Morning Lark,12,YouTube,64,0,55,46,24.2,8.01,19.4,21.6,1,1.0,Optimal Recovery,<25
Female,Corporate 9-to-5,Intermediate,45,TikTok / Reels,78,0,78,50,36.6,5.91,22.2,21.6,3,3.6,Moderate Debt,<25
Female,Remote Tech,Night Owl,46,TikTok / Reels,84,1,0,34,39.3,5.13,25.3,16.3,2,4.4,Moderate Debt,<25
Male,Remote Tech,Intermediate,59,Streaming (Netflix/Hulu),71,1,0,43,40.0,5.26,17.9,20.2,3,5.6,Moderate Debt,<25
Female,Student,Night Owl,22,Streaming (Netflix/Hulu),93,0,0,57,27.8,6.62,27.7,17.4,2,2.4,Moderate Debt,35-44
Female,Corporate 9-to-5,Intermediate,32,TikTok / Reels,74,0,0,24,37.3,6.44,20.5,21.3,2,1.7,Moderate Debt,25-34
Female,Corporate 9-to-5,Morning Lark,20,YouTube,70,1,177,34,27.7,8.34,19.6,16.2,1,1.0,Optimal Recovery,55+
Male,Remote Tech,Morning Lark,62,TikTok / Reels,64,0,0,22,47.5,7.03,21.1,21.8,3,3.7,Mild Deficit,<25
Female,Freelance / Creative,Night Owl,30,YouTube,63,1,0,50,32.7,6.3,24.3,22.7,1,1.0,Moderate Debt,25-34
Female,Corporate 9-to-5,Intermediate,91,Instagram / Reddit,77,1,51,32,53.9,5.57,20.8,19.3,5,6.0,Moderate Debt,25-34
Female,Freelance / Creative,Morning Lark,83,TikTok / Reels,38,1,102,43,58.3,6.27,21.4,14.4,4,4.6,Moderate Debt,<25
Male,Student,Intermediate,98,YouTube,52,0,0,0,49.3,6.22,17.2,18.7,2,4.7,Moderate Debt,45-54
Male,Healthcare / Shift Worker,Night Owl,38,Instagram / Reddit,65,1,0,2,25.2,4.51,18.6,21.3,3,5.8,Moderate Debt,<25
Female,Corporate 9-to-5,Night Owl,39,Streaming (Netflix/Hulu),40,0,64,54,28.5,4.75,24.5,20.0,3,5.5,Moderate Debt,55+
Female,Corporate 9-to-5,Morning Lark,41,YouTube,74,1,0,17,29.7,6.95,24.6,23.3,2,2.4,Mild Deficit,45-54
Female,Corporate 9-to-5,Intermediate,28,YouTube,51,1,146,13,42.3,6.61,16.5,16.3,3,4.1,Moderate Debt,25-34
Female,Remote Tech,Night Owl,19,Messaging / Chat,29,0,0,16,17.6,5.99,24.2,20.4,0,1.0,Moderate Debt,25-34
Female,Freelance / Creative,Night Owl,25,Streaming (Netflix/Hulu),43,0,0,39,27.9,5.38,21.1,21.2,4,4.5,Moderate Debt,35-44
Female,Corporate 9-to-5,Intermediate,122,TikTok / Reels,74,0,96,25,89.1,5.61,19.2,20.5,7,9.2,Moderate Debt,25-34
Male,Remote Tech,Night Owl,36,YouTube,34,1,30,25,27.0,4.02,22.0,19.3,4,6.9,Moderate Debt,35-44
Male,Corporate 9-to-5,Morning Lark,141,News / Reading,36,0,0,21,60.5,5.99,24.6,21.2,2,4.3,Moderate Debt,<25
Female,Student,Morning Lark,34,YouTube,65,0,83,51,36.7,7.25,21.0,15.3,2,2.6,Mild Deficit,<25
Male,Corporate 9-to-5,Morning Lark,58,Streaming (Netflix/Hulu),29,0,0,26,37.8,7.12,28.0,24.3,2,1.0,Mild Deficit,25-34
Male,Corporate 9-to-5,Morning Lark,64,TikTok / Reels,66,0,0,28,43.5,6.63,19.5,20.5,1,2.2,Moderate Debt,25-34
Male,Corporate 9-to-5,Night Owl,52,Messaging / Chat,14,0,24,18,38.5,5.2,19.1,18.6,3,3.7,Moderate Debt,45-54
Male,Student,Intermediate,34,Instagram / Reddit,65,0,0,45,21.1,7.97,23.2,17.7,0,1.0,Optimal Recovery,<25
Female,Corporate 9-to-5,Intermediate,10,TikTok / Reels,53,1,0,74,14.9,8.79,23.5,18.0,1,1.0,Optimal Recovery,45-54
Female,Corporate 9-to-5,Night Owl,49,YouTube,88,1,20,48,30.8,5.09,19.9,15.5,3,4.6,Moderate Debt,<25
Male,Corporate 9-to-5,Night Owl,28,TikTok / Reels,16,1,0,48,9.2,6.76,21.6,24.4,1,1.0,Mild Deficit,25-34
Female,Freelance / Creative,Morning Lark,35,Instagram / Reddit,42,0,0,57,33.1,8.01,26.0,16.9,1,1.0,Optimal Recovery,25-34
Female,Remote Tech,Intermediate,34,Instagram / Reddit,65,1,62,26,22.4,7.24,24.6,19.2,1,1.0,Mild Deficit,25-34
Female,Student,Night Owl,122,YouTube,54,1,0,31,56.5,4.65,22.1,21.1,4,5.4,Moderate Debt,<25
Female,Student,Night Owl,24,Instagram / Reddit,45,0,0,0,29.1,6.46,23.3,19.9,2,1.1,Moderate Debt,25-34
Male,Corporate 9-to-5,Night Owl,139,Instagram / Reddit,20,1,0,46,69.7,3.2,25.7,17.8,6,8.8,Severe Sleep Debt,45-54
Female,Remote Tech,Morning Lark,158,TikTok / Reels,63,1,25,35,91.8,4.18,17.6,20.6,7,10.0,Severe Sleep Debt,25-34
Female,Corporate 9-to-5,Intermediate,89,YouTube,100,0,0,21,62.0,6.88,15.1,18.6,3,4.6,Mild Deficit,25-34
Female,Remote Tech,Night Owl,5,TikTok / Reels,40,1,0,39,24.9,5.65,24.8,16.3,4,2.3,Moderate Debt,45-54
Female,Remote Tech,Night Owl,18,YouTube,57,0,90,75,43.3,5.85,22.4,19.5,3,3.6,Moderate Debt,35-44
Non-Binary,Remote Tech,Intermediate,101,News / Reading,62,1,0,36,33.1,6.58,22.8,22.7,3,3.9,Moderate Debt,25-34
Female,Corporate 9-to-5,Morning Lark,23,TikTok / Reels,47,1,0,39,21.9,9.8,25.5,17.3,1,1.0,Optimal Recovery,25-34
Male,Corporate 9-to-5,Night Owl,55,Instagram / Reddit,54,1,106,75,42.3,4.8,20.7,14.7,4,7.4,Moderate Debt,45-54
Male,Healthcare / Shift Worker,Intermediate,34,Messaging / Chat,34,0,0,61,14.5,5.42,25.9,23.1,3,2.6,Moderate Debt,35-44
Male,Student,Intermediate,106,YouTube,27,0,0,55,42.2,6.52,23.5,19.6,2,1.3,Moderate Debt,25-34
Female,Corporate 9-to-5,Intermediate,53,YouTube,85,1,0,76,45.0,8.11,24.0,21.5,2,1.0,Optimal Recovery,25-34
Female,Corporate 9-to-5,Intermediate,58,TikTok / Reels,53,0,0,16,44.2,6.12,18.1,18.3,2,4.7,Moderate Debt,45-54
Male,Healthcare / Shift Worker,Intermediate,180,TikTok / Reels,66,1,0,80,109.6,3.2,21.5,18.2,7,10.0,Severe Sleep Debt,<25
Male,Student,Intermediate,141,Instagram / Reddit,64,1,0,57,73.8,3.86,17.9,24.1,4,8.8,Severe Sleep Debt,55+
Female,Freelance / Creative,Morning Lark,53,TikTok / Reels,36,1,0,63,34.8,7.98,22.5,17.7,0,1.0,Optimal Recovery,<25
Female,Corporate 9-to-5,Night Owl,8,TikTok / Reels,29,0,28,50,20.0,5.94,23.4,18.3,2,3.9,Moderate Debt,35-44
Female,Remote Tech,Night Owl,80,YouTube,43,1,0,17,46.4,3.9,18.5,17.5,5,7.5,Moderate Debt,25-34
Male,Corporate 9-to-5,Night Owl,171,Messaging / Chat,59,0,25,0,79.4,3.2,19.0,21.6,6,10.0,Severe Sleep Debt,25-34
Female,Student,Night Owl,10,TikTok / Reels,38,0,56,44,22.5,5.47,24.2,19.0,2,3.2,Moderate Debt,45-54
Male,Corporate 9-to-5,Intermediate,86,TikTok / Reels,46,0,0,22,60.7,6.24,18.8,18.6,4,5.3,Moderate Debt,25-34
Male,Corporate 9-to-5,Morning Lark,110,TikTok / Reels,15,0,250,19,80.8,6.01,19.0,12.7,4,7.2,Moderate Debt,25-34
Male,Corporate 9-to-5,Morning Lark,53,Instagram / Reddit,54,0,0,26,34.5,7.36,23.3,21.7,1,1.0,Mild Deficit,<25
Male,Student,Morning Lark,56,Instagram / Reddit,57,1,0,0,40.4,8.64,24.9,19.1,2,1.0,Optimal Recovery,<25
Female,Remote Tech,Intermediate,53,TikTok / Reels,55,1,44,13,47.1,7.36,18.8,20.2,1,1.4,Mild Deficit,25-34
Male,Student,Intermediate,21,Messaging / Chat,35,0,0,2,26.7,7.92,22.8,19.5,2,1.0,Optimal Recovery,35-44
Male,Healthcare / Shift Worker,Night Owl,180,Instagram / Reddit,35,0,46,8,100.9,3.2,15.7,19.8,7,10.0,Severe Sleep Debt,<25
Male,Student,Intermediate,15,YouTube,33,1,0,17,10.7,7.56,16.2,19.4,0,1.0,Mild Deficit,<25
Female,Remote Tech,Intermediate,87,TikTok / Reels,47,1,0,32,51.6,4.86,21.4,16.4,4,6.0,Moderate Debt,25-34
Male,Freelance / Creative,Intermediate,83,YouTube,41,0,0,46,31.4,6.54,22.0,18.2,2,2.6,Moderate Debt,35-44
Female,Remote Tech,Morning Lark,23,News / Reading,83,1,0,75,19.1,9.24,23.6,20.9,1,1.0,Optimal Recovery,35-44
Female,Corporate 9-to-5,Night Owl,56,Messaging / Chat,91,1,0,5,55.5,5.57,21.3,19.5,3,5.2,Moderate Debt,<25
Male,Freelance / Creative,Intermediate,19,Instagram / Reddit,73,1,0,61,26.1,7.54,25.2,19.7,1,1.0,Mild Deficit,<25
Male,Corporate 9-to-5,Intermediate,72,Instagram / Reddit,57,1,45,27,43.2,6.11,15.5,21.2,4,4.4,Moderate Debt,55+
Male,Remote Tech,Night Owl,114,TikTok / Reels,49,1,0,0,69.2,4.83,20.6,15.1,5,8.4,Moderate Debt,25-34
Female,Corporate 9-to-5,Intermediate,57,News / Reading,38,0,73,14,39.1,6.9,22.9,21.1,2,2.8,Mild Deficit,45-54
Male,Remote Tech,Intermediate,84,Streaming (Netflix/Hulu),56,1,0,51,36.9,6.84,24.2,19.6,2,1.7,Mild Deficit,45-54
Female,Remote Tech,Intermediate,25,YouTube,52,0,0,38,23.6,6.34,25.1,21.2,2,1.9,Moderate Debt,35-44
Male,Corporate 9-to-5,Night Owl,25,Streaming (Netflix/Hulu),34,0,0,0,26.2,5.16,24.3,21.7,4,4.6,Moderate Debt,<25
Female,Remote Tech,Morning Lark,54,YouTube,39,0,0,43,29.4,8.09,19.3,22.1,1,1.0,Optimal Recovery,45-54
Male,Student,Night Owl,18,YouTube,16,0,20,11,17.1,5.89,22.9,19.7,2,2.9,Moderate Debt,35-44
Male,Corporate 9-to-5,Night Owl,23,Messaging / Chat,35,0,0,22,21.6,5.9,19.4,20.8,2,2.7,Moderate Debt,35-44
Female,Remote Tech,Intermediate,33,YouTube,63,1,0,28,31.3,8.15,22.3,17.9,1,1.0,Optimal Recovery,25-34
Female,Corporate 9-to-5,Intermediate,72,YouTube,76,0,88,37,45.4,6.85,17.1,18.0,2,4.3,Mild Deficit,25-34
Male,Healthcare / Shift Worker,Night Owl,25,YouTube,66,0,76,49,65.3,3.78,18.1,16.0,5,9.6,Severe Sleep Debt,<25
Male,Student,Intermediate,51,TikTok / Reels,45,1,0,42,38.0,6.78,26.9,20.3,1,1.0,Mild Deficit,25-34
Male,Healthcare / Shift Worker,Night Owl,86,YouTube,22,1,101,57,57.9,3.2,23.0,16.6,7,9.4,Severe Sleep Debt,35-44
Male,Corporate 9-to-5,Intermediate,36,YouTube,31,0,49,45,22.2,6.62,23.0,17.4,4,3.3,Moderate Debt,25-34
Female,Corporate 9-to-5,Intermediate,37,YouTube,64,1,0,40,44.6,6.91,24.9,21.7,2,3.2,Mild Deficit,25-34
Female,Corporate 9-to-5,Intermediate,73,YouTube,63,1,20,27,33.5,7.22,20.1,18.2,2,2.8,Mild Deficit,25-34
Female,Corporate 9-to-5,Intermediate,59,Instagram / Reddit,42,0,0,19,45.1,6.43,17.4,21.7,2,3.5,Moderate Debt,35-44
Female,Remote Tech,Morning Lark,39,News / Reading,47,1,174,61,54.3,7.35,22.0,17.8,2,3.9,Mild Deficit,45-54
Male,Freelance / Creative,Night Owl,28,TikTok / Reels,94,1,0,22,25.2,6.0,18.1,18.3,2,4.4,Moderate Debt,<25
Female,Remote Tech,Intermediate,32,YouTube,20,0,0,74,16.6,7.58,25.0,22.4,0,1.0,Mild Deficit,25-34
Male,Freelance / Creative,Night Owl,87,News / Reading,55,1,28,56,42.0,5.27,20.7,18.0,3,4.3,Moderate Debt,<25
Male,Corporate 9-to-5,Morning Lark,36,YouTube,31,0,75,59,28.4,8.49,22.9,15.7,0,1.0,Optimal Recovery,35-44
Male,Freelance / Creative,Intermediate,180,Messaging / Chat,32,0,0,19,81.9,3.99,19.0,20.7,5,8.4,Moderate Debt,35-44
Male,Corporate 9-to-5,Night Owl,30,TikTok / Reels,63,0,0,56,23.0,7.04,22.6,16.6,3,1.0,Mild Deficit,55+
Female,Freelance / Creative,Night Owl,77,Streaming (Netflix/Hulu),89,0,0,77,39.9,5.52,23.4,21.0,2,4.3,Moderate Debt,25-34
Male,Corporate 9-to-5,Night Owl,79,Instagram / Reddit,67,0,0,60,53.8,4.22,20.0,18.8,4,7.2,Moderate Debt,55+
Female,Freelance / Creative,Night Owl,66,News / Reading,86,0,121,83,50.8,3.51,18.8,18.1,4,9.2,Severe Sleep Debt,<25
Female,Corporate 9-to-5,Morning Lark,17,TikTok / Reels,16,0,0,47,19.0,8.95,20.9,20.7,0,1.0,Optimal Recovery,35-44
Male,Corporate 9-to-5,Night Owl,98,Instagram / Reddit,65,0,30,66,65.3,5.07,13.7,15.6,6,9.1,Severe Sleep Debt,<25
Female,Remote Tech,Morning Lark,50,Streaming (Netflix/Hulu),73,1,116,48,32.6,7.56,19.7,18.4,0,1.4,Mild Deficit,45-54
Non-Binary,Remote Tech,Morning Lark,118,Streaming (Netflix/Hulu),50,1,0,4,56.1,6.23,22.0,27.0,3,3.6,Moderate Debt,25-34
Male,Student,Morning Lark,42,TikTok / Reels,72,0,0,61,32.5,9.0,23.4,18.5,0,1.0,Optimal Recovery,35-44
Male,Freelance / Creative,Night Owl,41,YouTube,100,1,0,19,39.2,5.93,26.0,19.6,2,2.7,Moderate Debt,45-54
Female,Student,Morning Lark,69,TikTok / Reels,58,1,161,4,57.0,7.51,18.0,14.6,3,3.7,Mild Deficit,<25
Male,Student,Morning Lark,50,TikTok / Reels,47,0,0,28,41.2,8.78,21.7,18.8,1,1.0,Optimal Recovery,<25
Female,Corporate 9-to-5,Morning Lark,18,Streaming (Netflix/Hulu),78,1,0,44,16.7,7.59,25.2,21.9,2,1.0,Mild Deficit,45-54
Male,Student,Intermediate,87,TikTok / Reels,77,1,33,23,67.2,6.39,20.7,18.3,3,4.4,Moderate Debt,25-34
Female,Remote Tech,Night Owl,15,Instagram / Reddit,50,1,20,61,14.5,5.89,24.4,17.2,2,1.3,Moderate Debt,<25
Male,Healthcare / Shift Worker,Intermediate,97,Instagram / Reddit,44,0,161,16,67.6,4.3,17.4,14.2,6,7.8,Moderate Debt,25-34
Female,Remote Tech,Intermediate,26,TikTok / Reels,77,1,0,44,34.7,6.82,28.0,22.6,2,1.0,Mild Deficit,35-44
Female,Student,Morning Lark,163,TikTok / Reels,46,0,20,32,96.7,5.54,20.7,19.7,5,7.8,Moderate Debt,<25
Female,Corporate 9-to-5,Intermediate,17,TikTok / Reels,54,0,0,32,21.7,7.99,23.7,20.4,1,1.0,Optimal Recovery,25-34
Female,Corporate 9-to-5,Morning Lark,19,YouTube,61,1,0,46,18.2,7.97,28.0,19.6,0,1.0,Optimal Recovery,<25
Male,Remote Tech,Intermediate,25,Streaming (Netflix/Hulu),51,1,0,53,20.8,7.9,25.3,16.9,0,1.0,Optimal Recovery,25-34
Female,Corporate 9-to-5,Intermediate,95,Streaming (Netflix/Hulu),55,0,0,41,52.3,6.26,20.2,23.6,4,4.0,Moderate Debt,45-54
Female,Corporate 9-to-5,Intermediate,74,News / Reading,38,0,96,55,43.1,7.19,18.8,20.3,3,3.1,Mild Deficit,55+
Male,Corporate 9-to-5,Night Owl,100,YouTube,66,0,0,44,60.7,4.26,18.9,18.0,7,7.8,Moderate Debt,35-44
Female,Healthcare / Shift Worker,Night Owl,78,Instagram / Reddit,47,1,0,83,44.3,4.39,26.9,14.6,4,5.8,Moderate Debt,<25
Female,Corporate 9-to-5,Morning Lark,50,Streaming (Netflix/Hulu),86,0,22,0,33.2,8.02,22.6,20.2,2,1.0,Optimal Recovery,45-54
Male,Healthcare / Shift Worker,Morning Lark,113,TikTok / Reels,57,0,0,0,73.4,4.82,20.3,21.3,5,8.2,Moderate Debt,25-34
Female,Corporate 9-to-5,Night Owl,140,Messaging / Chat,76,0,0,45,77.2,4.19,18.3,19.1,4,9.6,Severe Sleep Debt,<25
Female,Corporate 9-to-5,Morning Lark,23,News / Reading,68,0,0,4,18.3,8.16,22.1,24.5,0,1.0,Optimal Recovery,45-54
Female,Remote Tech,Intermediate,109,YouTube,77,0,102,39,68.4,5.24,16.5,18.7,4,7.9,Moderate Debt,35-44
Female,Remote Tech,Intermediate,108,Instagram / Reddit,46,0,0,40,56.4,6.07,22.2,19.3,4,5.2,Moderate Debt,35-44
Male,Remote Tech,Night Owl,27,Messaging / Chat,31,1,28,0,22.6,6.11,20.4,20.0,3,3.6,Moderate Debt,35-44
Female,Remote Tech,Intermediate,33,YouTube,37,1,59,45,22.4,7.38,24.1,20.5,2,1.0,Mild Deficit,<25
Male,Corporate 9-to-5,Morning Lark,91,Instagram / Reddit,36,0,42,49,56.0,7.02,20.9,20.8,1,3.4,Mild Deficit,<25
Female,Student,Morning Lark,36,TikTok / Reels,39,1,0,24,32.4,8.0,22.4,17.0,2,1.0,Optimal Recovery,35-44
Female,Remote Tech,Morning Lark,58,TikTok / Reels,32,1,93,65,54.9,7.57,24.0,14.2,1,2.7,Mild Deficit,25-34
Female,Corporate 9-to-5,Intermediate,61,TikTok / Reels,53,0,50,1,38.6,6.07,20.2,16.0,3,3.8,Moderate Debt,25-34
Male,Healthcare / Shift Worker,Intermediate,25,Instagram / Reddit,70,0,0,29,33.1,6.15,24.1,19.7,2,2.5,Moderate Debt,35-44
Male,Student,Night Owl,25,Messaging / Chat,29,1,64,54,27.5,6.21,26.0,21.4,2,2.6,Moderate Debt,35-44
Male,Remote Tech,Intermediate,22,Instagram / Reddit,42,1,0,56,22.3,7.51,22.3,19.1,0,1.0,Mild Deficit,25-34
Non-Binary,Healthcare / Shift Worker,Intermediate,75,Instagram / Reddit,75,1,57,49,50.0,5.07,18.8,18.0,5,7.7,Moderate Debt,35-44
Female,Freelance / Creative,Intermediate,17,YouTube,24,0,250,28,38.7,6.8,18.2,14.0,3,3.2,Mild Deficit,45-54
Female,Remote Tech,Morning Lark,96,TikTok / Reels,55,1,61,0,57.5,7.43,20.7,19.7,1,2.0,Mild Deficit,35-44
Female,Corporate 9-to-5,Night Owl,35,Instagram / Reddit,67,1,52,17,30.9,4.15,18.0,17.7,5,7.8,Moderate Debt,25-34
Female,Freelance / Creative,Morning Lark,58,YouTube,97,1,0,49,34.7,8.54,22.3,22.9,2,1.0,Optimal Recovery,25-34
Female,Corporate 9-to-5,Intermediate,21,Messaging / Chat,10,1,34,64,18.8,6.97,25.5,19.1,1,1.0,Mild Deficit,25-34
Female,Corporate 9-to-5,Morning Lark,165,YouTube,29,0,49,60,79.4,4.77,21.6,17.7,5,8.9,Severe Sleep Debt,<25
Female,Corporate 9-to-5,Intermediate,79,YouTube,61,0,0,69,33.3,5.24,21.4,17.6,3,4.4,Moderate Debt,25-34
Female,Student,Night Owl,77,News / Reading,48,1,0,79,32.9,4.36,21.9,24.7,6,5.4,Moderate Debt,<25
Female,Freelance / Creative,Morning Lark,82,TikTok / Reels,10,0,20,36,50.3,6.89,22.0,16.6,1,2.1,Mild Deficit,25-34
Female,Student,Intermediate,73,YouTube,46,1,131,40,56.5,6.32,19.9,18.1,3,4.1,Moderate Debt,45-54
Male,Freelance / Creative,Morning Lark,23,YouTube,37,0,0,26,35.2,8.1,24.4,23.1,0,1.0,Optimal Recovery,<25
Female,Corporate 9-to-5,Night Owl,28,Instagram / Reddit,22,0,0,21,28.5,6.06,20.3,18.0,3,3.1,Moderate Debt,35-44
Male,Corporate 9-to-5,Intermediate,49,Instagram / Reddit,47,1,82,16,38.2,6.87,19.7,19.1,3,4.1,Mild Deficit,35-44
Male,Student,Intermediate,75,TikTok / Reels,28,1,0,20,46.3,6.17,18.0,18.3,1,3.9,Moderate Debt,<25
Female,Freelance / Creative,Intermediate,87,News / Reading,38,0,156,36,42.6,6.21,19.7,18.7,2,4.5,Moderate Debt,45-54
Female,Remote Tech,Night Owl,30,Streaming (Netflix/Hulu),81,0,0,60,20.2,5.77,24.8,22.4,2,3.0,Moderate Debt,35-44
Female,Corporate 9-to-5,Intermediate,46,TikTok / Reels,92,0,0,42,38.1,8.16,23.3,21.5,0,1.0,Optimal Recovery,25-34
Male,Corporate 9-to-5,Intermediate,131,YouTube,37,1,148,35,66.1,4.73,20.7,20.0,5,7.5,Moderate Debt,35-44
Female,Corporate 9-to-5,Intermediate,146,Streaming (Netflix/Hulu),57,0,216,34,93.8,3.85,20.5,17.2,7,10.0,Severe Sleep Debt,25-34
Female,Corporate 9-to-5,Intermediate,41,YouTube,67,0,0,23,25.0,7.13,18.7,21.0,1,1.6,Mild Deficit,35-44
Female,Corporate 9-to-5,Morning Lark,99,YouTube,38,0,135,27,60.7,7.37,19.7,19.0,2,3.6,Mild Deficit,<25
Male,Freelance / Creative,Intermediate,15,TikTok / Reels,36,0,67,4,31.6,7.15,19.6,15.2,1,1.4,Mild Deficit,45-54
Female,Remote Tech,Morning Lark,41,YouTube,68,1,0,31,30.2,8.57,21.5,17.6,1,1.0,Optimal Recovery,25-34
Male,Student,Intermediate,109,Instagram / Reddit,50,0,0,31,63.5,5.43,22.2,21.9,4,5.0,Moderate Debt,35-44
Female,Corporate 9-to-5,Intermediate,124,Instagram / Reddit,51,0,0,22,73.3,5.23,18.1,16.4,6,7.2,Moderate Debt,25-34
Male,Corporate 9-to-5,Morning Lark,69,YouTube,32,0,65,27,58.3,7.07,23.7,18.7,2,2.7,Mild Deficit,35-44
Male,Remote Tech,Intermediate,9,News / Reading,35,1,0,68,11.0,7.34,23.2,18.5,0,1.0,Mild Deficit,35-44
Female,Healthcare / Shift Worker,Night Owl,8,YouTube,56,0,0,31,18.1,5.57,24.6,19.7,2,2.3,Moderate Debt,25-34
Male,Remote Tech,Intermediate,65,Streaming (Netflix/Hulu),46,1,0,0,34.1,7.35,22.1,20.3,2,2.2,Mild Deficit,35-44
Male,Healthcare / Shift Worker,Morning Lark,69,YouTube,57,0,0,47,37.5,5.59,24.6,20.1,4,4.3,Moderate Debt,25-34
Female,Healthcare / Shift Worker,Night Owl,174,Messaging / Chat,74,1,0,61,82.0,3.2,22.7,22.1,6,10.0,Severe Sleep Debt,45-54
Female,Corporate 9-to-5,Intermediate,31,News / Reading,58,0,0,73,23.4,7.62,23.9,17.7,0,1.0,Mild Deficit,25-34
Male,Corporate 9-to-5,Morning Lark,20,YouTube,42,0,0,0,25.7,9.54,25.4,21.7,0,1.0,Optimal Recovery,45-54
Male,Student,Intermediate,47,Instagram / Reddit,73,0,0,59,41.3,6.94,24.5,18.5,3,2.2,Mild Deficit,45-54
Male,Remote Tech,Intermediate,39,TikTok / Reels,54,0,20,38,32.2,7.36,22.4,15.6,2,1.3,Mild Deficit,25-34
Male,Corporate 9-to-5,Intermediate,80,Instagram / Reddit,81,0,23,58,65.5,6.43,21.9,18.7,3,5.1,Moderate Debt,25-34
Male,Remote Tech,Intermediate,89,Streaming (Netflix/Hulu),41,0,0,7,49.4,6.01,22.2,20.8,4,4.4,Moderate Debt,25-34
Female,Remote Tech,Intermediate,46,YouTube,53,0,72,79,36.8,7.08,21.9,22.6,3,2.6,Mild Deficit,45-54
Male,Freelance / Creative,Night Owl,86,YouTube,48,1,0,19,36.6,3.62,20.4,13.5,5,7.9,Moderate Debt,25-34
Female,Corporate 9-to-5,Intermediate,25,YouTube,57,1,20,19,33.9,6.96,20.4,17.0,2,2.8,Mild Deficit,25-34
Male,Corporate 9-to-5,Night Owl,62,YouTube,60,1,0,33,35.1,5.68,25.1,19.5,3,2.9,Moderate Debt,45-54
Male,Remote Tech,Night Owl,5,TikTok / Reels,55,0,0,51,18.3,6.68,24.0,21.3,3,1.6,Moderate Debt,25-34
Male,Student,Intermediate,31,TikTok / Reels,71,1,0,30,26.3,7.12,25.1,19.2,2,1.0,Mild Deficit,35-44
Female,Student,Night Owl,76,TikTok / Reels,63,0,78,59,63.5,4.68,19.9,19.0,4,8.0,Moderate Debt,25-34
Female,Freelance / Creative,Morning Lark,142,Messaging / Chat,100,1,0,26,65.8,5.0,16.6,19.4,6,9.6,Severe Sleep Debt,<25
Female,Healthcare / Shift Worker,Intermediate,27,YouTube,100,0,73,34,36.7,4.97,24.8,21.2,3,5.5,Moderate Debt,35-44
Male,Remote Tech,Night Owl,63,TikTok / Reels,41,1,35,11,48.5,4.48,18.5,16.7,4,6.7,Moderate Debt,<25
Male,Corporate 9-to-5,Morning Lark,27,YouTube,44,1,0,32,24.2,9.67,20.4,16.9,0,1.0,Optimal Recovery,25-34
Female,Remote Tech,Morning Lark,40,News / Reading,29,1,71,84,33.5,8.11,23.2,18.3,1,1.0,Optimal Recovery,45-54
Male,Student,Intermediate,71,Instagram / Reddit,87,0,78,52,47.7,6.06,16.6,18.7,1,5.0,Moderate Debt,25-34
Male,Healthcare / Shift Worker,Intermediate,23,YouTube,46,1,0,108,18.6,6.0,25.0,21.1,2,1.9,Moderate Debt,55+
Female,Freelance / Creative,Intermediate,40,Streaming (Netflix/Hulu),60,1,100,67,33.0,7.33,25.5,19.8,1,1.1,Mild Deficit,55+
Female,Student,Morning Lark,59,Instagram / Reddit,31,0,105,42,50.9,7.27,19.7,12.3,3,3.0,Mild Deficit,25-34
Male,Remote Tech,Morning Lark,62,Messaging / Chat,57,1,0,10,37.0,7.04,18.8,21.9,3,2.5,Mild Deficit,<25
Male,Corporate 9-to-5,Intermediate,55,Messaging / Chat,20,0,83,63,35.5,7.28,24.4,17.6,2,1.6,Mild Deficit,35-44
Male,Corporate 9-to-5,Intermediate,59,TikTok / Reels,79,0,134,16,54.7,6.44,17.3,17.0,5,5.8,Moderate Debt,25-34
Male,Corporate 9-to-5,Intermediate,32,YouTube,92,0,0,11,34.4,7.33,23.7,16.2,2,1.0,Mild Deficit,<25
Non-Binary,Corporate 9-to-5,Intermediate,28,Streaming (Netflix/Hulu),69,0,207,31,49.9,7.62,19.1,13.3,2,2.4,Mild Deficit,35-44
Female,Remote Tech,Intermediate,23,News / Reading,36,1,0,17,19.8,8.18,21.1,20.6,1,1.0,Optimal Recovery,<25
Female,Corporate 9-to-5,Morning Lark,26,TikTok / Reels,66,0,0,63,36.4,8.92,21.2,20.1,0,1.0,Optimal Recovery,45-54
Female,Student,Night Owl,24,TikTok / Reels,59,0,0,21,38.3,5.27,24.4,18.9,5,4.1,Moderate Debt,<25
Female,Remote Tech,Morning Lark,55,YouTube,83,0,0,65,49.4,8.31,21.6,19.0,2,1.0,Optimal Recovery,<25
Female,Remote Tech,Morning Lark,27,YouTube,72,0,23,42,22.6,8.63,25.0,15.5,1,1.0,Optimal Recovery,<25
Female,Remote Tech,Night Owl,59,Instagram / Reddit,34,1,129,29,49.2,5.32,19.1,17.1,4,5.0,Moderate Debt,55+
Male,Corporate 9-to-5,Intermediate,47,YouTube,78,0,93,32,48.7,7.11,14.6,17.4,2,3.3,Mild Deficit,35-44
Male,Freelance / Creative,Intermediate,66,News / Reading,53,1,0,24,34.6,6.62,20.1,21.4,1,2.2,Moderate Debt,45-54
Female,Corporate 9-to-5,Intermediate,53,Streaming (Netflix/Hulu),81,1,24,51,29.0,6.69,27.9,20.4,3,1.6,Moderate Debt,25-34
Male,Freelance / Creative,Intermediate,49,Instagram / Reddit,24,1,0,42,28.8,7.56,21.8,13.8,2,1.0,Mild Deficit,25-34
Male,Corporate 9-to-5,Intermediate,96,YouTube,66,1,0,12,38.1,4.95,19.7,17.6,4,6.3,Moderate Debt,25-34
Male,Remote Tech,Night Owl,90,Messaging / Chat,49,0,27,16,42.7,4.49,18.6,18.9,5,6.8,Moderate Debt,25-34
Male,Corporate 9-to-5,Intermediate,63,TikTok / Reels,57,1,0,12,41.5,6.39,20.9,21.1,3,2.6,Moderate Debt,25-34
Female,Corporate 9-to-5,Intermediate,89,TikTok / Reels,41,1,0,52,54.6,5.41,20.5,17.9,5,6.0,Moderate Debt,35-44
Male,Remote Tech,Night Owl,26,Messaging / Chat,65,1,53,68,17.7,6.65,23.4,21.0,2,1.3,Moderate Debt,25-34
Male,Student,Intermediate,40,Instagram / Reddit,36,1,0,61,22.6,7.5,21.4,18.6,1,1.0,Mild Deficit,55+
Female,Corporate 9-to-5,Intermediate,41,TikTok / Reels,24,0,0,44,34.4,7.52,18.3,19.1,1,1.3,Mild Deficit,<25
Male,Remote Tech,Intermediate,60,News / Reading,40,0,0,63,38.3,6.55,26.9,22.8,2,2.3,Moderate Debt,55+
Male,Corporate 9-to-5,Intermediate,16,News / Reading,40,0,0,40,24.5,7.79,19.7,22.8,2,1.0,Optimal Recovery,<25
Male,Remote Tech,Night Owl,62,Messaging / Chat,49,0,0,46,43.5,4.48,21.9,19.6,4,6.5,Moderate Debt,25-34
Male,Freelance / Creative,Morning Lark,75,TikTok / Reels,69,1,62,24,42.8,5.87,21.8,17.1,4,4.3,Moderate Debt,25-34
Non-Binary,Healthcare / Shift Worker,Night Owl,73,YouTube,36,0,0,24,38.6,3.74,23.4,20.0,3,6.2,Moderate Debt,25-34
Female,Remote Tech,Intermediate,15,Instagram / Reddit,71,0,0,38,23.9,6.57,22.3,20.3,2,1.8,Moderate Debt,35-44
Female,Corporate 9-to-5,Night Owl,17,Instagram / Reddit,67,1,38,72,21.7,5.55,21.2,15.8,3,5.2,Moderate Debt,25-34
Female,Corporate 9-to-5,Morning Lark,31,News / Reading,75,0,0,70,25.2,8.65,25.5,21.0,0,1.0,Optimal Recovery,25-34
Male,Freelance / Creative,Night Owl,144,News / Reading,48,1,55,48,64.6,3.2,21.3,15.5,6,10.0,Severe Sleep Debt,35-44
Male,Corporate 9-to-5,Morning Lark,63,News / Reading,86,1,0,28,28.4,7.81,28.0,19.5,1,1.0,Optimal Recovery,35-44
Female,Healthcare / Shift Worker,Night Owl,18,TikTok / Reels,49,0,123,14,24.2,3.78,23.6,14.2,4,6.4,Moderate Debt,45-54
Non-Binary,Remote Tech,Intermediate,66,Instagram / Reddit,73,1,120,46,49.6,6.41,23.7,19.6,3,4.2,Moderate Debt,25-34
Male,Freelance / Creative,Intermediate,55,Messaging / Chat,88,1,141,99,45.3,6.58,21.5,15.9,2,3.4,Moderate Debt,35-44
Male,Remote Tech,Intermediate,72,YouTube,79,1,80,18,49.8,6.19,14.3,18.6,4,5.7,Moderate Debt,35-44
Female,Remote Tech,Morning Lark,49,TikTok / Reels,53,1,0,30,47.9,8.05,24.4,20.3,2,1.0,Optimal Recovery,25-34
Female,Student,Intermediate,50,Streaming (Netflix/Hulu),33,1,0,54,41.0,6.56,23.8,20.9,2,1.1,Moderate Debt,25-34
Male,Freelance / Creative,Intermediate,31,TikTok / Reels,36,0,0,71,41.6,7.21,23.7,19.7,2,1.9,Mild Deficit,25-34
Male,Freelance / Creative,Intermediate,167,Messaging / Chat,35,1,138,51,78.6,3.33,19.7,17.0,7,10.0,Severe Sleep Debt,<25
Male,Student,Night Owl,39,TikTok / Reels,41,0,0,32,35.1,5.19,20.5,19.1,5,6.1,Moderate Debt,<25
Male,Student,Morning Lark,45,YouTube,54,0,0,20,29.6,7.05,21.3,22.1,2,1.0,Mild Deficit,<25
Female,Remote Tech,Intermediate,35,News / Reading,68,0,122,64,34.0,6.53,20.8,23.1,2,3.5,Moderate Debt,35-44
Male,Student,Intermediate,8,News / Reading,71,1,0,9,21.4,7.99,19.2,16.7,1,1.1,Optimal Recovery,35-44
Female,Healthcare / Shift Worker,Intermediate,16,Streaming (Netflix/Hulu),74,0,0,0,22.1,6.35,22.8,20.5,0,1.4,Moderate Debt,55+
Female,Remote Tech,Night Owl,56,Messaging / Chat,73,1,0,74,34.5,4.39,24.5,16.0,4,5.4,Moderate Debt,35-44
Female,Student,Intermediate,38,Messaging / Chat,53,1,0,56,27.8,7.33,24.0,22.9,3,1.0,Mild Deficit,<25
Female,Remote Tech,Morning Lark,13,News / Reading,68,0,69,2,17.5,9.03,19.6,16.1,0,1.0,Optimal Recovery,45-54
Female,Remote Tech,Morning Lark,78,Streaming (Netflix/Hulu),50,1,0,52,34.5,7.49,21.4,16.3,1,1.0,Mild Deficit,45-54
Male,Healthcare / Shift Worker,Intermediate,77,Streaming (Netflix/Hulu),61,0,50,25,40.9,5.32,25.0,27.0,3,4.9,Moderate Debt,25-34
Male,Remote Tech,Intermediate,69,Streaming (Netflix/Hulu),50,0,0,6,37.4,6.98,24.7,20.3,3,1.4,Mild Deficit,35-44
Female,Corporate 9-to-5,Morning Lark,53,Instagram / Reddit,55,1,70,41,34.1,6.29,16.7,19.0,3,3.5,Moderate Debt,55+
Male,Remote Tech,Morning Lark,128,Messaging / Chat,48,1,180,17,66.5,5.87,18.8,22.2,3,4.9,Moderate Debt,25-34
Female,Corporate 9-to-5,Intermediate,36,Streaming (Netflix/Hulu),19,0,0,19,23.8,6.48,22.4,23.5,3,2.4,Moderate Debt,45-54
Female,Remote Tech,Intermediate,53,Streaming (Netflix/Hulu),50,0,0,11,37.5,6.72,25.2,22.4,2,1.5,Moderate Debt,<25
Male,Freelance / Creative,Morning Lark,21,TikTok / Reels,67,1,42,40,23.5,8.31,24.2,19.7,1,1.0,Optimal Recovery,<25
Male,Student,Intermediate,15,Instagram / Reddit,74,1,0,60,14.0,8.94,23.8,18.1,1,1.0,Optimal Recovery,25-34
Male,Healthcare / Shift Worker,Night Owl,117,YouTube,65,1,86,13,64.5,3.2,22.5,16.6,7,10.0,Severe Sleep Debt,35-44
Female,Corporate 9-to-5,Night Owl,69,Instagram / Reddit,36,0,110,45,53.2,4.98,18.8,13.4,4,6.5,Moderate Debt,45-54
Male,Freelance / Creative,Night Owl,63,Streaming (Netflix/Hulu),45,0,0,44,36.5,4.09,25.1,21.8,3,5.4,Moderate Debt,55+
Male,Student,Night Owl,162,Streaming (Netflix/Hulu),23,0,0,7,61.8,3.88,18.5,21.5,5,8.0,Moderate Debt,25-34
Male,Corporate 9-to-5,Morning Lark,12,TikTok / Reels,69,0,0,37,21.8,8.92,24.0,20.8,0,1.0,Optimal Recovery,<25
Female,Student,Morning Lark,18,TikTok / Reels,37,0,76,54,20.4,9.0,24.2,17.3,1,1.0,Optimal Recovery,45-54
Male,Freelance / Creative,Intermediate,145,News / Reading,62,1,0,60,43.7,5.87,25.7,19.5,3,4.3,Moderate Debt,35-44
Male,Corporate 9-to-5,Intermediate,54,Messaging / Chat,64,0,0,33,35.3,5.66,19.5,20.5,3,6.1,Moderate Debt,<25
Non-Binary,Remote Tech,Night Owl,54,TikTok / Reels,37,1,0,11,33.1,4.77,21.5,19.5,4,5.0,Moderate Debt,25-34
Female,Freelance / Creative,Morning Lark,40,YouTube,60,1,0,39,20.8,8.0,26.4,17.1,0,1.0,Optimal Recovery,35-44
Male,Corporate 9-to-5,Intermediate,52,TikTok / Reels,91,1,0,42,48.8,6.27,22.6,20.6,4,5.3,Moderate Debt,35-44
Female,Student,Intermediate,66,Streaming (Netflix/Hulu),48,0,30,18,31.5,6.96,16.4,19.8,2,2.7,Mild Deficit,25-34
Male,Remote Tech,Intermediate,111,Instagram / Reddit,77,0,250,0,74.2,3.35,11.1,15.2,6,10.0,Severe Sleep Debt,25-34
Female,Corporate 9-to-5,Intermediate,132,Instagram / Reddit,60,0,0,53,91.2,5.22,21.3,21.4,6,8.3,Moderate Debt,55+
Female,Student,Morning Lark,84,Streaming (Netflix/Hulu),61,0,129,41,61.2,6.77,19.9,17.4,5,6.0,Mild Deficit,35-44
Male,Corporate 9-to-5,Night Owl,162,YouTube,53,0,0,9,79.3,3.2,16.3,18.9,6,10.0,Severe Sleep Debt,25-34
Female,Student,Intermediate,31,TikTok / Reels,74,1,0,71,33.1,7.42,23.4,26.5,1,1.0,Mild Deficit,25-34
Female,Corporate 9-to-5,Intermediate,97,Streaming (Netflix/Hulu),52,0,0,44,52.8,6.54,25.2,23.0,1,2.0,Moderate Debt,35-44
Female,Corporate 9-to-5,Morning Lark,66,Instagram / Reddit,67,0,61,0,49.1,7.2,20.3,17.1,2,2.5,Mild Deficit,25-34
Female,Remote Tech,Intermediate,62,Streaming (Netflix/Hulu),74,1,0,48,39.3,5.63,24.5,20.4,4,4.2,Moderate Debt,<25
Male,Remote Tech,Intermediate,33,News / Reading,75,0,0,65,32.9,6.92,26.4,21.6,2,2.0,Mild Deficit,25-34
Male,Corporate 9-to-5,Morning Lark,49,Instagram / Reddit,66,1,0,29,32.0,6.97,23.1,17.8,2,1.6,Mild Deficit,25-34
Male,Healthcare / Shift Worker,Intermediate,37,TikTok / Reels,70,0,0,76,31.1,6.31,24.0,16.1,1,2.2,Moderate Debt,35-44
Female,Freelance / Creative,Morning Lark,8,TikTok / Reels,56,1,63,32,16.0,9.33,23.0,16.7,0,1.0,Optimal Recovery,<25
Male,Healthcare / Shift Worker,Intermediate,61,Streaming (Netflix/Hulu),47,0,0,60,33.5,6.32,22.8,23.2,2,3.1,Moderate Debt,35-44
Female,Remote Tech,Intermediate,147,TikTok / Reels,62,0,75,0,95.7,4.53,13.2,17.2,6,10.0,Severe Sleep Debt,25-34
Male,Healthcare / Shift Worker,Night Owl,32,TikTok / Reels,62,1,0,35,27.6,5.02,22.7,17.9,4,3.8,Moderate Debt,<25
Female,Freelance / Creative,Morning Lark,63,TikTok / Reels,62,0,0,63,46.2,6.64,18.2,18.5,3,3.7,Moderate Debt,<25
Male,Remote Tech,Morning Lark,24,News / Reading,77,1,0,0,13.3,8.89,18.3,19.0,0,1.0,Optimal Recovery,55+
Male,Corporate 9-to-5,Night Owl,90,YouTube,56,0,37,70,49.1,5.14,21.6,19.1,4,5.7,Moderate Debt,45-54
Female,Corporate 9-to-5,Morning Lark,113,TikTok / Reels,28,0,160,57,79.9,5.67,14.5,13.9,5,7.0,Moderate Debt,25-34
Female,Remote Tech,Morning Lark,10,News / Reading,14,1,0,54,19.8,9.17,25.7,20.2,0,1.0,Optimal Recovery,35-44
Male,Freelance / Creative,Morning Lark,45,Streaming (Netflix/Hulu),59,0,0,44,33.3,7.12,19.8,20.3,2,2.5,Mild Deficit,35-44
Female,Remote Tech,Night Owl,38,TikTok / Reels,76,1,0,12,27.2,5.68,21.6,18.7,1,3.5,Moderate Debt,55+
Female,Student,Night Owl,44,Streaming (Netflix/Hulu),51,0,0,39,41.6,5.07,22.0,16.4,4,5.0,Moderate Debt,25-34
Female,Corporate 9-to-5,Intermediate,87,TikTok / Reels,93,0,91,40,89.8,6.16,18.8,17.7,4,7.1,Moderate Debt,35-44
Male,Corporate 9-to-5,Intermediate,44,Streaming (Netflix/Hulu),58,1,35,0,41.7,6.99,16.8,18.6,2,2.0,Mild Deficit,<25
Male,Remote Tech,Intermediate,101,Instagram / Reddit,100,1,0,24,58.0,5.77,17.7,18.7,5,5.9,Moderate Debt,25-34
Female,Freelance / Creative,Night Owl,7,TikTok / Reels,53,1,42,31,23.4,6.73,25.6,20.0,2,1.3,Moderate Debt,55+
Female,Remote Tech,Morning Lark,58,Streaming (Netflix/Hulu),87,1,65,47,49.6,7.46,21.7,16.0,2,2.7,Mild Deficit,25-34
Male,Healthcare / Shift Worker,Night Owl,62,YouTube,47,1,0,23,38.0,3.75,23.2,20.0,5,6.8,Moderate Debt,25-34
Male,Corporate 9-to-5,Morning Lark,20,Instagram / Reddit,76,0,98,25,34.2,7.5,20.0,19.9,2,2.6,Mild Deficit,<25
Female,Student,Intermediate,136,Messaging / Chat,67,1,0,14,58.7,4.3,19.1,21.0,5,8.5,Moderate Debt,35-44
Male,Student,Morning Lark,40,YouTube,62,1,0,87,32.1,8.49,24.4,20.3,0,1.0,Optimal Recovery,35-44
Female,Healthcare / Shift Worker,Night Owl,78,TikTok / Reels,62,0,0,9,51.6,3.2,18.6,20.1,7,10.0,Severe Sleep Debt,25-34
Female,Corporate 9-to-5,Intermediate,30,News / Reading,84,1,0,3,24.4,7.41,19.9,21.4,1,1.0,Mild Deficit,55+
Non-Binary,Corporate 9-to-5,Intermediate,26,YouTube,52,0,27,49,25.9,8.28,19.4,17.0,0,1.0,Optimal Recovery,<25
Male,Corporate 9-to-5,Intermediate,85,YouTube,58,0,0,18,46.4,4.24,19.1,21.1,4,7.4,Moderate Debt,25-34
Female,Freelance / Creative,Intermediate,28,YouTube,100,0,0,4,23.9,9.09,17.2,23.3,0,1.0,Optimal Recovery,45-54
Female,Corporate 9-to-5,Night Owl,45,YouTube,66,1,0,30,55.1,5.9,24.6,14.9,4,4.1,Moderate Debt,25-34
Female,Corporate 9-to-5,Morning Lark,32,YouTube,80,0,0,34,22.8,8.7,20.7,18.8,0,1.0,Optimal Recovery,25-34
Female,Remote Tech,Intermediate,82,YouTube,50,0,0,47,42.1,5.3,22.8,19.6,3,4.7,Moderate Debt,25-34
Female,Remote Tech,Morning Lark,38,YouTube,45,1,0,40,34.6,8.14,23.7,16.9,1,1.0,Optimal Recovery,45-54
Female,Healthcare / Shift Worker,Intermediate,22,Instagram / Reddit,71,1,0,37,27.8,5.67,20.5,18.3,3,3.2,Moderate Debt,<25
Male,Freelance / Creative,Night Owl,66,YouTube,60,0,70,46,58.8,3.95,22.2,23.2,5,7.8,Moderate Debt,55+
Male,Remote Tech,Intermediate,127,Instagram / Reddit,51,1,0,53,64.1,5.63,22.7,16.0,4,5.1,Moderate Debt,35-44
Male,Freelance / Creative,Night Owl,90,Instagram / Reddit,22,1,0,22,54.5,4.76,22.2,18.7,3,4.7,Moderate Debt,<25
Male,Student,Intermediate,91,YouTube,20,1,0,23,45.2,6.22,23.3,20.4,3,3.4,Moderate Debt,35-44
Female,Corporate 9-to-5,Intermediate,33,Instagram / Reddit,17,1,174,51,45.0,7.34,20.3,14.4,2,2.7,Mild Deficit,25-34
Female,Freelance / Creative,Intermediate,59,TikTok / Reels,62,0,52,29,52.6,5.91,23.8,18.9,3,4.4,Moderate Debt,25-34
Female,Student,Night Owl,40,News / Reading,34,1,0,18,29.6,5.38,22.8,21.0,3,3.1,Moderate Debt,35-44
Male,Remote Tech,Intermediate,23,News / Reading,20,1,134,20,16.0,7.73,24.6,18.7,0,1.2,Mild Deficit,55+
Female,Student,Intermediate,67,Instagram / Reddit,38,0,0,3,44.4,6.03,21.0,20.4,3,3.4,Moderate Debt,<25
Male,Remote Tech,Night Owl,63,YouTube,17,0,136,44,43.5,4.85,23.7,19.1,5,6.9,Moderate Debt,25-34
Male,Corporate 9-to-5,Night Owl,47,News / Reading,43,1,0,75,25.0,5.51,26.0,20.5,3,3.0,Moderate Debt,25-34
Female,Student,Intermediate,107,News / Reading,42,1,0,56,40.1,7.21,23.0,19.9,4,1.3,Mild Deficit,25-34
Female,Healthcare / Shift Worker,Intermediate,15,YouTube,65,0,83,21,19.4,7.06,20.6,20.6,3,1.7,Mild Deficit,25-34
Male,Student,Intermediate,76,Instagram / Reddit,58,0,50,0,51.3,6.68,15.7,14.1,3,4.5,Moderate Debt,<25
Male,Corporate 9-to-5,Intermediate,68,TikTok / Reels,45,0,0,12,63.6,6.28,20.8,23.0,5,5.2,Moderate Debt,35-44
Male,Freelance / Creative,Intermediate,11,TikTok / Reels,68,0,71,33,30.0,7.03,21.2,17.4,0,1.2,Mild Deficit,25-34
Female,Corporate 9-to-5,Night Owl,67,YouTube,30,0,35,52,40.4,5.08,24.8,17.5,5,5.7,Moderate Debt,<25
Male,Corporate 9-to-5,Morning Lark,14,Streaming (Netflix/Hulu),45,1,0,52,20.9,8.36,26.9,17.1,1,1.0,Optimal Recovery,45-54
Female,Corporate 9-to-5,Intermediate,38,YouTube,39,0,0,26,26.4,6.76,21.2,21.0,3,3.1,Mild Deficit,45-54
Non-Binary,Corporate 9-to-5,Night Owl,42,TikTok / Reels,54,0,0,34,40.3,5.69,24.8,13.6,5,3.5,Moderate Debt,25-34
Male,Remote Tech,Morning Lark,31,Instagram / Reddit,14,0,0,22,22.9,8.88,28.0,17.9,0,1.0,Optimal Recovery,25-34
Male,Student,Intermediate,30,Instagram / Reddit,100,0,0,24,23.6,8.67,20.9,19.5,0,1.0,Optimal Recovery,35-44
Female,Healthcare / Shift Worker,Night Owl,32,Instagram / Reddit,62,0,33,40,51.2,4.69,19.2,17.0,4,5.3,Moderate Debt,25-34
Male,Freelance / Creative,Night Owl,56,Instagram / Reddit,63,0,26,24,36.0,5.53,17.8,15.4,2,4.3,Moderate Debt,25-34
Female,Healthcare / Shift Worker,Intermediate,99,Instagram / Reddit,14,1,0,7,50.8,3.31,22.2,20.6,6,8.5,Moderate Debt,35-44
Female,Remote Tech,Morning Lark,71,TikTok / Reels,59,1,157,37,63.6,7.32,15.5,12.8,2,4.3,Mild Deficit,<25
Female,Student,Morning Lark,81,Instagram / Reddit,51,1,48,48,50.5,7.9,21.1,16.9,1,1.0,Optimal Recovery,<25
Male,Healthcare / Shift Worker,Intermediate,122,TikTok / Reels,77,0,0,24,85.9,4.54,18.3,23.0,5,8.1,Moderate Debt,<25
Male,Remote Tech,Morning Lark,108,Streaming (Netflix/Hulu),49,0,0,88,44.2,6.32,27.7,20.4,3,4.6,Moderate Debt,<25
Female,Healthcare / Shift Worker,Morning Lark,80,TikTok / Reels,48,0,60,33,68.5,5.22,22.7,13.2,5,6.4,Moderate Debt,<25
Male,Remote Tech,Night Owl,18,YouTube,54,0,0,17,18.6,5.72,24.4,18.4,2,2.0,Moderate Debt,55+
Female,Remote Tech,Night Owl,38,YouTube,83,1,0,75,33.6,6.19,23.7,23.5,2,1.1,Moderate Debt,25-34
Female,Remote Tech,Night Owl,10,Instagram / Reddit,24,0,54,66,10.2,5.71,25.5,19.7,3,1.0,Moderate Debt,<25
Female,Student,Morning Lark,17,Instagram / Reddit,20,1,0,88,26.4,8.87,24.0,17.0,0,1.0,Optimal Recovery,25-34
Male,Student,Morning Lark,41,YouTube,10,1,0,34,21.6,9.44,24.2,24.5,0,1.0,Optimal Recovery,55+
Male,Remote Tech,Night Owl,54,Instagram / Reddit,77,1,0,27,27.3,7.26,23.5,19.9,1,1.0,Mild Deficit,25-34
Female,Remote Tech,Night Owl,99,TikTok / Reels,74,1,0,33,62.5,3.82,20.5,18.3,5,8.4,Moderate Debt,25-34
Male,Freelance / Creative,Night Owl,82,Streaming (Netflix/Hulu),31,1,160,49,56.1,4.08,23.4,15.1,5,6.8,Moderate Debt,45-54
Female,Freelance / Creative,Night Owl,116,TikTok / Reels,27,0,80,62,82.3,3.5,23.8,16.2,7,10.0,Severe Sleep Debt,25-34
Male,Corporate 9-to-5,Night Owl,24,Streaming (Netflix/Hulu),74,0,142,57,29.5,7.86,23.4,16.4,2,1.0,Optimal Recovery,25-34
Female,Corporate 9-to-5,Intermediate,114,Messaging / Chat,26,0,0,35,46.9,6.29,20.2,23.2,3,3.1,Moderate Debt,<25
Male,Student,Intermediate,70,News / Reading,49,0,0,51,44.4,7.66,25.9,23.8,2,1.0,Mild Deficit,25-34
Male,Remote Tech,Intermediate,90,Streaming (Netflix/Hulu),44,1,0,14,31.8,6.21,22.9,20.9,2,2.9,Moderate Debt,25-34
Male,Corporate 9-to-5,Intermediate,60,YouTube,100,0,118,15,45.7,6.44,16.4,17.7,3,4.8,Moderate Debt,35-44
Female,Corporate 9-to-5,Intermediate,69,YouTube,52,1,71,38,38.2,5.59,24.5,17.0,4,4.8,Moderate Debt,25-34
Male,Healthcare / Shift Worker,Night Owl,53,TikTok / Reels,80,0,0,0,41.5,3.57,18.9,16.7,6,7.9,Moderate Debt,35-44
Female,Healthcare / Shift Worker,Morning Lark,43,TikTok / Reels,64,0,0,35,40.1,6.4,20.1,15.6,1,1.6,Moderate Debt,<25
Male,Remote Tech,Night Owl,56,TikTok / Reels,46,1,0,56,47.1,4.19,25.5,22.8,5,7.5,Moderate Debt,<25
Female,Remote Tech,Morning Lark,67,Instagram / Reddit,43,0,0,44,39.6,7.48,24.1,19.7,1,1.1,Mild Deficit,25-34
Female,Remote Tech,Intermediate,140,Instagram / Reddit,57,1,0,66,74.5,3.87,21.2,16.1,6,9.9,Severe Sleep Debt,55+
Male,Corporate 9-to-5,Night Owl,32,Messaging / Chat,57,0,0,26,29.9,3.74,20.8,17.5,5,6.7,Moderate Debt,25-34
Male,Remote Tech,Morning Lark,33,Instagram / Reddit,45,0,68,3,32.4,8.18,17.7,16.3,0,1.0,Optimal Recovery,35-44
Female,Corporate 9-to-5,Intermediate,39,Instagram / Reddit,66,0,0,18,38.0,6.67,23.8,21.7,2,1.0,Moderate Debt,25-34
Male,Remote Tech,Morning Lark,120,YouTube,56,1,0,37,60.7,6.8,20.0,19.9,3,3.8,Mild Deficit,<25
Non-Binary,Corporate 9-to-5,Night Owl,100,Streaming (Netflix/Hulu),41,1,0,72,39.9,4.94,23.6,21.3,4,5.3,Moderate Debt,<25
Male,Student,Night Owl,61,Messaging / Chat,48,0,0,77,40.2,6.33,27.8,19.9,1,2.7,Moderate Debt,25-34
Female,Student,Night Owl,49,YouTube,65,1,0,0,38.3,4.45,18.7,24.0,4,6.1,Moderate Debt,<25
Male,Remote Tech,Night Owl,25,TikTok / Reels,34,0,42,30,27.0,6.66,23.5,18.4,2,1.2,Moderate Debt,<25
Female,Corporate 9-to-5,Night Owl,15,TikTok / Reels,34,0,0,18,27.3,6.16,25.3,23.0,2,2.0,Moderate Debt,35-44
Female,Corporate 9-to-5,Morning Lark,44,Instagram / Reddit,29,0,20,21,25.3,8.56,24.8,18.8,1,1.0,Optimal Recovery,<25
Male,Student,Intermediate,23,YouTube,48,1,0,30,15.5,7.15,23.6,22.4,1,1.0,Mild Deficit,25-34
Male,Corporate 9-to-5,Intermediate,96,Instagram / Reddit,50,1,0,18,55.7,5.75,20.8,17.7,4,5.6,Moderate Debt,25-34
Male,Corporate 9-to-5,Intermediate,58,Streaming (Netflix/Hulu),33,0,22,48,36.1,6.77,24.8,19.7,1,1.5,Mild Deficit,25-34
Female,Student,Night Owl,51,Streaming (Netflix/Hulu),55,1,0,71,33.2,4.87,24.0,18.7,4,4.7,Moderate Debt,25-34
Female,Student,Morning Lark,20,Streaming (Netflix/Hulu),55,1,0,70,24.4,8.03,22.0,22.9,1,1.0,Optimal Recovery,25-34
Female,Corporate 9-to-5,Morning Lark,39,Instagram / Reddit,74,1,81,18,29.9,8.9,19.5,19.5,0,1.0,Optimal Recovery,25-34
Female,Remote Tech,Intermediate,52,Streaming (Netflix/Hulu),73,1,52,32,31.7,6.04,20.9,20.8,2,3.3,Moderate Debt,35-44
Female,Freelance / Creative,Morning Lark,121,TikTok / Reels,15,1,0,70,75.7,6.95,24.8,19.1,4,2.6,Mild Deficit,45-54
Female,Freelance / Creative,Intermediate,54,YouTube,61,0,76,46,40.8,6.37,21.6,18.9,4,5.1,Moderate Debt,<25
Male,Corporate 9-to-5,Intermediate,73,YouTube,16,1,0,63,47.6,6.77,28.0,17.3,3,2.3,Mild Deficit,<25
Male,Healthcare / Shift Worker,Night Owl,30,News / Reading,66,0,0,49,23.4,4.6,21.7,20.1,4,5.0,Moderate Debt,45-54
Male,Remote Tech,Morning Lark,47,Instagram / Reddit,66,1,0,57,47.1,8.23,24.6,18.1,2,1.0,Optimal Recovery,25-34
Male,Freelance / Creative,Night Owl,18,Instagram / Reddit,35,0,118,24,25.2,5.37,25.7,15.1,3,3.3,Moderate Debt,25-34
Female,Remote Tech,Morning Lark,108,YouTube,62,0,0,21,65.3,5.69,19.2,18.4,4,7.1,Moderate Debt,25-34
Female,Student,Intermediate,94,TikTok / Reels,34,1,0,0,51.4,7.41,19.3,17.7,2,2.0,Mild Deficit,<25
Male,Student,Intermediate,137,Instagram / Reddit,52,0,0,9,74.9,3.98,19.0,20.5,7,10.0,Severe Sleep Debt,35-44
Male,Remote Tech,Morning Lark,52,TikTok / Reels,57,1,0,27,41.5,7.73,18.1,15.9,3,1.7,Mild Deficit,25-34
Male,Healthcare / Shift Worker,Morning Lark,11,TikTok / Reels,50,0,0,0,16.1,7.83,20.8,17.5,1,1.0,Optimal Recovery,<25
Female,Corporate 9-to-5,Morning Lark,48,YouTube,70,0,25,55,34.3,6.53,18.9,19.0,1,2.4,Moderate Debt,25-34
Female,Corporate 9-to-5,Intermediate,31,Streaming (Netflix/Hulu),39,1,0,36,22.4,7.1,21.3,18.5,2,1.0,Mild Deficit,35-44
Male,Remote Tech,Night Owl,58,Messaging / Chat,65,1,0,29,34.5,5.59,24.7,20.1,3,3.7,Moderate Debt,35-44
Male,Freelance / Creative,Intermediate,53,Streaming (Netflix/Hulu),30,0,0,32,31.5,6.24,20.9,22.0,3,2.7,Moderate Debt,<25
Male,Remote Tech,Intermediate,44,YouTube,13,1,0,60,19.1,7.02,24.6,22.1,1,1.0,Mild Deficit,25-34
Female,Student,Intermediate,29,TikTok / Reels,21,1,0,13,33.9,7.72,23.9,18.8,1,1.0,Mild Deficit,35-44
Male,Student,Morning Lark,95,Instagram / Reddit,35,1,0,8,40.6,7.97,21.2,18.3,2,1.0,Optimal Recovery,35-44
Male,Corporate 9-to-5,Morning Lark,26,YouTube,68,0,144,25,46.7,7.58,18.2,17.3,2,2.8,Mild Deficit,35-44
Male,Remote Tech,Night Owl,59,TikTok / Reels,66,1,155,68,49.2,4.29,18.3,16.0,4,9.1,Severe Sleep Debt,<25
Male,Student,Morning Lark,130,Instagram / Reddit,51,1,20,18,67.7,5.59,19.3,16.9,6,6.6,Moderate Debt,35-44
Male,Freelance / Creative,Night Owl,91,TikTok / Reels,13,1,72,41,61.6,3.72,19.7,18.4,5,8.4,Moderate Debt,35-44
Male,Corporate 9-to-5,Morning Lark,28,TikTok / Reels,91,1,56,22,33.5,8.59,23.0,16.1,0,1.0,Optimal Recovery,<25
Male,Remote Tech,Intermediate,62,YouTube,25,0,0,0,28.5,6.55,23.4,16.8,3,3.1,Moderate Debt,25-34
Female,Corporate 9-to-5,Night Owl,17,YouTube,62,0,118,11,25.3,5.88,15.0,12.5,2,3.5,Moderate Debt,25-34
Male,Corporate 9-to-5,Intermediate,25,Streaming (Netflix/Hulu),47,0,0,11,23.1,7.43,16.7,20.4,2,1.0,Mild Deficit,35-44
Male,Remote Tech,Night Owl,42,TikTok / Reels,63,0,20,41,34.3,5.31,26.1,18.1,5,3.7,Moderate Debt,<25
Female,Remote Tech,Intermediate,46,TikTok / Reels,81,0,84,52,48.6,6.61,19.2,12.8,2,2.2,Moderate Debt,35-44
Male,Corporate 9-to-5,Intermediate,87,YouTube,59,1,0,0,35.8,6.52,23.4,20.2,2,2.4,Moderate Debt,45-54
Female,Corporate 9-to-5,Morning Lark,45,TikTok / Reels,69,1,0,33,32.3,6.68,22.5,17.6,3,2.0,Moderate Debt,35-44
Male,Student,Night Owl,52,YouTube,100,1,85,31,43.6,3.87,22.7,19.2,6,9.0,Severe Sleep Debt,45-54
Male,Freelance / Creative,Intermediate,85,TikTok / Reels,75,0,146,80,68.5,5.23,18.8,15.0,5,7.5,Moderate Debt,55+
Female,Corporate 9-to-5,Intermediate,29,YouTube,22,0,99,34,25.7,7.21,19.8,14.7,3,3.1,Mild Deficit,<25
Female,Student,Night Owl,128,Streaming (Netflix/Hulu),10,1,0,57,66.3,3.49,28.0,22.5,5,7.7,Moderate Debt,35-44
Male,Corporate 9-to-5,Intermediate,112,TikTok / Reels,66,1,20,2,77.8,5.17,19.7,16.1,4,7.6,Moderate Debt,25-34
Male,Freelance / Creative,Intermediate,56,TikTok / Reels,46,0,29,26,51.2,6.18,21.9,19.6,3,3.9,Moderate Debt,45-54
Female,Student,Night Owl,80,YouTube,71,1,0,0,43.6,5.48,22.7,18.3,3,3.7,Moderate Debt,25-34
Male,Healthcare / Shift Worker,Intermediate,56,Streaming (Netflix/Hulu),10,1,0,24,30.4,5.64,21.9,20.5,3,3.3,Moderate Debt,55+
Male,Corporate 9-to-5,Intermediate,49,YouTube,78,0,0,33,50.2,7.04,19.2,21.2,3,2.1,Mild Deficit,35-44
Female,Remote Tech,Night Owl,63,YouTube,53,0,0,0,34.6,5.33,22.6,21.3,4,4.9,Moderate Debt,35-44
Female,Remote Tech,Intermediate,96,YouTube,97,1,93,54,65.6,6.56,19.4,18.6,4,5.8,Moderate Debt,<25
Male,Corporate 9-to-5,Morning Lark,90,TikTok / Reels,55,0,0,47,59.3,7.8,23.0,21.0,2,2.3,Optimal Recovery,<25
Female,Corporate 9-to-5,Intermediate,32,Streaming (Netflix/Hulu),66,0,0,54,24.9,6.8,27.8,19.7,1,2.2,Mild Deficit,35-44
Male,Remote Tech,Night Owl,51,Instagram / Reddit,47,0,69,39,36.0,5.2,19.6,20.8,4,5.3,Moderate Debt,<25
Male,Student,Morning Lark,21,Streaming (Netflix/Hulu),46,1,0,11,15.9,8.59,25.0,18.0,0,1.0,Optimal Recovery,45-54
Female,Corporate 9-to-5,Intermediate,74,TikTok / Reels,61,0,106,55,57.4,7.13,20.3,18.1,3,3.4,Mild Deficit,<25
Male,Remote Tech,Intermediate,81,Messaging / Chat,49,1,90,14,45.1,7.09,21.6,16.6,2,2.1,Mild Deficit,35-44
Female,Corporate 9-to-5,Morning Lark,70,Messaging / Chat,43,0,143,1,43.6,6.81,12.1,17.4,3,4.2,Mild Deficit,25-34
Male,Corporate 9-to-5,Intermediate,180,YouTube,62,0,0,24,85.4,4.22,18.3,21.0,7,10.0,Severe Sleep Debt,35-44
Male,Student,Intermediate,59,YouTube,43,0,70,30,43.8,7.5,22.6,16.8,2,2.7,Mild Deficit,35-44
Male,Corporate 9-to-5,Intermediate,10,Instagram / Reddit,63,0,89,38,26.0,6.47,22.0,22.9,2,3.1,Moderate Debt,25-34
Male,Remote Tech,Intermediate,53,Instagram / Reddit,24,1,0,14,20.7,8.31,21.9,16.9,1,1.0,Optimal Recovery,<25
Male,Remote Tech,Morning Lark,27,YouTube,55,1,0,69,13.4,8.71,22.6,23.2,0,1.0,Optimal Recovery,<25
Male,Student,Intermediate,86,News / Reading,51,0,75,46,49.3,6.53,16.6,20.8,1,3.7,Moderate Debt,35-44
Male,Remote Tech,Morning Lark,97,TikTok / Reels,10,0,0,50,59.1,7.3,26.5,16.2,2,2.3,Mild Deficit,25-34
Female,Freelance / Creative,Morning Lark,44,Instagram / Reddit,30,0,0,59,23.4,7.62,22.9,15.7,2,1.0,Mild Deficit,35-44
Male,Remote Tech,Intermediate,53,TikTok / Reels,10,1,0,41,40.2,6.01,24.8,17.2,3,3.1,Moderate Debt,25-34
Male,Student,Intermediate,64,TikTok / Reels,57,0,0,42,40.6,6.1,20.6,20.3,4,3.0,Moderate Debt,25-34
Female,Corporate 9-to-5,Morning Lark,63,TikTok / Reels,39,1,0,31,46.7,6.91,27.3,18.7,1,1.1,Mild Deficit,25-34
Female,Remote Tech,Intermediate,98,YouTube,49,1,70,32,53.2,6.53,20.1,17.0,3,4.0,Moderate Debt,<25
Female,Remote Tech,Night Owl,61,YouTube,82,1,92,48,45.8,5.17,15.7,17.6,3,6.4,Moderate Debt,25-34
Female,Corporate 9-to-5,Morning Lark,51,TikTok / Reels,55,0,0,8,35.8,8.77,21.4,17.0,0,1.0,Optimal Recovery,55+
Female,Remote Tech,Intermediate,44,Streaming (Netflix/Hulu),61,0,0,12,21.5,7.16,19.5,19.0,2,1.0,Mild Deficit,45-54
Female,Corporate 9-to-5,Night Owl,19,YouTube,45,1,41,81,19.8,6.8,24.9,16.3,3,2.1,Mild Deficit,25-34
Female,Corporate 9-to-5,Morning Lark,26,YouTube,40,0,0,30,18.5,9.72,21.8,21.0,0,1.0,Optimal Recovery,35-44
Male,Corporate 9-to-5,Night Owl,24,TikTok / Reels,26,0,80,107,26.7,5.93,22.8,16.7,2,3.4,Moderate Debt,45-54
Female,Student,Night Owl,180,TikTok / Reels,69,0,0,53,104.0,3.2,17.1,19.6,7,10.0,Severe Sleep Debt,25-34
Male,Student,Morning Lark,50,Instagram / Reddit,86,1,148,47,53.2,6.89,22.1,19.7,3,3.5,Mild Deficit,<25
Male,Corporate 9-to-5,Night Owl,80,Instagram / Reddit,78,0,0,17,49.5,4.52,18.3,19.4,4,6.6,Moderate Debt,<25
Male,Remote Tech,Intermediate,74,Streaming (Netflix/Hulu),31,1,0,29,35.7,6.55,24.0,18.4,0,1.0,Moderate Debt,25-34
Male,Corporate 9-to-5,Morning Lark,11,TikTok / Reels,80,0,0,0,19.2,8.63,23.8,17.5,0,1.0,Optimal Recovery,55+
Female,Corporate 9-to-5,Intermediate,46,News / Reading,52,0,0,37,22.2,7.61,20.7,21.4,1,1.0,Mild Deficit,35-44
Male,Student,Morning Lark,69,YouTube,84,0,250,17,65.5,6.71,9.6,14.7,6,8.6,Moderate Debt,<25
Male,Student,Intermediate,8,Instagram / Reddit,63,0,57,25,23.4,9.26,21.6,19.2,0,1.0,Optimal Recovery,<25
Female,Corporate 9-to-5,Morning Lark,46,TikTok / Reels,61,1,0,23,45.1,8.61,23.3,17.3,1,1.0,Optimal Recovery,35-44
Female,Corporate 9-to-5,Night Owl,85,Instagram / Reddit,62,1,0,11,43.6,4.24,22.7,19.9,6,6.6,Moderate Debt,45-54
Female,Healthcare / Shift Worker,Intermediate,41,Instagram / Reddit,21,1,112,0,46.2,5.11,20.5,17.8,4,5.9,Moderate Debt,35-44
Female,Corporate 9-to-5,Intermediate,77,Streaming (Netflix/Hulu),30,0,0,32,42.9,5.9,26.5,21.8,3,3.9,Moderate Debt,35-44
Female,Corporate 9-to-5,Morning Lark,28,Instagram / Reddit,42,0,0,31,27.1,7.73,26.9,19.8,2,1.0,Mild Deficit,<25
Male,Student,Intermediate,39,YouTube,48,0,0,0,27.8,6.94,22.8,17.8,1,1.0,Mild Deficit,45-54
Male,Remote Tech,Morning Lark,80,YouTube,57,1,61,22,45.8,8.1,20.5,18.0,1,1.2,Optimal Recovery,35-44
Male,Remote Tech,Night Owl,47,News / Reading,46,1,0,27,28.4,5.36,23.8,24.4,5,4.2,Moderate Debt,25-34
Male,Healthcare / Shift Worker,Morning Lark,21,YouTube,45,0,0,44,20.0,7.23,26.7,18.1,1,1.0,Mild Deficit,35-44
Male,Corporate 9-to-5,Intermediate,85,TikTok / Reels,80,0,0,20,64.2,6.67,21.3,19.6,4,5.1,Moderate Debt,<25
Male,Student,Intermediate,62,TikTok / Reels,82,0,46,43,48.4,5.65,22.9,16.6,5,5.6,Moderate Debt,<25
Male,Corporate 9-to-5,Intermediate,29,TikTok / Reels,67,0,135,55,35.2,6.31,20.6,15.5,2,2.9,Moderate Debt,<25
Female,Student,Intermediate,79,TikTok / Reels,41,0,0,16,60.0,5.39,21.9,13.8,4,6.1,Moderate Debt,<25
Male,Healthcare / Shift Worker,Intermediate,43,Instagram / Reddit,63,0,106,10,56.4,4.11,13.3,14.8,5,8.5,Moderate Debt,25-34
Male,Remote Tech,Intermediate,113,Streaming (Netflix/Hulu),81,0,31,8,82.5,5.0,11.7,18.6,5,9.1,Severe Sleep Debt,25-34
Female,Student,Intermediate,97,YouTube,50,1,75,46,49.2,6.75,20.7,21.9,3,3.3,Mild Deficit,25-34
Male,Healthcare / Shift Worker,Night Owl,53,News / Reading,82,0,79,27,36.0,3.63,18.1,18.2,4,8.6,Severe Sleep Debt,25-34
Male,Corporate 9-to-5,Night Owl,71,Instagram / Reddit,94,0,0,26,52.2,4.19,21.1,13.5,4,7.5,Moderate Debt,25-34
Male,Student,Intermediate,109,Instagram / Reddit,75,1,0,38,56.2,5.66,20.6,22.6,4,5.5,Moderate Debt,<25
Female,Freelance / Creative,Night Owl,53,Instagram / Reddit,67,0,86,0,53.8,4.92,21.8,19.5,4,6.8,Moderate Debt,35-44
Male,Remote Tech,Night Owl,10,YouTube,62,0,0,46,11.4,8.1,21.4,19.0,1,1.0,Optimal Recovery,25-34
Female,Corporate 9-to-5,Intermediate,71,TikTok / Reels,68,1,44,24,62.6,6.57,24.4,18.5,2,4.5,Moderate Debt,25-34
Female,Corporate 9-to-5,Morning Lark,87,Streaming (Netflix/Hulu),63,0,0,19,40.3,5.8,23.1,18.5,5,4.3,Moderate Debt,45-54
Female,Corporate 9-to-5,Intermediate,89,News / Reading,31,0,0,29,40.2,5.0,23.0,19.9,3,5.1,Moderate Debt,35-44
Male,Corporate 9-to-5,Intermediate,27,TikTok / Reels,82,1,0,42,20.4,7.92,23.7,19.3,2,1.0,Optimal Recovery,45-54
Male,Remote Tech,Intermediate,114,Messaging / Chat,57,1,70,25,67.2,5.59,18.3,20.0,5,6.4,Moderate Debt,25-34
Female,Corporate 9-to-5,Intermediate,180,YouTube,100,0,0,15,89.3,3.2,16.2,19.4,6,10.0,Severe Sleep Debt,<25
Male,Corporate 9-to-5,Intermediate,88,YouTube,100,0,0,58,50.3,6.59,19.9,23.1,3,3.5,Moderate Debt,35-44
Female,Remote Tech,Intermediate,42,Messaging / Chat,50,0,0,16,35.9,6.14,21.9,18.0,2,2.9,Moderate Debt,<25
Female,Remote Tech,Intermediate,65,TikTok / Reels,59,1,63,7,43.5,6.55,22.0,19.3,2,3.8,Moderate Debt,25-34
Male,Remote Tech,Morning Lark,77,TikTok / Reels,46,0,52,24,52.3,7.0,16.7,15.5,3,3.2,Mild Deficit,<25
Female,Student,Morning Lark,82,Messaging / Chat,36,0,118,35,54.4,6.42,19.7,17.5,3,4.3,Moderate Debt,45-54
Male,Corporate 9-to-5,Intermediate,59,YouTube,54,1,20,9,41.7,5.78,20.9,21.9,3,3.2,Moderate Debt,<25
Female,Corporate 9-to-5,Intermediate,24,Streaming (Netflix/Hulu),56,0,66,32,29.4,7.91,23.4,17.9,1,1.0,Optimal Recovery,45-54
Female,Corporate 9-to-5,Night Owl,81,Streaming (Netflix/Hulu),29,0,46,48,34.5,4.33,24.3,18.0,3,5.7,Moderate Debt,45-54
Male,Remote Tech,Morning Lark,33,TikTok / Reels,33,0,0,58,26.0,9.01,24.9,18.0,1,1.0,Optimal Recovery,25-34
Male,Corporate 9-to-5,Morning Lark,42,YouTube,10,1,0,1,23.7,8.44,22.5,18.8,0,1.0,Optimal Recovery,35-44
Female,Student,Intermediate,29,News / Reading,32,0,0,47,26.6,7.15,23.9,18.6,3,1.5,Mild Deficit,35-44
Male,Corporate 9-to-5,Intermediate,22,YouTube,72,1,20,26,15.5,7.92,25.5,19.3,1,1.0,Optimal Recovery,45-54
Male,Freelance / Creative,Intermediate,41,Instagram / Reddit,84,1,0,38,36.8,6.81,23.8,20.4,3,2.2,Mild Deficit,25-34
Male,Remote Tech,Intermediate,63,YouTube,16,1,0,16,43.4,6.73,23.7,18.1,3,3.4,Moderate Debt,35-44
Female,Remote Tech,Morning Lark,36,Messaging / Chat,28,0,0,17,27.8,8.63,20.7,20.7,1,1.0,Optimal Recovery,25-34
Male,Healthcare / Shift Worker,Morning Lark,28,News / Reading,80,0,0,28,24.4,6.89,22.9,21.6,2,1.7,Mild Deficit,55+
Male,Student,Morning Lark,52,TikTok / Reels,38,1,0,21,44.9,7.77,26.1,20.2,3,1.6,Optimal Recovery,25-34
Female,Student,Intermediate,12,Streaming (Netflix/Hulu),46,1,54,17,16.9,8.65,21.0,19.9,1,1.0,Optimal Recovery,25-34
Male,Freelance / Creative,Night Owl,6,Messaging / Chat,41,1,20,12,11.0,6.13,22.2,22.1,3,1.8,Moderate Debt,35-44
Male,Remote Tech,Intermediate,91,Messaging / Chat,73,0,20,36,47.5,5.61,19.2,19.1,3,5.9,Moderate Debt,45-54
Male,Healthcare / Shift Worker,Morning Lark,19,Instagram / Reddit,88,0,0,26,26.5,6.79,27.2,18.3,1,1.0,Mild Deficit,25-34
Male,Remote Tech,Night Owl,55,TikTok / Reels,56,1,0,2,38.6,5.28,17.6,16.4,4,5.2,Moderate Debt,<25
Male,Healthcare / Shift Worker,Night Owl,92,YouTube,46,0,48,15,47.9,4.08,22.6,21.7,4,7.9,Moderate Debt,25-34
Male,Corporate 9-to-5,Morning Lark,56,Streaming (Netflix/Hulu),51,1,0,53,38.3,7.79,22.5,22.4,2,1.0,Optimal Recovery,55+
Male,Corporate 9-to-5,Intermediate,30,News / Reading,73,0,33,5,38.5,6.42,14.3,21.8,1,2.9,Moderate Debt,35-44
Male,Student,Morning Lark,53,Instagram / Reddit,66,0,38,53,40.3,6.28,23.5,16.3,2,3.0,Moderate Debt,45-54
Male,Corporate 9-to-5,Morning Lark,33,TikTok / Reels,50,0,0,23,40.6,7.88,28.0,17.7,1,1.0,Optimal Recovery,<25
Female,Corporate 9-to-5,Intermediate,40,TikTok / Reels,54,0,0,55,33.4,6.88,25.4,20.7,3,1.0,Mild Deficit,25-34
Female,Corporate 9-to-5,Night Owl,15,News / Reading,41,0,134,23,28.3,5.48,16.6,17.7,1,3.7,Moderate Debt,35-44
Male,Student,Intermediate,6,Instagram / Reddit,42,0,21,56,32.0,7.71,25.0,20.2,2,1.0,Mild Deficit,45-54
Female,Healthcare / Shift Worker,Night Owl,38,Instagram / Reddit,27,0,64,67,49.3,3.71,22.9,20.6,5,7.0,Moderate Debt,<25
Male,Student,Intermediate,21,Streaming (Netflix/Hulu),78,1,0,40,22.4,6.78,25.6,20.7,3,1.9,Mild Deficit,45-54
Male,Healthcare / Shift Worker,Night Owl,70,Messaging / Chat,10,1,28,36,24.3,3.97,21.3,21.3,3,5.7,Moderate Debt,25-34
Male,Remote Tech,Morning Lark,51,TikTok / Reels,61,0,40,56,51.4,6.81,21.2,18.3,2,2.0,Mild Deficit,<25
Non-Binary,Corporate 9-to-5,Morning Lark,40,YouTube,54,0,0,34,37.0,8.85,17.5,25.8,0,1.0,Optimal Recovery,25-34
Male,Corporate 9-to-5,Night Owl,135,Messaging / Chat,53,0,69,13,67.1,4.95,12.0,18.5,4,8.3,Moderate Debt,25-34
Female,Remote Tech,Intermediate,62,Streaming (Netflix/Hulu),43,1,0,9,37.1,5.69,25.9,21.2,2,2.9,Moderate Debt,25-34
Male,Corporate 9-to-5,Intermediate,57,TikTok / Reels,49,0,60,40,43.4,6.99,18.7,18.7,1,2.4,Mild Deficit,<25
Female,Corporate 9-to-5,Intermediate,111,TikTok / Reels,90,0,20,25,66.5,5.61,17.5,14.5,6,7.5,Moderate Debt,<25
Female,Remote Tech,Intermediate,26,YouTube,56,1,0,42,26.3,6.91,24.0,21.8,2,1.9,Mild Deficit,45-54
Female,Student,Intermediate,35,News / Reading,58,1,59,39,35.2,6.41,21.1,20.4,2,1.4,Moderate Debt,<25
Female,Remote Tech,Intermediate,23,TikTok / Reels,59,0,0,15,24.5,7.71,20.7,18.2,1,1.0,Mild Deficit,25-34
Female,Healthcare / Shift Worker,Night Owl,50,Messaging / Chat,41,1,33,43,40.1,3.79,23.2,17.7,7,8.7,Severe Sleep Debt,25-34
Female,Student,Intermediate,159,TikTok / Reels,44,0,84,60,91.3,4.11,21.0,16.3,5,9.6,Severe Sleep Debt,25-34
Male,Student,Intermediate,36,YouTube,66,1,0,33,21.9,7.7,24.9,21.5,0,1.0,Mild Deficit,35-44
Male,Freelance / Creative,Morning Lark,47,Messaging / Chat,38,1,66,22,30.2,7.98,25.5,14.9,0,1.0,Optimal Recovery,25-34
Female,Corporate 9-to-5,Night Owl,18,Messaging / Chat,53,0,0,14,22.0,5.43,21.9,17.3,2,2.6,Moderate Debt,35-44
Female,Student,Intermediate,92,TikTok / Reels,78,1,0,55,66.9,5.73,22.6,21.2,5,6.1,Moderate Debt,35-44
Male,Healthcare / Shift Worker,Morning Lark,124,TikTok / Reels,42,0,0,16,72.1,4.29,20.3,19.9,7,10.0,Severe Sleep Debt,<25
Male,Remote Tech,Morning Lark,36,YouTube,53,1,0,70,27.2,7.52,28.0,21.9,1,1.0,Mild Deficit,<25
Male,Healthcare / Shift Worker,Intermediate,180,TikTok / Reels,49,1,0,35,107.2,3.2,21.8,20.2,7,10.0,Severe Sleep Debt,25-34
Female,Remote Tech,Intermediate,11,Messaging / Chat,65,0,62,47,27.9,7.71,20.8,18.3,2,1.9,Mild Deficit,25-34
Male,Remote Tech,Intermediate,44,YouTube,58,0,0,26,31.0,7.18,21.7,22.7,3,1.5,Mild Deficit,35-44
Male,Corporate 9-to-5,Intermediate,35,Instagram / Reddit,41,1,101,56,31.7,5.94,22.5,20.1,3,4.3,Moderate Debt,35-44
Male,Freelance / Creative,Intermediate,53,TikTok / Reels,44,0,20,16,49.0,6.22,24.9,16.4,3,2.4,Moderate Debt,25-34
Female,Healthcare / Shift Worker,Night Owl,83,TikTok / Reels,42,1,0,61,49.3,3.2,21.7,20.6,5,8.2,Moderate Debt,<25
Female,Healthcare / Shift Worker,Morning Lark,120,YouTube,41,0,58,17,66.2,4.18,20.0,16.4,6,9.3,Severe Sleep Debt,25-34
Female,Student,Intermediate,32,TikTok / Reels,20,0,0,23,23.5,8.08,28.0,21.1,1,1.0,Optimal Recovery,35-44
Female,Corporate 9-to-5,Intermediate,63,Streaming (Netflix/Hulu),59,0,65,28,40.5,6.38,17.1,17.3,2,3.2,Moderate Debt,25-34
Female,Corporate 9-to-5,Intermediate,58,Messaging / Chat,42,1,0,84,34.8,6.11,25.2,17.9,2,2.4,Moderate Debt,25-34
Male,Healthcare / Shift Worker,Morning Lark,90,TikTok / Reels,65,0,86,24,82.2,5.23,16.1,18.4,7,9.6,Severe Sleep Debt,<25
Male,Remote Tech,Morning Lark,39,Streaming (Netflix/Hulu),57,1,0,32,23.8,8.23,18.1,19.0,1,1.0,Optimal Recovery,35-44
Male,Corporate 9-to-5,Morning Lark,30,Messaging / Chat,47,0,0,63,21.6,8.24,27.8,24.2,1,1.0,Optimal Recovery,45-54
Male,Remote Tech,Intermediate,33,YouTube,46,1,148,59,35.2,7.32,16.6,17.7,2,2.0,Mild Deficit,25-34
Female,Remote Tech,Intermediate,76,News / Reading,29,0,0,60,42.4,6.19,26.6,19.1,3,5.6,Moderate Debt,25-34
Non-Binary,Student,Morning Lark,14,TikTok / Reels,58,0,0,7,22.0,9.25,17.2,16.1,0,1.0,Optimal Recovery,55+
Male,Remote Tech,Intermediate,34,TikTok / Reels,53,1,0,28,35.6,7.9,23.0,17.5,1,1.0,Optimal Recovery,25-34
Female,Student,Intermediate,47,YouTube,43,1,20,53,32.9,6.58,23.7,17.2,2,2.5,Moderate Debt,35-44
Female,Healthcare / Shift Worker,Night Owl,62,News / Reading,15,0,0,52,35.4,5.15,22.3,19.1,5,5.4,Moderate Debt,<25
Male,Corporate 9-to-5,Morning Lark,60,YouTube,51,0,56,46,59.0,7.53,23.3,18.7,3,3.4,Mild Deficit,35-44
Male,Corporate 9-to-5,Intermediate,24,YouTube,52,1,0,9,22.0,6.34,23.2,19.0,2,1.0,Moderate Debt,<25
Female,Remote Tech,Night Owl,18,Messaging / Chat,77,1,46,30,28.4,5.36,23.8,17.7,3,3.6,Moderate Debt,55+
Male,Freelance / Creative,Night Owl,66,News / Reading,56,1,0,6,42.7,4.24,19.0,24.0,5,6.4,Moderate Debt,35-44
Male,Remote Tech,Intermediate,32,News / Reading,79,0,82,37,36.8,6.87,20.0,18.0,1,2.4,Mild Deficit,35-44
Male,Remote Tech,Intermediate,47,Instagram / Reddit,42,1,20,34,27.8,7.16,27.4,19.9,2,1.0,Mild Deficit,35-44
Female,Student,Night Owl,27,Streaming (Netflix/Hulu),50,0,75,30,33.3,7.09,19.0,14.1,2,3.5,Mild Deficit,35-44
Female,Remote Tech,Night Owl,26,YouTube,35,1,0,44,19.3,6.14,28.0,19.7,2,1.9,Moderate Debt,25-34
Male,Freelance / Creative,Night Owl,71,Streaming (Netflix/Hulu),50,0,0,34,38.3,4.71,18.1,19.8,4,6.1,Moderate Debt,45-54
Male,Healthcare / Shift Worker,Morning Lark,55,YouTube,72,0,0,29,44.6,5.02,19.7,21.7,4,4.8,Moderate Debt,55+
Female,Remote Tech,Morning Lark,42,Streaming (Netflix/Hulu),72,1,82,28,30.5,8.55,27.5,20.6,0,1.0,Optimal Recovery,25-34
Female,Student,Intermediate,50,YouTube,59,0,62,45,31.6,7.04,17.5,21.9,2,2.5,Mild Deficit,55+
Female,Corporate 9-to-5,Night Owl,36,Messaging / Chat,28,0,0,44,42.0,5.94,25.6,19.1,2,2.0,Moderate Debt,35-44
Female,Student,Night Owl,52,TikTok / Reels,27,0,66,22,46.6,5.22,20.9,13.4,3,4.6,Moderate Debt,25-34
Male,Student,Night Owl,41,Instagram / Reddit,50,1,0,8,37.8,4.67,22.2,17.2,4,4.6,Moderate Debt,25-34
Male,Remote Tech,Intermediate,121,YouTube,41,1,46,40,52.2,5.45,23.1,17.9,4,5.5,Moderate Debt,<25
Female,Corporate 9-to-5,Intermediate,34,TikTok / Reels,68,0,0,51,23.8,7.22,25.0,17.0,3,1.5,Mild Deficit,<25
Female,Freelance / Creative,Intermediate,28,TikTok / Reels,64,1,84,43,27.7,6.98,18.8,21.1,2,1.5,Mild Deficit,25-34
Male,Remote Tech,Night Owl,97,TikTok / Reels,62,0,0,43,66.6,3.85,19.8,18.8,5,7.7,Moderate Debt,25-34
Female,Student,Intermediate,43,Messaging / Chat,44,0,0,19,37.8,6.78,16.1,20.1,1,2.7,Mild Deficit,25-34
Male,Corporate 9-to-5,Night Owl,102,News / Reading,58,1,0,36,43.9,4.92,22.0,21.2,4,5.0,Moderate Debt,25-34
Male,Remote Tech,Intermediate,72,TikTok / Reels,62,1,0,25,69.5,5.53,23.8,18.1,4,5.4,Moderate Debt,55+
Male,Healthcare / Shift Worker,Morning Lark,26,TikTok / Reels,48,1,0,36,30.8,6.57,23.3,15.3,3,2.6,Moderate Debt,25-34
Female,Remote Tech,Night Owl,53,Instagram / Reddit,50,1,0,17,29.1,5.76,26.4,22.4,3,2.0,Moderate Debt,25-34
Female,Student,Morning Lark,21,YouTube,61,1,0,27,12.3,8.23,26.4,24.3,0,1.0,Optimal Recovery,<25
Female,Corporate 9-to-5,Intermediate,115,TikTok / Reels,33,0,59,16,62.7,5.97,19.4,15.3,3,4.4,Moderate Debt,<25
Female,Remote Tech,Night Owl,28,News / Reading,43,1,33,31,22.4,6.32,26.6,21.3,4,2.3,Moderate Debt,35-44
Female,Freelance / Creative,Intermediate,5,News / Reading,42,0,0,26,13.1,7.8,20.9,20.6,0,1.0,Optimal Recovery,35-44
Male,Remote Tech,Night Owl,23,TikTok / Reels,75,1,129,33,34.7,5.87,24.5,19.7,3,3.9,Moderate Debt,35-44
Male,Freelance / Creative,Intermediate,131,Instagram / Reddit,44,0,0,15,65.8,5.29,24.5,22.0,3,4.7,Moderate Debt,<25
Male,Freelance / Creative,Night Owl,64,TikTok / Reels,56,0,40,0,43.0,3.53,17.3,16.9,6,9.8,Severe Sleep Debt,35-44
Female,Freelance / Creative,Morning Lark,53,YouTube,68,0,0,53,33.6,7.52,24.7,22.6,1,1.0,Mild Deficit,25-34
Male,Healthcare / Shift Worker,Intermediate,13,Streaming (Netflix/Hulu),40,0,20,1,18.8,6.0,16.0,21.4,2,2.8,Moderate Debt,25-34
Male,Corporate 9-to-5,Intermediate,137,Instagram / Reddit,73,0,20,54,85.2,5.28,21.4,17.8,5,7.2,Moderate Debt,<25
Female,Freelance / Creative,Intermediate,106,YouTube,74,0,0,20,55.6,4.88,16.1,17.8,6,8.0,Moderate Debt,<25
Male,Corporate 9-to-5,Intermediate,23,Messaging / Chat,13,1,0,58,17.5,8.91,26.1,22.9,0,1.0,Optimal Recovery,25-34
Female,Corporate 9-to-5,Night Owl,12,Instagram / Reddit,62,1,99,50,26.5,6.44,20.7,16.3,2,2.5,Moderate Debt,<25
Female,Corporate 9-to-5,Night Owl,80,YouTube,76,1,81,25,54.9,5.99,18.7,18.9,3,4.3,Moderate Debt,55+
Female,Corporate 9-to-5,Night Owl,92,YouTube,47,1,182,13,55.1,3.27,15.5,18.9,6,10.0,Severe Sleep Debt,25-34
Male,Student,Intermediate,66,Instagram / Reddit,66,1,0,49,39.0,6.89,24.6,19.9,4,3.3,Mild Deficit,<25
Male,Remote Tech,Intermediate,105,TikTok / Reels,29,1,0,14,59.6,5.19,17.8,17.4,4,6.3,Moderate Debt,<25
Female,Corporate 9-to-5,Intermediate,59,TikTok / Reels,23,1,0,10,43.5,6.99,26.1,21.1,3,2.6,Mild Deficit,35-44
Female,Remote Tech,Night Owl,32,Streaming (Netflix/Hulu),47,1,0,41,26.8,6.24,19.3,22.4,3,3.2,Moderate Debt,<25
Female,Remote Tech,Morning Lark,111,TikTok / Reels,35,1,0,64,60.3,5.9,22.4,23.0,4,4.3,Moderate Debt,45-54
Female,Student,Intermediate,31,Streaming (Netflix/Hulu),62,1,240,0,46.5,6.15,14.0,17.6,3,6.9,Moderate Debt,55+
Female,Corporate 9-to-5,Intermediate,50,TikTok / Reels,61,0,0,29,44.8,4.98,16.5,18.2,3,6.9,Moderate Debt,25-34
Female,Corporate 9-to-5,Intermediate,65,Messaging / Chat,90,0,91,18,36.4,6.8,15.7,19.4,2,4.0,Mild Deficit,25-34
Female,Corporate 9-to-5,Night Owl,47,Streaming (Netflix/Hulu),71,0,21,0,38.8,5.13,13.9,22.3,3,5.7,Moderate Debt,<25
Male,Corporate 9-to-5,Intermediate,118,News / Reading,43,0,70,32,48.3,5.98,25.4,20.9,3,4.9,Moderate Debt,35-44
Male,Remote Tech,Night Owl,100,TikTok / Reels,56,1,93,46,65.1,5.59,21.6,15.7,3,6.8,Moderate Debt,25-34
Male,Remote Tech,Intermediate,32,YouTube,59,1,105,44,28.4,6.91,23.2,16.6,2,1.0,Mild Deficit,25-34
Female,Corporate 9-to-5,Night Owl,118,YouTube,66,0,0,29,65.4,4.13,17.3,22.1,5,7.7,Moderate Debt,<25
Female,Remote Tech,Intermediate,12,News / Reading,13,0,0,85,18.2,7.27,28.0,23.5,1,1.0,Mild Deficit,35-44
Female,Remote Tech,Intermediate,12,YouTube,46,1,0,42,14.8,8.3,23.1,21.7,1,1.0,Optimal Recovery,25-34
Female,Freelance / Creative,Intermediate,180,TikTok / Reels,76,1,43,50,114.9,3.2,17.2,18.3,7,10.0,Severe Sleep Debt,<25
Female,Corporate 9-to-5,Intermediate,100,YouTube,63,0,0,32,55.5,4.93,20.1,20.3,5,7.0,Moderate Debt,35-44
Male,Healthcare / Shift Worker,Intermediate,22,Instagram / Reddit,56,0,155,75,34.9,6.52,23.3,15.6,3,5.2,Moderate Debt,35-44
Male,Student,Intermediate,43,Streaming (Netflix/Hulu),45,0,0,40,21.4,7.37,19.6,22.7,2,1.0,Mild Deficit,45-54
Female,Corporate 9-to-5,Morning Lark,43,Instagram / Reddit,52,1,36,26,34.4,7.38,23.9,17.9,2,2.4,Mild Deficit,<25
Female,Freelance / Creative,Intermediate,89,TikTok / Reels,56,0,32,26,58.7,6.51,18.7,17.9,3,6.0,Moderate Debt,35-44
Male,Student,Intermediate,76,Streaming (Netflix/Hulu),37,1,0,10,39.0,5.87,24.9,19.8,4,4.9,Moderate Debt,35-44
Female,Student,Intermediate,113,Instagram / Reddit,60,1,54,55,71.0,5.27,22.7,19.0,5,7.3,Moderate Debt,<25
Male,Remote Tech,Night Owl,30,Instagram / Reddit,56,1,0,35,39.0,6.19,24.9,18.5,3,2.2,Moderate Debt,35-44
Non-Binary,Remote Tech,Night Owl,93,Instagram / Reddit,47,1,114,50,65.1,4.9,20.0,18.8,5,7.4,Moderate Debt,25-34
Non-Binary,Corporate 9-to-5,Intermediate,28,Streaming (Netflix/Hulu),47,0,0,50,23.9,7.89,22.7,23.5,0,1.0,Optimal Recovery,55+
Female,Corporate 9-to-5,Intermediate,66,TikTok / Reels,30,0,0,0,48.8,6.72,18.6,21.1,1,2.5,Moderate Debt,<25
Female,Healthcare / Shift Worker,Morning Lark,66,News / Reading,77,0,0,44,45.6,4.84,19.0,20.4,3,5.9,Moderate Debt,35-44
Female,Healthcare / Shift Worker,Intermediate,47,TikTok / Reels,65,0,46,29,32.8,5.12,19.2,20.5,3,5.0,Moderate Debt,25-34
Male,Corporate 9-to-5,Night Owl,28,News / Reading,61,0,0,28,21.6,5.3,25.5,18.6,5,4.4,Moderate Debt,55+
Male,Healthcare / Shift Worker,Morning Lark,70,Instagram / Reddit,66,1,0,46,43.7,5.71,26.1,18.1,2,3.4,Moderate Debt,25-34
Male,Student,Morning Lark,92,Streaming (Netflix/Hulu),10,1,0,34,39.9,5.74,23.9,22.0,4,4.5,Moderate Debt,55+
Male,Corporate 9-to-5,Intermediate,176,TikTok / Reels,89,1,124,57,117.6,4.5,17.0,15.3,6,10.0,Severe Sleep Debt,45-54
Male,Remote Tech,Night Owl,49,Messaging / Chat,10,1,83,41,34.1,5.6,21.1,17.2,3,4.1,Moderate Debt,25-34
Male,Remote Tech,Intermediate,44,YouTube,73,1,0,22,33.3,6.62,20.6,19.1,2,3.2,Moderate Debt,45-54
Male,Student,Night Owl,115,Streaming (Netflix/Hulu),57,0,121,4,64.6,4.42,18.0,18.0,4,8.7,Severe Sleep Debt,55+
Male,Healthcare / Shift Worker,Night Owl,110,Streaming (Netflix/Hulu),34,1,43,29,52.0,3.2,19.5,17.8,6,10.0,Severe Sleep Debt,25-34
Male,Corporate 9-to-5,Morning Lark,16,YouTube,57,1,0,38,21.0,9.08,24.3,19.5,0,1.0,Optimal Recovery,25-34
Female,Remote Tech,Morning Lark,94,News / Reading,65,1,0,46,32.2,6.68,22.4,23.4,3,1.9,Moderate Debt,25-34
Male,Student,Intermediate,87,Instagram / Reddit,45,1,0,0,39.3,5.67,25.5,18.7,4,5.0,Moderate Debt,25-34
Female,Healthcare / Shift Worker,Intermediate,46,Instagram / Reddit,79,1,119,22,38.6,4.89,22.1,21.4,4,5.4,Moderate Debt,<25
Female,Corporate 9-to-5,Intermediate,59,Messaging / Chat,25,1,0,74,30.0,6.81,24.8,18.1,0,1.0,Mild Deficit,25-34
Male,Remote Tech,Morning Lark,17,YouTube,34,0,178,40,26.4,8.48,17.7,14.3,1,1.0,Optimal Recovery,25-34
Male,Healthcare / Shift Worker,Morning Lark,92,Instagram / Reddit,30,1,0,58,50.1,5.68,23.2,19.8,3,4.5,Moderate Debt,25-34
Male,Corporate 9-to-5,Morning Lark,81,Instagram / Reddit,26,1,38,7,43.8,7.36,19.4,19.2,2,1.1,Mild Deficit,<25
Female,Remote Tech,Night Owl,120,Instagram / Reddit,58,0,69,54,72.2,3.2,17.8,19.6,6,10.0,Severe Sleep Debt,45-54
Male,Healthcare / Shift Worker,Night Owl,30,TikTok / Reels,87,1,0,29,29.8,4.32,19.0,13.4,4,5.9,Moderate Debt,35-44
Female,Corporate 9-to-5,Morning Lark,34,TikTok / Reels,72,0,0,33,32.7,7.79,21.6,20.5,1,1.0,Optimal Recovery,<25
Male,Healthcare / Shift Worker,Morning Lark,48,TikTok / Reels,49,1,20,12,35.4,6.39,20.1,16.2,2,2.2,Moderate Debt,35-44
Female,Corporate 9-to-5,Morning Lark,14,TikTok / Reels,83,0,0,38,14.8,7.83,18.1,17.0,1,1.3,Optimal Recovery,35-44
Male,Corporate 9-to-5,Night Owl,40,Streaming (Netflix/Hulu),76,0,0,57,31.8,6.23,23.6,20.2,3,2.5,Moderate Debt,55+
Male,Corporate 9-to-5,Night Owl,112,TikTok / Reels,42,1,0,4,54.3,5.79,24.2,20.3,4,4.6,Moderate Debt,<25
Female,Corporate 9-to-5,Intermediate,69,TikTok / Reels,49,0,0,19,51.2,5.83,22.3,18.0,4,5.1,Moderate Debt,25-34
Male,Corporate 9-to-5,Intermediate,14,Instagram / Reddit,61,0,24,33,17.0,8.79,21.6,15.9,0,1.0,Optimal Recovery,55+
Male,Student,Intermediate,31,News / Reading,39,0,0,74,15.8,7.18,25.7,25.1,1,1.0,Mild Deficit,55+
Female,Corporate 9-to-5,Intermediate,30,YouTube,35,0,195,28,44.9,6.65,19.0,18.3,3,3.9,Moderate Debt,35-44
Female,Freelance / Creative,Intermediate,136,Messaging / Chat,70,0,0,19,67.5,4.41,16.4,22.3,5,7.7,Moderate Debt,35-44
Female,Remote Tech,Intermediate,76,YouTube,74,0,49,55,45.0,5.94,19.7,16.2,3,5.2,Moderate Debt,<25
Female,Remote Tech,Night Owl,113,TikTok / Reels,35,1,0,42,65.3,4.3,20.4,14.3,6,8.9,Severe Sleep Debt,25-34
Male,Remote Tech,Morning Lark,11,TikTok / Reels,62,1,0,17,20.5,8.47,23.6,15.9,0,1.0,Optimal Recovery,25-34
Male,Student,Night Owl,50,YouTube,62,1,0,54,40.1,4.73,23.5,18.7,4,5.2,Moderate Debt,<25
Female,Remote Tech,Intermediate,30,TikTok / Reels,33,1,0,51,24.1,6.98,27.7,22.5,2,1.7,Mild Deficit,45-54
Female,Corporate 9-to-5,Intermediate,34,YouTube,61,0,0,15,18.0,7.84,19.8,18.2,0,1.0,Optimal Recovery,<25
Male,Healthcare / Shift Worker,Night Owl,41,Instagram / Reddit,65,0,38,74,45.0,3.39,25.5,18.7,6,8.0,Moderate Debt,25-34
Female,Remote Tech,Night Owl,45,Streaming (Netflix/Hulu),66,1,53,39,33.8,6.14,20.4,23.5,3,3.2,Moderate Debt,55+
Female,Corporate 9-to-5,Night Owl,40,TikTok / Reels,49,1,0,13,26.0,6.03,16.9,18.6,1,2.5,Moderate Debt,<25
Female,Remote Tech,Night Owl,18,Streaming (Netflix/Hulu),61,1,60,74,21.0,5.57,26.5,18.1,3,3.2,Moderate Debt,55+
Male,Student,Night Owl,138,TikTok / Reels,58,1,0,58,84.3,3.99,20.4,19.4,7,10.0,Severe Sleep Debt,55+
Male,Corporate 9-to-5,Intermediate,56,Streaming (Netflix/Hulu),56,0,94,33,40.6,7.58,17.4,20.7,2,3.7,Mild Deficit,25-34
Male,Healthcare / Shift Worker,Night Owl,165,TikTok / Reels,72,0,0,52,123.3,3.2,14.2,15.8,7,10.0,Severe Sleep Debt,<25
Female,Student,Night Owl,108,Instagram / Reddit,35,1,0,23,55.7,4.04,27.3,18.7,5,6.7,Moderate Debt,25-34
